gender,age,senior_citizen,married,dependents,number_of_dependents,referred_a_friend,number_of_referrals,offer,phone_service,avg_monthly_long_distance_charges,multiple_lines,internet_service,avg_monthly_gb_download,online_security,online_backup,device_protection_plan,premium_tech_support,streaming_tv,streaming_movies,streaming_music,unlimited_data,contract,paperless_billing,payment_method,satisfaction_score,churn_label,tenure_in_months
Male,78,Yes,No,No,0,No,0,None,No,0,No,Yes,8,No,No,Yes,No,No,Yes,No,No,Month-to-Month,Yes,Bank Withdrawal,3,Yes,1
Female,74,Yes,Yes,Yes,1,Yes,1,Offer E,Yes,48.85,Yes,Yes,17,No,Yes,No,No,No,No,No,Yes,Month-to-Month,Yes,Credit Card,3,Yes,8
Male,71,Yes,No,Yes,3,No,0,Offer D,Yes,11.33,Yes,Yes,52,No,No,No,No,Yes,Yes,Yes,Yes,Month-to-Month,Yes,Bank Withdrawal,2,Yes,18
Female,78,Yes,Yes,Yes,1,Yes,1,Offer C,Yes,19.76,No,Yes,12,No,Yes,Yes,No,Yes,Yes,No,Yes,Month-to-Month,Yes,Bank Withdrawal,2,Yes,25
Female,80,Yes,Yes,Yes,1,Yes,1,Offer C,Yes,6.33,Yes,Yes,14,No,No,No,No,No,No,No,Yes,Month-to-Month,Yes,Bank Withdrawal,2,Yes,37
Female,72,Yes,No,Yes,1,No,0,Offer C,Yes,3.33,Yes,Yes,18,No,No,Yes,No,No,No,No,No,Month-to-Month,Yes,Bank Withdrawal,1,Yes,27
Female,76,Yes,Yes,Yes,2,Yes,1,Offer E,Yes,15.28,No,Yes,30,No,No,No,No,No,No,No,Yes,Month-to-Month,Yes,Mailed Check,2,Yes,1
Male,66,Yes,Yes,No,0,Yes,6,Offer B,No,0,No,Yes,24,No,Yes,Yes,No,No,Yes,No,Yes,Month-to-Month,Yes,Bank Withdrawal,1,Yes,58
Female,70,Yes,No,Yes,2,No,0,Offer D,Yes,44.07,Yes,Yes,19,No,No,No,No,No,No,No,Yes,Month-to-Month,Yes,Mailed Check,2,Yes,15
Female,77,Yes,No,Yes,2,No,0,Offer E,Yes,26.95,No,Yes,18,Yes,No,No,No,No,No,No,No,Month-to-Month,No,Bank Withdrawal,2,Yes,7
Female,78,Yes,No,Yes,1,No,0,Offer D,Yes,11.59,No,Yes,29,No,Yes,No,No,Yes,Yes,No,No,Month-to-Month,Yes,Bank Withdrawal,1,Yes,11
Male,65,Yes,No,No,0,No,0,Offer D,Yes,29.11,No,Yes,29,No,Yes,No,No,No,No,No,Yes,Month-to-Month,Yes,Bank Withdrawal,1,Yes,15
Male,77,Yes,Yes,No,0,Yes,1,Offer E,No,0,No,Yes,12,No,Yes,No,No,Yes,No,No,Yes,Month-to-Month,No,Bank Withdrawal,2,Yes,1
Male,67,Yes,No,No,0,No,0,Offer E,No,0,No,Yes,28,No,No,Yes,No,No,Yes,Yes,Yes,Month-to-Month,Yes,Bank Withdrawal,2,Yes,3
Male,68,Yes,No,No,0,No,0,Offer D,Yes,32.68,Yes,Yes,11,No,Yes,Yes,No,Yes,Yes,No,No,Month-to-Month,Yes,Bank Withdrawal,1,Yes,13
Female,68,Yes,No,No,0,No,0,Offer D,Yes,9.43,No,Yes,9,No,No,No,Yes,Yes,Yes,Yes,Yes,Month-to-Month,Yes,Bank Withdrawal,1,Yes,16
Male,66,Yes,No,No,0,No,0,None,Yes,1.78,No,Yes,7,No,Yes,No,No,No,No,No,Yes,Month-to-Month,Yes,Bank Withdrawal,2,Yes,8
Male,69,Yes,No,No,0,No,0,Offer C,Yes,30.87,Yes,Yes,15,No,No,No,No,No,No,No,Yes,Month-to-Month,Yes,Bank Withdrawal,2,Yes,24
Female,74,Yes,No,No,0,No,0,Offer E,Yes,31.61,Yes,Yes,2,No,No,No,No,Yes,Yes,No,Yes,Month-to-Month,Yes,Bank Withdrawal,3,Yes,4
Male,76,Yes,Yes,No,0,Yes,2,Offer C,Yes,47.34,Yes,Yes,10,No,No,No,No,No,No,No,Yes,Month-to-Month,Yes,Bank Withdrawal,2,Yes,32
Male,77,Yes,Yes,No,0,Yes,1,Offer C,Yes,16.1,No,Yes,12,No,No,Yes,No,Yes,Yes,Yes,Yes,Month-to-Month,Yes,Bank Withdrawal,2,Yes,24
Female,70,Yes,No,No,0,No,0,Offer B,Yes,12.08,Yes,Yes,5,Yes,Yes,No,Yes,Yes,Yes,Yes,Yes,One Year,No,Bank Withdrawal,1,Yes,54
Female,74,Yes,No,No,0,No,0,Offer E,Yes,13.17,No,Yes,10,No,No,No,No,No,No,No,Yes,Month-to-Month,Yes,Bank Withdrawal,3,Yes,2
Female,77,Yes,No,No,0,No,0,None,No,0,No,Yes,8,Yes,No,No,No,Yes,No,No,Yes,Month-to-Month,Yes,Bank Withdrawal,1,Yes,21
Male,71,Yes,Yes,No,0,No,0,None,No,0,No,Yes,13,Yes,No,No,No,No,No,No,No,Month-to-Month,No,Credit Card,1,Yes,27
Male,79,Yes,Yes,No,0,Yes,1,None,Yes,29.54,No,No,0,No,No,No,No,No,No,No,No,Month-to-Month,No,Mailed Check,1,Yes,11
Female,66,Yes,Yes,No,0,Yes,2,Offer B,Yes,42.82,Yes,Yes,27,No,Yes,Yes,No,No,No,No,No,Month-to-Month,Yes,Bank Withdrawal,1,Yes,55
Male,77,Yes,No,No,0,No,0,Offer E,Yes,9.22,Yes,Yes,14,No,Yes,No,No,No,No,No,Yes,Month-to-Month,Yes,Bank Withdrawal,1,Yes,3
Female,80,Yes,No,No,0,No,0,Offer E,Yes,35.09,No,Yes,17,No,No,Yes,No,No,No,No,No,Month-to-Month,Yes,Bank Withdrawal,2,Yes,1
Female,77,Yes,No,No,0,No,0,Offer E,No,0,No,Yes,26,No,Yes,No,No,No,No,No,Yes,Month-to-Month,No,Bank Withdrawal,2,Yes,5
Female,77,Yes,No,No,0,No,0,None,Yes,48.73,Yes,Yes,12,No,Yes,Yes,No,No,Yes,No,No,Month-to-Month,Yes,Bank Withdrawal,1,Yes,20
Female,72,Yes,Yes,No,0,Yes,4,Offer E,Yes,45.76,Yes,Yes,22,No,No,No,No,No,No,No,Yes,Month-to-Month,Yes,Bank Withdrawal,1,Yes,5
Female,80,Yes,Yes,No,0,Yes,2,None,Yes,7.02,No,Yes,25,Yes,No,No,No,No,No,No,Yes,Month-to-Month,Yes,Bank Withdrawal,1,Yes,27
Female,74,Yes,No,No,0,No,0,None,Yes,48.35,Yes,Yes,24,No,No,Yes,No,Yes,No,No,Yes,Month-to-Month,Yes,Bank Withdrawal,1,Yes,4
Female,68,Yes,No,No,0,No,0,None,Yes,45.81,Yes,Yes,21,No,No,No,No,Yes,No,No,Yes,Month-to-Month,Yes,Bank Withdrawal,1,Yes,1
Female,78,Yes,Yes,No,0,Yes,3,Offer B,Yes,18.39,Yes,Yes,28,Yes,No,Yes,No,Yes,Yes,No,Yes,Month-to-Month,No,Bank Withdrawal,1,Yes,65
Male,75,Yes,Yes,No,0,Yes,3,Offer B,Yes,22.92,Yes,Yes,14,No,Yes,No,No,No,Yes,No,Yes,Month-to-Month,No,Credit Card,2,Yes,49
Male,77,Yes,Yes,No,0,Yes,1,Offer B,Yes,14.52,Yes,Yes,5,No,Yes,Yes,Yes,Yes,Yes,No,Yes,Month-to-Month,Yes,Bank Withdrawal,2,Yes,43
Male,80,Yes,Yes,No,0,No,0,Offer B,Yes,48.8,Yes,Yes,12,Yes,No,Yes,No,Yes,Yes,No,Yes,One Year,Yes,Bank Withdrawal,1,Yes,56
Male,75,Yes,Yes,No,0,Yes,7,None,Yes,5.31,Yes,Yes,10,No,No,No,No,Yes,Yes,Yes,Yes,Month-to-Month,Yes,Bank Withdrawal,1,Yes,20
Female,69,Yes,No,No,0,No,0,None,Yes,47.47,Yes,Yes,19,No,Yes,No,No,No,Yes,Yes,Yes,Month-to-Month,No,Bank Withdrawal,2,Yes,2
Female,74,Yes,No,No,0,No,0,None,Yes,27.95,No,No,0,No,No,No,No,No,No,No,No,Month-to-Month,No,Bank Withdrawal,2,Yes,8
Male,76,Yes,No,No,0,No,0,None,No,0,No,Yes,18,No,Yes,No,No,Yes,Yes,Yes,No,Month-to-Month,Yes,Bank Withdrawal,2,Yes,52
Male,69,Yes,No,No,0,No,0,None,Yes,43.99,No,Yes,27,Yes,No,No,No,No,No,No,Yes,Month-to-Month,Yes,Bank Withdrawal,2,Yes,2
Male,72,Yes,Yes,No,0,Yes,1,None,Yes,27.78,Yes,Yes,8,No,No,No,No,Yes,Yes,No,Yes,Month-to-Month,Yes,Bank Withdrawal,3,Yes,33
Female,69,Yes,No,No,0,No,0,None,Yes,45.88,Yes,Yes,19,Yes,Yes,Yes,No,No,No,No,Yes,Month-to-Month,No,Credit Card,1,Yes,30
Male,73,Yes,No,No,0,No,0,None,Yes,44.44,Yes,Yes,13,No,No,Yes,No,Yes,Yes,No,No,Month-to-Month,Yes,Bank Withdrawal,3,Yes,20
Female,65,Yes,No,No,0,No,0,None,Yes,2.37,Yes,Yes,20,Yes,Yes,Yes,No,Yes,Yes,Yes,Yes,One Year,Yes,Bank Withdrawal,1,Yes,46
Male,74,Yes,Yes,No,0,Yes,1,None,Yes,21.91,Yes,Yes,11,No,No,No,No,Yes,Yes,No,Yes,Month-to-Month,Yes,Bank Withdrawal,3,Yes,7
Female,65,Yes,No,No,0,No,0,None,Yes,36.93,No,Yes,18,No,No,No,No,Yes,No,No,Yes,Month-to-Month,Yes,Bank Withdrawal,3,Yes,4
Female,66,Yes,No,No,0,No,0,None,Yes,37.38,Yes,Yes,7,No,No,Yes,No,Yes,Yes,Yes,No,One Year,Yes,Bank Withdrawal,3,Yes,55
Male,71,Yes,Yes,No,0,Yes,1,None,Yes,5.37,No,Yes,24,No,Yes,No,No,No,No,No,Yes,Month-to-Month,Yes,Bank Withdrawal,1,Yes,20
Male,65,Yes,No,No,0,No,0,None,Yes,48.71,Yes,Yes,15,No,No,Yes,No,Yes,Yes,Yes,Yes,Month-to-Month,Yes,Bank Withdrawal,1,Yes,9
Male,69,Yes,No,No,0,No,0,None,Yes,5.46,No,Yes,24,No,Yes,No,No,No,No,No,No,Month-to-Month,Yes,Bank Withdrawal,1,Yes,10
Male,75,Yes,Yes,No,0,No,0,None,Yes,36.92,Yes,Yes,6,No,No,No,No,No,No,No,Yes,Month-to-Month,Yes,Bank Withdrawal,2,Yes,1
Female,75,Yes,No,No,0,No,0,None,Yes,41.9,Yes,Yes,11,No,Yes,No,No,No,No,No,Yes,Month-to-Month,Yes,Bank Withdrawal,1,Yes,3
Female,68,Yes,No,No,0,No,0,None,Yes,6.68,Yes,Yes,17,No,No,No,No,No,Yes,No,Yes,Month-to-Month,Yes,Bank Withdrawal,1,Yes,4
Male,71,Yes,No,No,0,No,0,None,Yes,20.83,Yes,Yes,19,No,No,Yes,No,Yes,Yes,No,No,Month-to-Month,Yes,Bank Withdrawal,1,Yes,35
Male,80,Yes,No,No,0,No,0,Offer E,Yes,26.62,No,Yes,11,No,No,No,No,No,No,No,Yes,Month-to-Month,No,Credit Card,2,Yes,2
Male,66,Yes,No,No,0,No,0,None,Yes,11.57,No,Yes,27,Yes,No,No,Yes,Yes,Yes,Yes,Yes,Month-to-Month,No,Credit Card,1,Yes,8
Male,73,Yes,Yes,No,0,Yes,2,None,No,0,No,Yes,28,No,Yes,No,No,No,No,No,Yes,Month-to-Month,Yes,Bank Withdrawal,1,Yes,44
Male,77,Yes,Yes,No,0,Yes,1,None,Yes,7.11,Yes,Yes,16,No,Yes,Yes,No,Yes,Yes,Yes,Yes,One Year,Yes,Bank Withdrawal,1,Yes,62
Female,76,Yes,Yes,No,0,Yes,1,None,Yes,33.19,Yes,Yes,15,No,Yes,No,No,No,No,No,Yes,Month-to-Month,Yes,Bank Withdrawal,2,Yes,33
Female,65,Yes,No,No,0,No,0,Offer E,Yes,49.5,Yes,Yes,23,No,No,No,No,Yes,Yes,Yes,Yes,Month-to-Month,Yes,Bank Withdrawal,2,Yes,4
Male,75,Yes,Yes,No,0,Yes,1,None,Yes,10.6,Yes,Yes,23,No,No,No,No,No,No,No,Yes,Month-to-Month,Yes,Bank Withdrawal,1,Yes,27
Male,75,Yes,No,No,0,No,0,Offer E,Yes,40.45,Yes,Yes,29,No,No,Yes,No,Yes,Yes,No,Yes,Month-to-Month,Yes,Bank Withdrawal,1,Yes,8
Female,68,Yes,Yes,No,0,Yes,1,Offer E,Yes,25.77,No,Yes,2,Yes,No,No,Yes,Yes,No,No,Yes,Month-to-Month,Yes,Mailed Check,1,Yes,3
Female,71,Yes,No,No,0,No,0,Offer E,Yes,42.93,No,Yes,9,No,No,Yes,No,Yes,Yes,No,Yes,Month-to-Month,Yes,Bank Withdrawal,1,Yes,8
Male,74,Yes,No,No,0,No,0,None,Yes,11.31,No,Yes,24,No,No,No,No,Yes,Yes,No,Yes,Month-to-Month,No,Credit Card,3,Yes,14
Male,77,Yes,No,No,0,No,0,None,No,0,No,Yes,10,No,No,Yes,Yes,No,Yes,No,Yes,Month-to-Month,Yes,Bank Withdrawal,1,Yes,12
Female,73,Yes,No,No,0,No,0,None,Yes,40.37,No,Yes,21,No,No,Yes,No,No,No,No,Yes,Month-to-Month,Yes,Bank Withdrawal,1,Yes,13
Female,68,Yes,No,No,0,No,0,None,Yes,3.96,No,Yes,27,No,No,No,No,Yes,Yes,No,Yes,Month-to-Month,No,Bank Withdrawal,2,Yes,11
Male,74,Yes,Yes,No,0,Yes,1,None,Yes,28.18,Yes,Yes,16,No,No,Yes,No,Yes,Yes,No,Yes,Month-to-Month,Yes,Credit Card,3,Yes,17
Male,65,Yes,Yes,No,0,Yes,1,None,Yes,33.25,Yes,Yes,26,No,Yes,Yes,No,Yes,Yes,Yes,Yes,Month-to-Month,Yes,Bank Withdrawal,3,Yes,39
Female,73,Yes,Yes,No,0,Yes,5,None,Yes,17.25,Yes,Yes,27,No,No,Yes,Yes,Yes,Yes,No,Yes,Month-to-Month,Yes,Bank Withdrawal,3,Yes,11
Female,74,Yes,Yes,No,0,Yes,1,Offer E,Yes,3.29,No,Yes,9,No,No,No,No,Yes,No,No,Yes,Month-to-Month,Yes,Bank Withdrawal,2,Yes,3
Male,80,Yes,No,No,0,No,0,None,Yes,34.62,No,Yes,14,No,No,Yes,No,Yes,No,No,Yes,Month-to-Month,Yes,Bank Withdrawal,1,Yes,21
Female,76,Yes,No,No,0,No,0,None,Yes,38.75,Yes,Yes,16,No,No,No,No,Yes,Yes,No,Yes,Month-to-Month,Yes,Bank Withdrawal,2,Yes,16
Female,73,Yes,No,No,0,No,0,None,Yes,6.13,No,Yes,30,No,Yes,No,No,Yes,Yes,No,Yes,One Year,No,Credit Card,2,Yes,46
Female,70,Yes,Yes,No,0,Yes,1,Offer A,Yes,24.13,Yes,Yes,24,No,Yes,No,No,No,Yes,No,Yes,Month-to-Month,Yes,Bank Withdrawal,1,Yes,68
Male,75,Yes,Yes,No,0,Yes,1,Offer E,Yes,13.63,No,Yes,27,No,No,No,No,Yes,Yes,No,Yes,Month-to-Month,Yes,Bank Withdrawal,2,Yes,7
Male,74,Yes,Yes,No,0,Yes,1,None,Yes,45.25,Yes,Yes,22,No,No,No,No,No,Yes,No,Yes,Month-to-Month,Yes,Bank Withdrawal,1,Yes,15
Male,76,Yes,No,No,0,No,0,None,Yes,19.18,Yes,Yes,22,No,No,No,No,Yes,No,No,Yes,Month-to-Month,Yes,Bank Withdrawal,3,Yes,16
Female,75,Yes,No,No,0,No,0,Offer E,Yes,29.68,No,Yes,18,No,No,No,No,No,No,No,Yes,Month-to-Month,Yes,Bank Withdrawal,2,Yes,1
Female,74,Yes,No,No,0,No,0,None,No,0,No,Yes,5,No,No,No,No,No,No,No,Yes,Month-to-Month,Yes,Bank Withdrawal,1,Yes,1
Female,73,Yes,No,No,0,No,0,None,Yes,19.03,Yes,Yes,24,No,No,No,No,Yes,Yes,Yes,Yes,Month-to-Month,Yes,Bank Withdrawal,1,Yes,13
Female,69,Yes,No,No,0,No,0,None,Yes,20.06,No,Yes,24,No,No,No,No,Yes,No,No,Yes,Month-to-Month,Yes,Bank Withdrawal,3,Yes,1
Female,75,Yes,Yes,No,0,Yes,1,None,Yes,2.88,Yes,Yes,4,No,Yes,Yes,No,No,Yes,No,Yes,Month-to-Month,Yes,Bank Withdrawal,1,Yes,34
Female,65,Yes,No,No,0,No,0,None,Yes,12.68,No,Yes,10,No,Yes,Yes,No,Yes,Yes,Yes,Yes,Month-to-Month,Yes,Credit Card,1,Yes,4
Female,77,Yes,No,No,0,No,0,None,Yes,19.27,Yes,Yes,18,No,No,No,No,Yes,Yes,No,Yes,Month-to-Month,Yes,Bank Withdrawal,3,Yes,2
Male,67,Yes,No,No,0,No,0,None,Yes,30.8,Yes,Yes,18,No,No,No,No,No,Yes,No,Yes,Month-to-Month,Yes,Credit Card,2,Yes,9
Female,78,Yes,No,No,0,No,0,None,Yes,42.33,No,Yes,9,No,No,Yes,No,No,No,No,Yes,Month-to-Month,Yes,Credit Card,1,Yes,5
Male,65,Yes,No,No,0,No,0,Offer D,Yes,40.18,Yes,Yes,8,No,No,No,No,Yes,Yes,Yes,No,Month-to-Month,Yes,Bank Withdrawal,1,Yes,22
Male,74,Yes,No,No,0,No,0,Offer D,Yes,39.97,Yes,Yes,9,No,Yes,No,No,Yes,No,No,Yes,Month-to-Month,Yes,Bank Withdrawal,1,Yes,19
Male,70,Yes,No,No,0,No,0,Offer D,Yes,46.38,Yes,Yes,19,No,No,No,No,No,No,No,Yes,Month-to-Month,No,Bank Withdrawal,3,Yes,15
Male,69,Yes,No,No,0,No,0,None,Yes,11.34,Yes,Yes,20,No,No,No,No,No,No,No,Yes,Month-to-Month,Yes,Bank Withdrawal,1,Yes,1
Female,76,Yes,No,No,0,No,0,None,No,0,No,Yes,26,No,No,No,No,No,No,No,No,Month-to-Month,Yes,Mailed Check,1,Yes,1
Male,71,Yes,No,No,0,No,0,Offer D,Yes,41.37,Yes,Yes,14,No,No,No,No,Yes,Yes,No,Yes,Month-to-Month,Yes,Bank Withdrawal,1,Yes,10
Female,76,Yes,No,No,0,No,0,None,Yes,30.14,No,Yes,6,No,No,No,No,No,No,No,No,Month-to-Month,No,Bank Withdrawal,3,Yes,3
Male,77,Yes,Yes,No,0,Yes,1,Offer D,Yes,6.97,No,Yes,19,No,No,No,No,No,Yes,No,Yes,Month-to-Month,Yes,Bank Withdrawal,2,Yes,12
Male,74,Yes,No,No,0,No,0,None,Yes,6.51,No,Yes,11,No,Yes,No,No,No,No,No,Yes,Month-to-Month,Yes,Bank Withdrawal,2,Yes,2
Male,77,Yes,No,No,0,No,0,None,Yes,49.6,Yes,Yes,20,No,No,Yes,No,Yes,No,No,No,Month-to-Month,Yes,Bank Withdrawal,1,Yes,1
Male,76,Yes,Yes,No,0,Yes,1,Offer D,Yes,1.47,No,Yes,5,No,Yes,No,Yes,No,Yes,No,Yes,Month-to-Month,Yes,Bank Withdrawal,1,Yes,13
Female,77,Yes,No,No,0,No,0,Offer D,Yes,31.17,No,Yes,23,No,Yes,No,No,Yes,Yes,No,Yes,Month-to-Month,Yes,Bank Withdrawal,2,Yes,23
Female,80,Yes,Yes,No,0,Yes,1,Offer D,Yes,36.82,Yes,Yes,6,Yes,No,Yes,No,No,No,No,Yes,Month-to-Month,Yes,Bank Withdrawal,1,Yes,17
Male,68,Yes,No,No,0,No,0,None,Yes,40.93,No,Yes,2,No,No,No,No,No,No,No,Yes,Month-to-Month,Yes,Bank Withdrawal,1,Yes,17
Female,79,Yes,No,No,0,No,0,None,Yes,9.53,Yes,Yes,17,No,No,No,No,Yes,No,No,Yes,Month-to-Month,Yes,Bank Withdrawal,2,Yes,42
Male,65,Yes,No,No,0,No,0,None,Yes,42.3,No,Yes,16,No,No,No,No,Yes,No,No,Yes,Month-to-Month,Yes,Bank Withdrawal,3,Yes,1
Male,68,Yes,No,No,0,No,0,Offer E,Yes,39.78,No,Yes,12,No,No,Yes,No,No,No,No,Yes,Month-to-Month,Yes,Mailed Check,2,Yes,1
Female,72,Yes,No,No,0,No,0,Offer E,Yes,34.51,No,Yes,15,No,No,No,No,No,No,No,Yes,Month-to-Month,Yes,Bank Withdrawal,1,Yes,1
Female,66,Yes,No,No,0,No,0,None,Yes,27.95,Yes,Yes,23,Yes,Yes,Yes,No,Yes,Yes,Yes,Yes,Month-to-Month,Yes,Bank Withdrawal,1,Yes,41
Male,68,Yes,No,No,0,No,0,None,Yes,26.11,No,Yes,4,No,No,No,No,Yes,Yes,Yes,No,Month-to-Month,Yes,Bank Withdrawal,1,Yes,13
Male,69,Yes,Yes,No,0,Yes,1,None,Yes,5.99,Yes,Yes,23,No,No,No,No,No,Yes,Yes,Yes,Month-to-Month,Yes,Bank Withdrawal,1,Yes,32
Male,76,Yes,Yes,No,0,Yes,1,None,Yes,49.6,Yes,Yes,10,No,No,No,No,No,Yes,Yes,Yes,Month-to-Month,No,Bank Withdrawal,1,Yes,32
Male,70,Yes,Yes,No,0,Yes,1,None,No,0,No,Yes,3,No,No,No,No,Yes,Yes,Yes,Yes,Month-to-Month,Yes,Bank Withdrawal,2,Yes,57
Male,71,Yes,No,No,0,No,0,Offer E,Yes,15.28,No,Yes,14,No,No,No,No,No,No,No,Yes,Month-to-Month,No,Bank Withdrawal,2,Yes,1
Male,75,Yes,No,No,0,No,0,Offer E,No,0,No,Yes,26,No,Yes,Yes,No,No,Yes,No,Yes,Month-to-Month,Yes,Bank Withdrawal,3,Yes,1
Female,67,Yes,No,No,0,No,0,None,Yes,26.1,No,Yes,27,Yes,Yes,No,No,No,No,No,Yes,Month-to-Month,Yes,Credit Card,1,Yes,38
Female,65,Yes,Yes,No,0,Yes,1,None,Yes,15.98,Yes,Yes,22,Yes,Yes,No,Yes,Yes,No,No,Yes,Month-to-Month,Yes,Bank Withdrawal,1,Yes,35
Female,80,Yes,No,No,0,No,0,Offer E,Yes,15.24,No,Yes,14,No,No,No,No,No,No,No,Yes,Month-to-Month,No,Credit Card,1,Yes,1
Male,71,Yes,Yes,No,0,Yes,1,None,Yes,4.65,No,Yes,29,No,Yes,No,No,No,No,No,Yes,Month-to-Month,Yes,Bank Withdrawal,3,Yes,30
Female,70,Yes,No,No,0,No,0,Offer E,Yes,12.27,No,Yes,20,No,No,No,No,No,Yes,No,Yes,Month-to-Month,No,Bank Withdrawal,3,Yes,5
Male,73,Yes,No,No,0,No,0,Offer E,Yes,30.17,Yes,Yes,6,No,No,No,No,Yes,Yes,No,Yes,Month-to-Month,Yes,Bank Withdrawal,1,Yes,1
Male,78,Yes,Yes,No,0,Yes,1,None,Yes,49.38,Yes,Yes,19,Yes,Yes,Yes,No,Yes,Yes,No,Yes,One Year,Yes,Bank Withdrawal,1,Yes,58
Female,76,Yes,No,No,0,No,0,None,Yes,17.51,Yes,Yes,7,No,No,No,No,Yes,No,No,Yes,Month-to-Month,Yes,Bank Withdrawal,2,Yes,16
Female,73,Yes,No,No,0,No,0,Offer E,Yes,22.5,No,Yes,27,No,No,No,No,No,No,No,No,Month-to-Month,Yes,Bank Withdrawal,2,Yes,1
Female,68,Yes,Yes,No,0,Yes,1,Offer E,Yes,47.28,Yes,Yes,11,No,Yes,No,No,No,No,No,No,Month-to-Month,Yes,Bank Withdrawal,1,Yes,5
Male,79,Yes,No,No,0,No,0,None,Yes,42.27,No,Yes,7,No,No,Yes,No,Yes,Yes,No,Yes,Month-to-Month,Yes,Bank Withdrawal,1,Yes,21
Female,67,Yes,No,No,0,No,0,None,Yes,31.83,No,Yes,10,Yes,Yes,No,Yes,Yes,Yes,No,Yes,Month-to-Month,Yes,Credit Card,1,Yes,43
Female,69,Yes,Yes,No,0,Yes,1,None,Yes,33.74,Yes,Yes,6,No,No,No,No,Yes,Yes,No,Yes,Month-to-Month,Yes,Bank Withdrawal,3,Yes,32
Female,72,Yes,No,No,0,No,0,Offer E,Yes,18.2,No,Yes,13,No,No,No,No,No,No,No,Yes,Month-to-Month,Yes,Bank Withdrawal,3,Yes,1
Male,75,Yes,Yes,No,0,Yes,1,None,Yes,25.78,Yes,Yes,28,No,No,Yes,No,Yes,Yes,Yes,No,Month-to-Month,Yes,Bank Withdrawal,3,Yes,29
Male,67,Yes,Yes,No,0,Yes,1,None,Yes,31.7,Yes,Yes,6,No,No,No,No,Yes,Yes,Yes,Yes,Month-to-Month,Yes,Bank Withdrawal,1,Yes,13
Male,72,Yes,Yes,No,0,Yes,1,None,Yes,8.92,Yes,Yes,17,No,No,No,No,No,No,No,Yes,Month-to-Month,Yes,Credit Card,3,Yes,7
Female,68,Yes,No,No,0,No,0,None,Yes,21.57,Yes,Yes,28,No,No,Yes,No,No,Yes,Yes,Yes,Month-to-Month,Yes,Bank Withdrawal,1,Yes,2
Female,68,Yes,No,No,0,No,0,None,Yes,43.61,No,Yes,2,No,No,No,No,Yes,Yes,Yes,Yes,Month-to-Month,Yes,Bank Withdrawal,3,Yes,1
Male,75,Yes,Yes,No,0,Yes,1,None,Yes,16.05,No,Yes,22,No,No,No,No,No,No,No,Yes,Month-to-Month,Yes,Credit Card,2,Yes,7
Male,74,Yes,Yes,No,0,Yes,1,None,Yes,49.91,Yes,Yes,21,No,Yes,Yes,No,No,Yes,No,Yes,Month-to-Month,Yes,Bank Withdrawal,2,Yes,57
Female,78,Yes,Yes,No,0,Yes,4,None,Yes,17.35,Yes,Yes,23,No,No,Yes,No,Yes,Yes,No,Yes,Month-to-Month,Yes,Bank Withdrawal,1,Yes,1
Male,66,Yes,Yes,No,0,Yes,2,None,Yes,1.05,No,Yes,8,No,Yes,No,No,No,No,No,Yes,Month-to-Month,Yes,Bank Withdrawal,1,Yes,17
Female,73,Yes,No,No,0,No,0,None,Yes,18.38,No,Yes,20,No,No,Yes,No,Yes,No,No,Yes,Month-to-Month,Yes,Bank Withdrawal,2,Yes,3
Male,79,Yes,Yes,No,0,Yes,1,Offer A,Yes,28.86,Yes,Yes,25,No,No,Yes,No,Yes,Yes,No,Yes,Month-to-Month,Yes,Credit Card,1,Yes,66
Male,69,Yes,Yes,No,0,Yes,1,Offer A,Yes,48.88,Yes,Yes,4,No,Yes,Yes,Yes,Yes,Yes,No,Yes,Two Year,Yes,Bank Withdrawal,3,Yes,69
Female,65,Yes,Yes,No,0,Yes,2,None,Yes,44.13,Yes,Yes,3,No,No,Yes,Yes,No,No,No,No,Month-to-Month,Yes,Bank Withdrawal,3,Yes,15
Female,68,Yes,No,No,0,No,0,None,Yes,34.58,Yes,Yes,4,No,Yes,Yes,No,Yes,Yes,No,Yes,One Year,Yes,Bank Withdrawal,3,Yes,56
Female,79,Yes,No,No,0,No,0,None,Yes,21.15,Yes,Yes,9,No,No,No,No,Yes,Yes,No,Yes,Month-to-Month,Yes,Bank Withdrawal,2,Yes,21
Female,80,Yes,No,No,0,No,0,None,Yes,47.97,No,Yes,8,No,No,No,No,No,No,No,Yes,Month-to-Month,Yes,Bank Withdrawal,2,Yes,1
Male,77,Yes,Yes,No,0,Yes,3,None,Yes,7.92,Yes,Yes,3,No,Yes,Yes,No,Yes,Yes,No,Yes,Month-to-Month,No,Bank Withdrawal,2,Yes,32
Female,65,Yes,Yes,No,0,Yes,1,None,Yes,49.5,Yes,Yes,20,No,No,No,No,Yes,Yes,Yes,Yes,Month-to-Month,Yes,Credit Card,1,Yes,40
Male,66,Yes,No,No,0,No,0,None,No,0,No,Yes,6,No,No,No,No,No,No,No,Yes,Month-to-Month,Yes,Credit Card,3,Yes,2
Male,75,Yes,No,No,0,No,0,None,Yes,39.51,Yes,Yes,13,No,No,No,No,Yes,No,No,No,Month-to-Month,Yes,Bank Withdrawal,3,Yes,7
Female,74,Yes,No,No,0,No,0,None,Yes,39.36,Yes,Yes,4,No,Yes,No,No,Yes,Yes,No,Yes,Month-to-Month,Yes,Bank Withdrawal,3,Yes,31
Female,80,Yes,No,No,0,No,0,None,Yes,29.96,Yes,Yes,7,No,Yes,Yes,No,Yes,Yes,No,Yes,Month-to-Month,Yes,Bank Withdrawal,1,Yes,14
Male,74,Yes,No,No,0,No,0,None,Yes,23.53,Yes,Yes,9,No,No,No,No,No,No,No,Yes,Month-to-Month,Yes,Credit Card,1,Yes,15
Male,70,Yes,Yes,No,0,No,0,None,Yes,10.78,Yes,Yes,15,No,No,No,No,Yes,Yes,No,Yes,Month-to-Month,Yes,Bank Withdrawal,2,Yes,59
Male,76,Yes,Yes,No,0,Yes,3,None,Yes,49.11,Yes,Yes,17,Yes,Yes,Yes,No,Yes,No,No,Yes,Month-to-Month,Yes,Bank Withdrawal,1,Yes,46
Female,72,Yes,No,No,0,No,0,None,Yes,36.36,Yes,Yes,6,No,Yes,No,No,No,Yes,No,Yes,Month-to-Month,Yes,Bank Withdrawal,3,Yes,25
Female,66,Yes,No,No,0,No,0,None,Yes,32.11,Yes,Yes,14,No,No,No,No,Yes,Yes,No,Yes,Month-to-Month,Yes,Bank Withdrawal,3,Yes,16
Male,75,Yes,No,No,0,No,0,None,Yes,41.2,No,Yes,15,No,No,No,No,No,No,No,No,Month-to-Month,Yes,Bank Withdrawal,2,Yes,1
Male,65,Yes,Yes,No,0,Yes,1,None,Yes,24.54,Yes,Yes,5,No,No,No,No,No,Yes,Yes,Yes,Month-to-Month,Yes,Credit Card,2,Yes,36
Male,79,Yes,No,No,0,No,0,None,Yes,10.67,No,Yes,17,Yes,No,Yes,No,No,Yes,No,Yes,One Year,No,Credit Card,1,Yes,45
Male,73,Yes,No,No,0,No,0,Offer C,Yes,46.34,Yes,Yes,22,No,Yes,Yes,No,Yes,Yes,No,Yes,Month-to-Month,No,Credit Card,2,Yes,25
Male,79,Yes,No,No,0,No,0,Offer C,Yes,41.93,Yes,Yes,23,No,No,No,No,Yes,Yes,No,No,Month-to-Month,Yes,Bank Withdrawal,1,Yes,39
Female,70,Yes,Yes,No,0,Yes,1,Offer C,Yes,47.95,No,Yes,21,No,No,Yes,Yes,Yes,Yes,No,Yes,Month-to-Month,Yes,Bank Withdrawal,2,Yes,31
Male,71,Yes,No,No,0,No,0,None,Yes,30.25,Yes,Yes,28,No,No,No,No,No,No,No,Yes,Month-to-Month,Yes,Bank Withdrawal,1,Yes,3
Male,69,Yes,No,No,0,No,0,None,Yes,33.84,No,Yes,5,No,No,No,No,No,No,No,Yes,Month-to-Month,Yes,Bank Withdrawal,1,Yes,1
Female,70,Yes,No,No,0,No,0,Offer C,Yes,17.24,Yes,Yes,25,No,Yes,Yes,Yes,Yes,Yes,Yes,No,Month-to-Month,Yes,Bank Withdrawal,1,Yes,33
Male,71,Yes,Yes,No,0,Yes,1,None,Yes,42.92,Yes,Yes,2,No,No,Yes,No,Yes,Yes,Yes,Yes,Month-to-Month,Yes,Bank Withdrawal,2,Yes,7
Male,67,Yes,No,No,0,No,0,None,Yes,16.78,Yes,Yes,15,No,No,Yes,No,No,No,No,Yes,Month-to-Month,Yes,Bank Withdrawal,3,Yes,19
Male,67,Yes,Yes,No,0,Yes,2,None,Yes,26.99,No,Yes,2,No,No,No,No,Yes,No,No,Yes,Month-to-Month,Yes,Credit Card,1,Yes,8
Female,69,Yes,No,No,0,No,0,Offer D,Yes,7.22,Yes,Yes,28,Yes,No,No,No,Yes,Yes,No,Yes,Month-to-Month,Yes,Bank Withdrawal,1,Yes,13
Male,75,Yes,No,No,0,No,0,Offer D,Yes,7.51,No,Yes,18,No,No,No,No,No,Yes,No,Yes,Month-to-Month,Yes,Bank Withdrawal,1,Yes,10
Male,67,Yes,No,No,0,No,0,None,Yes,45.72,No,Yes,6,No,No,No,No,Yes,Yes,No,Yes,Month-to-Month,Yes,Bank Withdrawal,2,Yes,5
Male,66,Yes,Yes,No,0,No,0,None,Yes,38.78,Yes,Yes,23,No,No,No,No,Yes,No,No,Yes,Month-to-Month,Yes,Bank Withdrawal,1,Yes,1
Female,67,Yes,No,No,0,No,0,Offer D,No,0,No,Yes,4,No,No,No,No,No,Yes,No,Yes,Month-to-Month,Yes,Bank Withdrawal,1,Yes,10
Male,71,Yes,Yes,No,0,Yes,1,None,Yes,21.67,Yes,Yes,6,Yes,No,No,Yes,No,No,No,No,One Year,Yes,Bank Withdrawal,1,Yes,53
Male,74,Yes,Yes,No,0,Yes,1,Offer D,Yes,26.12,No,Yes,8,No,Yes,No,No,No,No,No,Yes,Month-to-Month,Yes,Credit Card,1,Yes,16
Female,70,Yes,No,No,0,No,0,None,Yes,17.56,Yes,Yes,27,No,No,No,No,No,No,No,Yes,Month-to-Month,Yes,Bank Withdrawal,1,Yes,9
Male,76,Yes,Yes,No,0,Yes,1,Offer C,Yes,43.51,Yes,Yes,22,No,No,Yes,Yes,Yes,Yes,No,Yes,Month-to-Month,Yes,Bank Withdrawal,1,Yes,32
Male,67,Yes,Yes,No,0,Yes,1,None,Yes,17.36,Yes,Yes,29,No,No,No,No,No,No,No,No,Month-to-Month,Yes,Bank Withdrawal,3,Yes,1
Male,80,Yes,No,No,0,No,0,None,Yes,14.89,No,Yes,20,No,No,No,No,No,No,No,Yes,Month-to-Month,Yes,Bank Withdrawal,1,Yes,8
Female,67,Yes,Yes,No,0,Yes,1,Offer D,Yes,30.63,Yes,Yes,27,No,Yes,Yes,No,Yes,No,No,Yes,Month-to-Month,Yes,Bank Withdrawal,3,Yes,12
Female,68,Yes,Yes,No,0,Yes,1,None,Yes,18.91,Yes,Yes,20,Yes,No,No,No,Yes,Yes,No,Yes,Month-to-Month,Yes,Bank Withdrawal,1,Yes,4
Male,69,Yes,Yes,No,0,Yes,1,None,Yes,17.45,Yes,Yes,20,No,Yes,Yes,No,Yes,Yes,No,Yes,Month-to-Month,Yes,Bank Withdrawal,1,Yes,70
Female,80,Yes,No,No,0,No,0,None,Yes,28.64,No,Yes,5,No,No,No,No,No,No,No,Yes,Month-to-Month,Yes,Bank Withdrawal,3,Yes,1
Female,73,Yes,Yes,No,0,Yes,1,None,Yes,26.95,No,Yes,26,No,No,No,No,No,No,No,Yes,Month-to-Month,No,Bank Withdrawal,3,Yes,47
Female,73,Yes,Yes,No,0,Yes,1,None,Yes,37.3,No,Yes,8,No,No,No,No,No,No,No,Yes,Month-to-Month,Yes,Bank Withdrawal,1,Yes,1
Male,65,Yes,No,No,0,No,0,Offer D,Yes,28.63,No,Yes,7,No,Yes,Yes,Yes,No,No,No,No,Month-to-Month,Yes,Credit Card,1,Yes,12
Male,73,Yes,No,No,0,No,0,None,No,0,No,Yes,25,No,Yes,Yes,No,Yes,Yes,No,Yes,Month-to-Month,Yes,Bank Withdrawal,2,Yes,53
Male,78,Yes,Yes,No,0,No,0,None,Yes,22.56,Yes,Yes,15,No,No,Yes,No,Yes,Yes,No,Yes,Month-to-Month,Yes,Bank Withdrawal,1,Yes,41
Male,68,Yes,No,No,0,No,0,None,Yes,2.27,No,Yes,17,No,No,No,No,No,No,No,Yes,Month-to-Month,Yes,Credit Card,2,Yes,5
Male,65,Yes,Yes,No,0,Yes,1,None,Yes,16.34,Yes,Yes,4,No,Yes,No,No,Yes,No,No,No,Month-to-Month,Yes,Bank Withdrawal,1,Yes,69
Male,67,Yes,No,No,0,No,0,Offer D,Yes,16.32,Yes,Yes,11,No,No,No,No,No,No,No,Yes,Month-to-Month,Yes,Bank Withdrawal,3,Yes,14
Female,70,Yes,No,No,0,No,0,Offer C,Yes,33.22,No,Yes,9,No,Yes,No,No,No,No,No,Yes,Month-to-Month,Yes,Bank Withdrawal,1,Yes,32
Female,69,Yes,Yes,No,0,Yes,1,None,Yes,4.6,No,Yes,24,No,No,No,No,No,No,No,Yes,Month-to-Month,Yes,Bank Withdrawal,3,Yes,50
Female,73,Yes,No,No,0,No,0,None,No,0,No,Yes,13,No,No,Yes,No,No,No,No,Yes,Month-to-Month,Yes,Bank Withdrawal,1,Yes,2
Male,74,Yes,No,No,0,No,0,None,Yes,17.62,Yes,Yes,29,No,Yes,Yes,No,Yes,Yes,No,Yes,Month-to-Month,Yes,Bank Withdrawal,1,Yes,23
Female,78,Yes,No,No,0,No,0,Offer E,Yes,5.49,Yes,Yes,25,No,No,No,No,Yes,No,No,Yes,Month-to-Month,Yes,Bank Withdrawal,3,Yes,2
Male,77,Yes,Yes,No,0,Yes,1,Offer C,Yes,6.23,No,Yes,4,No,Yes,Yes,No,No,No,No,Yes,Month-to-Month,Yes,Credit Card,3,Yes,30
Female,70,Yes,No,No,0,No,0,None,Yes,22.92,No,No,0,No,No,No,No,No,No,No,No,Month-to-Month,Yes,Bank Withdrawal,1,Yes,1
Female,78,Yes,Yes,No,0,No,0,Offer C,Yes,48.95,Yes,Yes,9,No,No,No,No,Yes,No,No,Yes,Month-to-Month,Yes,Credit Card,3,Yes,32
Female,75,Yes,No,No,0,No,0,None,Yes,36.83,No,Yes,16,No,No,No,Yes,Yes,No,No,Yes,Month-to-Month,No,Bank Withdrawal,1,Yes,16
Female,75,Yes,No,No,0,No,0,Offer C,Yes,47.39,Yes,Yes,2,No,No,No,Yes,Yes,Yes,No,Yes,Month-to-Month,Yes,Bank Withdrawal,1,Yes,38
Male,76,Yes,No,No,0,No,0,Offer E,Yes,12.96,No,Yes,20,No,Yes,Yes,Yes,No,Yes,No,Yes,Month-to-Month,Yes,Credit Card,3,Yes,2
Male,70,Yes,Yes,No,0,Yes,1,None,Yes,9.5,No,Yes,16,No,No,No,No,No,Yes,No,Yes,Month-to-Month,No,Bank Withdrawal,2,Yes,17
Male,67,Yes,Yes,No,0,Yes,1,Offer E,No,0,No,Yes,20,No,No,No,No,Yes,No,No,Yes,Month-to-Month,Yes,Credit Card,1,Yes,3
Female,69,Yes,No,No,0,No,0,Offer E,No,0,No,Yes,21,No,No,No,No,No,No,No,Yes,Month-to-Month,No,Credit Card,1,Yes,1
Female,70,Yes,Yes,No,0,Yes,1,Offer B,No,0,No,Yes,21,No,Yes,Yes,No,Yes,Yes,No,Yes,Month-to-Month,No,Credit Card,1,Yes,43
Male,74,Yes,Yes,No,0,Yes,2,None,Yes,46.5,Yes,Yes,4,No,No,No,No,No,Yes,No,Yes,Month-to-Month,Yes,Bank Withdrawal,1,Yes,10
Female,77,Yes,No,No,0,No,0,Offer C,Yes,41.85,Yes,Yes,2,Yes,Yes,No,No,Yes,Yes,No,Yes,Month-to-Month,Yes,Bank Withdrawal,1,Yes,37
Male,66,Yes,Yes,No,0,Yes,1,None,Yes,48.5,Yes,Yes,4,No,Yes,No,No,Yes,Yes,No,Yes,Month-to-Month,Yes,Bank Withdrawal,1,Yes,12
Male,70,Yes,No,No,0,No,0,Offer C,Yes,35.1,Yes,Yes,29,No,No,No,No,Yes,Yes,No,No,Month-to-Month,Yes,Bank Withdrawal,2,Yes,35
Female,68,Yes,No,No,0,No,0,Offer E,Yes,45.8,No,Yes,10,No,No,No,No,No,No,No,Yes,Month-to-Month,Yes,Bank Withdrawal,2,Yes,1
Female,65,Yes,No,No,0,No,0,Offer E,Yes,18.37,No,Yes,13,No,No,No,No,Yes,No,No,Yes,Month-to-Month,No,Bank Withdrawal,1,Yes,1
Female,76,Yes,No,No,0,No,0,Offer E,Yes,12.91,Yes,Yes,21,No,No,No,No,No,Yes,No,Yes,Month-to-Month,Yes,Bank Withdrawal,3,Yes,9
Male,73,Yes,No,No,0,No,0,Offer C,Yes,5.75,No,Yes,30,No,Yes,Yes,Yes,Yes,No,No,Yes,One Year,Yes,Credit Card,3,Yes,38
Male,70,Yes,No,No,0,No,0,Offer B,Yes,19.49,Yes,Yes,11,No,No,Yes,No,Yes,Yes,No,Yes,Month-to-Month,Yes,Bank Withdrawal,2,Yes,51
Female,68,Yes,No,No,0,No,0,None,Yes,41.83,Yes,Yes,25,No,No,No,No,Yes,No,No,Yes,Month-to-Month,Yes,Credit Card,3,Yes,5
Female,77,Yes,No,No,0,No,0,None,Yes,23.46,Yes,Yes,25,No,No,No,No,No,No,No,Yes,Month-to-Month,Yes,Credit Card,3,Yes,2
Female,73,Yes,No,No,0,No,0,None,Yes,25.74,No,Yes,6,Yes,Yes,No,No,No,No,No,Yes,Month-to-Month,No,Credit Card,1,Yes,2
Male,71,Yes,Yes,No,0,Yes,1,None,Yes,4.89,Yes,Yes,11,No,No,No,No,Yes,Yes,No,Yes,Month-to-Month,Yes,Bank Withdrawal,1,Yes,1
Male,69,Yes,Yes,No,0,Yes,1,Offer B,Yes,7.94,Yes,Yes,6,No,Yes,No,No,Yes,Yes,No,Yes,Month-to-Month,Yes,Bank Withdrawal,1,Yes,53
Male,80,Yes,Yes,No,0,Yes,1,Offer B,Yes,22.14,Yes,Yes,30,Yes,No,Yes,No,Yes,No,No,Yes,Month-to-Month,Yes,Bank Withdrawal,1,Yes,51
Male,66,Yes,Yes,No,0,No,0,None,Yes,6.03,Yes,Yes,2,No,Yes,Yes,No,Yes,Yes,No,Yes,Two Year,Yes,Bank Withdrawal,3,Yes,72
Male,79,Yes,No,No,0,No,0,None,Yes,4.59,No,Yes,11,No,No,No,No,Yes,Yes,No,Yes,Month-to-Month,Yes,Bank Withdrawal,1,Yes,5
Male,80,Yes,No,No,0,No,0,None,Yes,28.49,Yes,Yes,18,No,No,No,No,No,No,No,Yes,Month-to-Month,Yes,Bank Withdrawal,3,Yes,1
Female,78,Yes,No,No,0,No,0,None,Yes,4.1,Yes,Yes,5,No,No,No,No,No,Yes,No,Yes,Month-to-Month,Yes,Credit Card,2,Yes,11
Female,67,Yes,Yes,No,0,Yes,1,Offer B,Yes,31.56,Yes,Yes,4,No,Yes,Yes,No,Yes,No,No,No,Month-to-Month,Yes,Bank Withdrawal,3,Yes,50
Male,73,Yes,No,No,0,No,0,None,Yes,18.69,No,Yes,28,No,No,Yes,No,No,No,No,Yes,Month-to-Month,No,Bank Withdrawal,1,Yes,5
Male,75,Yes,No,No,0,No,0,None,Yes,36.36,Yes,Yes,12,No,Yes,No,No,No,Yes,No,Yes,Month-to-Month,Yes,Bank Withdrawal,1,Yes,5
Male,67,Yes,No,No,0,No,0,None,Yes,10.66,Yes,Yes,15,No,Yes,No,No,Yes,Yes,No,Yes,Month-to-Month,Yes,Credit Card,1,Yes,9
Female,75,Yes,No,No,0,No,0,None,Yes,9.55,No,Yes,28,No,No,No,No,No,No,No,Yes,Month-to-Month,Yes,Bank Withdrawal,1,Yes,2
Male,80,Yes,Yes,No,0,Yes,2,Offer B,Yes,43.58,Yes,Yes,22,No,Yes,Yes,No,No,No,No,Yes,Month-to-Month,Yes,Bank Withdrawal,2,Yes,51
Male,72,Yes,Yes,No,0,No,0,Offer C,Yes,1.26,Yes,Yes,18,No,Yes,Yes,No,Yes,Yes,Yes,No,Month-to-Month,No,Bank Withdrawal,1,Yes,26
Female,70,Yes,Yes,No,0,Yes,1,None,No,0,No,Yes,12,No,No,Yes,No,Yes,Yes,Yes,Yes,Month-to-Month,Yes,Bank Withdrawal,2,Yes,18
Female,73,Yes,Yes,No,0,Yes,1,Offer E,Yes,24.24,No,Yes,9,Yes,No,No,No,No,No,No,Yes,Month-to-Month,Yes,Bank Withdrawal,1,Yes,1
Female,75,Yes,Yes,No,0,Yes,1,Offer E,Yes,6.86,No,Yes,20,No,Yes,No,No,No,No,No,Yes,Month-to-Month,No,Credit Card,1,Yes,2
Male,70,Yes,Yes,No,0,Yes,1,Offer C,Yes,35.38,Yes,Yes,21,No,Yes,Yes,No,No,Yes,Yes,No,Month-to-Month,Yes,Bank Withdrawal,3,Yes,29
Female,77,Yes,No,No,0,No,0,Offer E,No,0,No,Yes,15,No,No,No,No,No,No,No,Yes,Month-to-Month,No,Bank Withdrawal,2,Yes,1
Male,80,Yes,Yes,No,0,Yes,1,Offer B,Yes,5.36,Yes,Yes,22,No,No,Yes,No,Yes,Yes,No,Yes,Month-to-Month,Yes,Bank Withdrawal,1,Yes,46
Female,78,Yes,No,No,0,No,0,Offer E,Yes,24.75,No,Yes,22,No,No,No,No,No,No,No,No,Month-to-Month,Yes,Bank Withdrawal,3,Yes,1
Female,69,Yes,No,No,0,No,0,None,Yes,11.82,Yes,Yes,5,Yes,No,No,No,No,No,No,Yes,Month-to-Month,Yes,Bank Withdrawal,1,Yes,20
Male,71,Yes,Yes,No,0,Yes,1,Offer B,Yes,48.62,No,Yes,3,No,No,No,No,No,Yes,No,No,Month-to-Month,Yes,Bank Withdrawal,3,Yes,46
Male,70,Yes,No,No,0,No,0,None,Yes,25.19,Yes,Yes,14,No,No,No,No,Yes,Yes,No,Yes,Month-to-Month,Yes,Bank Withdrawal,1,Yes,2
Female,66,Yes,No,No,0,No,0,Offer E,Yes,26.22,No,Yes,22,Yes,No,Yes,No,No,No,No,Yes,Month-to-Month,Yes,Bank Withdrawal,1,Yes,1
Male,77,Yes,No,No,0,No,0,Offer B,Yes,42.06,Yes,Yes,21,No,No,Yes,No,Yes,Yes,No,Yes,Month-to-Month,Yes,Bank Withdrawal,1,Yes,41
Male,71,Yes,Yes,No,0,Yes,1,None,Yes,30.03,Yes,Yes,15,Yes,Yes,Yes,Yes,Yes,No,No,No,Two Year,No,Credit Card,1,Yes,66
Male,68,Yes,No,No,0,No,0,Offer C,Yes,39.69,Yes,Yes,25,No,No,Yes,No,Yes,Yes,No,Yes,Month-to-Month,Yes,Bank Withdrawal,3,Yes,35
Male,71,Yes,Yes,No,0,No,0,None,Yes,16.88,Yes,Yes,24,No,No,Yes,No,No,Yes,No,Yes,Month-to-Month,Yes,Bank Withdrawal,2,Yes,10
Female,79,Yes,No,No,0,No,0,Offer C,Yes,34.69,No,Yes,27,No,No,No,No,Yes,Yes,No,Yes,Month-to-Month,Yes,Bank Withdrawal,3,Yes,26
Female,80,Yes,No,No,0,No,0,None,Yes,2.36,Yes,Yes,21,No,Yes,No,Yes,No,No,No,Yes,Month-to-Month,Yes,Bank Withdrawal,1,Yes,18
Male,65,Yes,No,No,0,No,0,Offer E,Yes,28.46,No,Yes,12,No,No,No,No,No,No,No,Yes,Month-to-Month,Yes,Bank Withdrawal,2,Yes,1
Female,70,Yes,No,No,0,No,0,Offer E,Yes,48.95,Yes,Yes,23,No,No,No,No,No,No,No,Yes,Month-to-Month,Yes,Bank Withdrawal,2,Yes,1
Male,68,Yes,Yes,No,0,Yes,8,Offer B,Yes,31.25,Yes,Yes,20,No,Yes,No,No,Yes,Yes,No,No,Month-to-Month,Yes,Bank Withdrawal,1,Yes,43
Male,80,Yes,Yes,No,0,Yes,3,Offer C,Yes,33.63,Yes,Yes,25,Yes,No,No,No,No,Yes,No,Yes,One Year,Yes,Bank Withdrawal,1,Yes,25
Male,77,Yes,Yes,No,0,Yes,1,None,Yes,16.61,Yes,Yes,3,No,Yes,No,No,Yes,Yes,No,Yes,Month-to-Month,Yes,Bank Withdrawal,3,Yes,36
Male,65,Yes,Yes,No,0,Yes,1,Offer E,Yes,49.6,No,Yes,13,No,No,No,No,No,No,No,Yes,Month-to-Month,No,Credit Card,2,Yes,1
Male,66,Yes,Yes,No,0,Yes,1,Offer B,Yes,45.04,Yes,Yes,29,No,Yes,Yes,Yes,Yes,Yes,No,Yes,One Year,Yes,Bank Withdrawal,2,Yes,41
Male,70,Yes,No,No,0,No,0,None,Yes,16.19,No,Yes,12,No,No,No,No,No,No,No,Yes,Month-to-Month,No,Bank Withdrawal,3,Yes,1
Female,69,Yes,No,No,0,No,0,Offer E,Yes,43.96,Yes,Yes,14,No,No,Yes,No,No,No,No,Yes,Month-to-Month,Yes,Bank Withdrawal,2,Yes,2
Male,66,Yes,No,No,0,No,0,Offer B,Yes,32.36,Yes,Yes,2,No,No,No,No,Yes,Yes,No,Yes,Month-to-Month,Yes,Bank Withdrawal,2,Yes,49
Female,75,Yes,No,No,0,No,0,Offer E,Yes,8.91,No,Yes,27,No,No,Yes,No,No,No,No,No,Month-to-Month,No,Bank Withdrawal,1,Yes,6
Female,75,Yes,Yes,No,0,Yes,1,Offer E,Yes,21.43,Yes,Yes,12,No,No,No,No,No,Yes,No,Yes,Month-to-Month,Yes,Bank Withdrawal,1,Yes,7
Female,67,Yes,No,No,0,No,0,Offer D,Yes,29.29,Yes,Yes,15,No,No,No,No,No,Yes,Yes,Yes,Month-to-Month,Yes,Credit Card,1,Yes,20
Female,75,Yes,Yes,No,0,No,0,Offer B,Yes,33.49,Yes,Yes,8,No,Yes,No,No,Yes,Yes,Yes,Yes,One Year,Yes,Credit Card,2,Yes,54
Female,74,Yes,No,No,0,No,0,Offer E,Yes,15.32,No,Yes,21,No,No,No,No,No,No,No,Yes,Month-to-Month,Yes,Bank Withdrawal,3,Yes,2
Female,74,Yes,No,No,0,No,0,None,No,0,No,Yes,7,No,No,Yes,No,Yes,No,No,No,Month-to-Month,Yes,Bank Withdrawal,2,Yes,30
Male,67,Yes,Yes,No,0,Yes,1,Offer B,Yes,3.18,Yes,Yes,5,No,No,Yes,No,Yes,Yes,Yes,Yes,Month-to-Month,Yes,Bank Withdrawal,1,Yes,58
Female,74,Yes,Yes,No,0,Yes,1,None,Yes,21.33,Yes,Yes,24,No,Yes,No,No,Yes,Yes,Yes,Yes,Month-to-Month,Yes,Bank Withdrawal,1,Yes,68
Female,69,Yes,Yes,No,0,Yes,1,None,Yes,13.38,Yes,Yes,12,No,No,No,No,Yes,Yes,Yes,Yes,Month-to-Month,Yes,Bank Withdrawal,2,Yes,24
Male,70,Yes,Yes,No,0,Yes,1,None,Yes,39.49,Yes,Yes,7,No,Yes,Yes,No,No,Yes,Yes,Yes,Month-to-Month,Yes,Bank Withdrawal,1,Yes,27
Female,79,Yes,No,No,0,No,0,None,No,0,No,Yes,11,No,No,No,No,No,No,No,Yes,Month-to-Month,No,Bank Withdrawal,1,Yes,2
Female,76,Yes,No,No,0,No,0,None,Yes,20.98,Yes,Yes,16,No,No,No,Yes,Yes,Yes,No,Yes,Month-to-Month,No,Bank Withdrawal,1,Yes,29
Male,78,Yes,Yes,No,0,Yes,1,None,Yes,6.66,Yes,Yes,14,No,No,Yes,No,No,No,No,No,Month-to-Month,Yes,Bank Withdrawal,2,Yes,5
Female,79,Yes,No,No,0,No,0,None,Yes,28.14,Yes,Yes,10,No,No,Yes,Yes,Yes,Yes,No,Yes,Month-to-Month,Yes,Bank Withdrawal,2,Yes,28
Male,73,Yes,No,No,0,No,0,None,Yes,3.23,Yes,Yes,26,No,Yes,Yes,No,Yes,Yes,No,Yes,Month-to-Month,Yes,Credit Card,3,Yes,24
Female,74,Yes,Yes,No,0,Yes,7,Offer B,Yes,8.75,Yes,Yes,13,Yes,No,Yes,Yes,Yes,Yes,No,Yes,One Year,Yes,Credit Card,2,Yes,43
Male,73,Yes,No,No,0,No,0,None,Yes,5.57,No,Yes,24,Yes,No,Yes,No,Yes,No,No,Yes,Month-to-Month,No,Bank Withdrawal,1,Yes,2
Male,71,Yes,Yes,No,0,Yes,6,None,Yes,49.85,Yes,Yes,14,No,No,No,Yes,Yes,Yes,No,Yes,Month-to-Month,Yes,Credit Card,2,Yes,66
Female,68,Yes,Yes,No,0,Yes,1,None,Yes,27.75,Yes,Yes,11,No,No,Yes,Yes,Yes,Yes,No,Yes,One Year,Yes,Credit Card,2,Yes,66
Female,70,Yes,No,No,0,No,0,None,Yes,15.43,Yes,Yes,2,No,No,No,No,No,No,No,Yes,Month-to-Month,Yes,Bank Withdrawal,1,Yes,31
Female,66,Yes,No,No,0,No,0,None,Yes,3.3,Yes,Yes,2,No,No,No,No,Yes,Yes,No,Yes,Month-to-Month,Yes,Bank Withdrawal,2,Yes,37
Male,65,Yes,No,No,0,No,0,None,Yes,28.98,Yes,Yes,30,No,Yes,No,No,Yes,Yes,Yes,Yes,Month-to-Month,Yes,Bank Withdrawal,3,Yes,24
Male,78,Yes,No,No,0,No,0,None,Yes,43.66,No,Yes,25,No,No,No,No,No,No,No,Yes,Month-to-Month,Yes,Bank Withdrawal,2,Yes,2
Female,74,Yes,No,No,0,No,0,None,Yes,13.8,Yes,Yes,6,No,No,No,No,No,No,No,Yes,Month-to-Month,Yes,Bank Withdrawal,3,Yes,8
Male,78,Yes,Yes,No,0,Yes,1,None,Yes,17.51,Yes,Yes,21,Yes,No,No,No,No,No,No,Yes,Month-to-Month,Yes,Bank Withdrawal,1,Yes,1
Female,79,Yes,No,No,0,No,0,None,Yes,43.34,No,Yes,2,No,No,No,No,Yes,No,No,Yes,Month-to-Month,Yes,Bank Withdrawal,2,Yes,9
Female,76,Yes,No,No,0,No,0,Offer B,Yes,44.88,Yes,Yes,15,No,No,Yes,No,No,Yes,No,Yes,Month-to-Month,Yes,Credit Card,2,Yes,49
Male,67,Yes,No,No,0,No,0,None,No,0,No,Yes,9,No,No,No,No,No,No,No,Yes,Month-to-Month,Yes,Bank Withdrawal,3,Yes,1
Female,80,Yes,No,No,0,No,0,Offer D,Yes,30.37,No,Yes,28,No,Yes,Yes,No,Yes,No,No,Yes,Month-to-Month,Yes,Bank Withdrawal,1,Yes,17
Male,77,Yes,No,No,0,No,0,None,Yes,2.98,No,Yes,3,No,No,No,No,Yes,No,No,Yes,Month-to-Month,Yes,Bank Withdrawal,2,Yes,3
Female,73,Yes,No,No,0,No,0,None,Yes,43.61,Yes,Yes,8,No,Yes,No,No,Yes,Yes,No,No,Month-to-Month,Yes,Bank Withdrawal,1,Yes,30
Male,74,Yes,Yes,No,0,Yes,1,Offer B,Yes,45.84,Yes,Yes,18,Yes,No,Yes,No,No,No,No,Yes,Month-to-Month,Yes,Bank Withdrawal,1,Yes,41
Female,76,Yes,Yes,No,0,Yes,1,Offer B,Yes,2.9,No,Yes,21,Yes,No,No,No,No,No,No,Yes,Month-to-Month,Yes,Credit Card,1,Yes,42
Female,78,Yes,Yes,No,0,No,0,None,Yes,25.77,Yes,Yes,6,Yes,Yes,Yes,Yes,Yes,Yes,No,Yes,Two Year,No,Credit Card,1,Yes,72
Female,78,Yes,Yes,No,0,Yes,1,Offer D,Yes,1.28,Yes,Yes,14,No,No,Yes,No,Yes,Yes,No,Yes,Month-to-Month,Yes,Bank Withdrawal,3,Yes,11
Male,66,Yes,No,No,0,No,0,None,Yes,5.02,Yes,Yes,26,No,No,Yes,No,No,No,No,Yes,Month-to-Month,Yes,Bank Withdrawal,1,Yes,8
Female,69,Yes,No,No,0,No,0,None,Yes,22.56,Yes,Yes,2,No,No,No,No,No,No,No,Yes,Month-to-Month,No,Credit Card,1,Yes,1
Female,74,Yes,No,No,0,No,0,None,Yes,31.17,Yes,Yes,25,No,No,No,No,No,Yes,Yes,Yes,Month-to-Month,Yes,Bank Withdrawal,1,Yes,27
Female,68,Yes,No,No,0,No,0,None,Yes,16.37,Yes,Yes,7,No,No,No,No,No,Yes,Yes,Yes,Month-to-Month,Yes,Bank Withdrawal,1,Yes,1
Female,68,Yes,No,No,0,No,0,None,Yes,45.77,Yes,Yes,10,No,Yes,No,No,No,No,No,Yes,Month-to-Month,Yes,Bank Withdrawal,1,Yes,54
Female,68,Yes,No,No,0,No,0,None,Yes,26.23,Yes,Yes,29,No,No,No,No,No,No,No,Yes,Month-to-Month,Yes,Bank Withdrawal,1,Yes,4
Female,75,Yes,No,No,0,No,0,None,Yes,36.5,Yes,Yes,30,Yes,Yes,No,No,Yes,Yes,No,Yes,Month-to-Month,Yes,Credit Card,1,Yes,25
Male,73,Yes,No,No,0,No,0,None,Yes,10.04,Yes,Yes,13,No,No,No,No,No,Yes,No,Yes,Month-to-Month,Yes,Bank Withdrawal,1,Yes,9
Female,72,Yes,No,No,0,No,0,None,Yes,16.94,Yes,Yes,11,No,No,Yes,No,No,Yes,No,Yes,Month-to-Month,No,Credit Card,3,Yes,27
Female,68,Yes,Yes,No,0,Yes,1,None,Yes,33.81,Yes,Yes,29,No,No,Yes,No,Yes,Yes,No,No,Month-to-Month,Yes,Bank Withdrawal,1,Yes,56
Female,74,Yes,Yes,No,0,Yes,1,None,Yes,21.7,Yes,Yes,3,No,Yes,Yes,No,Yes,Yes,No,Yes,Two Year,Yes,Bank Withdrawal,3,Yes,66
Male,71,Yes,Yes,No,0,Yes,1,None,Yes,2.05,Yes,Yes,22,Yes,No,No,No,No,No,No,Yes,Month-to-Month,Yes,Bank Withdrawal,1,Yes,24
Male,75,Yes,Yes,No,0,Yes,1,None,No,0,No,Yes,5,Yes,No,No,No,No,Yes,No,Yes,Month-to-Month,No,Bank Withdrawal,1,Yes,24
Female,66,Yes,Yes,No,0,Yes,1,None,Yes,18.69,Yes,Yes,30,No,Yes,Yes,No,Yes,Yes,No,Yes,One Year,Yes,Bank Withdrawal,1,Yes,65
Male,76,Yes,No,No,0,No,0,None,Yes,21.85,Yes,Yes,29,No,No,No,No,Yes,Yes,No,Yes,Month-to-Month,Yes,Bank Withdrawal,1,Yes,1
Female,67,Yes,No,No,0,No,0,Offer D,Yes,4.28,Yes,Yes,6,No,Yes,No,No,No,Yes,No,Yes,Month-to-Month,No,Bank Withdrawal,2,Yes,15
Female,79,Yes,No,No,0,No,0,None,Yes,45.16,Yes,Yes,15,No,Yes,Yes,No,Yes,Yes,No,Yes,Month-to-Month,Yes,Bank Withdrawal,3,Yes,8
Male,78,Yes,No,No,0,No,0,None,Yes,32.4,Yes,Yes,7,No,No,No,No,No,No,No,Yes,Month-to-Month,No,Credit Card,2,Yes,7
Male,79,Yes,No,No,0,No,0,Offer E,Yes,2.45,Yes,Yes,7,Yes,No,No,No,No,No,No,Yes,Month-to-Month,No,Bank Withdrawal,1,Yes,9
Female,78,Yes,No,No,0,No,0,Offer C,Yes,26.95,Yes,Yes,17,No,No,No,No,No,No,No,Yes,Month-to-Month,Yes,Bank Withdrawal,3,Yes,37
Female,71,Yes,No,No,0,No,0,Offer E,Yes,2.26,No,Yes,3,No,No,No,No,No,No,No,Yes,Month-to-Month,Yes,Bank Withdrawal,3,Yes,3
Female,76,Yes,Yes,No,0,Yes,9,None,Yes,43.04,Yes,Yes,5,Yes,Yes,Yes,Yes,Yes,Yes,No,Yes,Month-to-Month,No,Bank Withdrawal,1,Yes,48
Male,65,Yes,No,No,0,No,0,Offer E,No,0,No,Yes,4,No,No,Yes,No,No,No,No,Yes,Month-to-Month,Yes,Bank Withdrawal,1,Yes,8
Male,75,Yes,Yes,No,0,Yes,1,Offer C,Yes,46.61,Yes,Yes,26,No,No,No,No,Yes,No,No,Yes,Month-to-Month,Yes,Bank Withdrawal,2,Yes,37
Female,75,Yes,No,No,0,No,0,Offer C,Yes,9.67,Yes,Yes,28,No,Yes,Yes,No,Yes,Yes,No,Yes,Month-to-Month,Yes,Bank Withdrawal,1,Yes,28
Male,69,Yes,No,No,0,No,0,Offer C,Yes,23.33,Yes,Yes,23,Yes,No,No,No,Yes,No,No,Yes,Month-to-Month,Yes,Bank Withdrawal,1,Yes,36
Female,68,Yes,Yes,Yes,3,Yes,1,Offer E,Yes,42.13,No,Yes,52,No,No,No,No,No,No,No,Yes,Month-to-Month,No,Bank Withdrawal,1,Yes,4
Female,66,Yes,No,No,0,No,0,Offer E,Yes,5.21,No,Yes,8,No,No,Yes,No,Yes,Yes,No,Yes,Month-to-Month,Yes,Credit Card,1,Yes,8
Male,65,Yes,No,No,0,No,0,None,Yes,18.92,Yes,Yes,11,No,No,No,No,Yes,Yes,Yes,Yes,Month-to-Month,Yes,Bank Withdrawal,3,Yes,50
Female,77,Yes,Yes,No,0,Yes,1,None,Yes,35.11,Yes,Yes,17,No,Yes,Yes,No,Yes,Yes,No,Yes,One Year,Yes,Credit Card,1,Yes,61
Female,66,Yes,Yes,No,0,Yes,1,None,No,0,No,Yes,3,No,Yes,No,No,Yes,No,No,Yes,Month-to-Month,Yes,Bank Withdrawal,3,Yes,40
Male,72,Yes,No,No,0,No,0,Offer E,Yes,41.43,No,Yes,20,No,No,No,No,No,No,No,Yes,Month-to-Month,Yes,Bank Withdrawal,1,Yes,2
Male,77,Yes,Yes,No,0,No,0,Offer D,Yes,6.01,Yes,Yes,27,No,No,No,No,No,Yes,No,Yes,Month-to-Month,No,Bank Withdrawal,1,Yes,10
Female,66,Yes,Yes,No,0,Yes,1,Offer D,Yes,9.93,Yes,Yes,27,No,No,No,No,No,Yes,No,Yes,Month-to-Month,Yes,Credit Card,2,Yes,16
Female,80,Yes,No,No,0,No,0,Offer E,Yes,31.91,No,Yes,30,No,No,No,No,No,Yes,No,Yes,Month-to-Month,Yes,Bank Withdrawal,3,Yes,2
Male,68,Yes,No,No,0,No,0,Offer D,Yes,28.12,Yes,Yes,25,Yes,No,No,No,Yes,No,No,Yes,Month-to-Month,Yes,Bank Withdrawal,1,Yes,19
Male,78,Yes,Yes,No,0,No,0,None,Yes,9.7,Yes,Yes,17,Yes,Yes,No,No,No,Yes,Yes,Yes,Month-to-Month,Yes,Credit Card,1,Yes,7
Male,74,Yes,No,No,0,No,0,None,Yes,48.34,Yes,Yes,20,No,No,No,No,No,No,No,Yes,Month-to-Month,Yes,Bank Withdrawal,1,Yes,3
Female,74,Yes,Yes,No,0,Yes,1,None,Yes,19.76,No,Yes,22,No,Yes,No,Yes,Yes,Yes,Yes,Yes,One Year,Yes,Credit Card,3,Yes,40
Male,65,Yes,No,No,0,No,0,None,Yes,36.58,No,Yes,20,Yes,No,No,No,No,Yes,Yes,No,Month-to-Month,No,Credit Card,3,Yes,47
Female,70,Yes,No,No,0,No,0,None,Yes,7.99,No,Yes,27,No,Yes,No,No,No,No,No,Yes,Month-to-Month,Yes,Credit Card,3,Yes,15
Male,70,Yes,Yes,No,0,Yes,3,Offer C,Yes,49.76,Yes,Yes,11,No,Yes,Yes,No,Yes,Yes,Yes,Yes,Month-to-Month,Yes,Bank Withdrawal,1,Yes,24
Male,75,Yes,No,No,0,No,0,None,Yes,12.08,Yes,Yes,5,No,Yes,No,No,No,No,No,Yes,Month-to-Month,Yes,Bank Withdrawal,1,Yes,15
Male,70,Yes,No,No,0,No,0,None,Yes,7.23,No,Yes,2,No,No,No,No,No,No,No,Yes,Month-to-Month,Yes,Bank Withdrawal,2,Yes,1
Male,71,Yes,Yes,No,0,Yes,1,Offer C,Yes,31.65,Yes,Yes,15,No,No,No,No,No,Yes,No,Yes,Month-to-Month,Yes,Bank Withdrawal,1,Yes,36
Female,79,Yes,Yes,No,0,Yes,1,Offer C,Yes,25.84,Yes,Yes,15,No,Yes,No,No,No,No,No,Yes,Month-to-Month,Yes,Credit Card,1,Yes,34
Female,79,Yes,No,No,0,No,0,None,No,0,No,Yes,26,No,No,No,No,Yes,No,No,Yes,Month-to-Month,Yes,Bank Withdrawal,3,Yes,1
Female,73,Yes,Yes,No,0,Yes,1,None,Yes,38.31,Yes,Yes,7,Yes,No,No,No,No,No,No,No,Month-to-Month,No,Bank Withdrawal,1,Yes,47
Female,74,Yes,Yes,No,0,Yes,1,Offer C,No,0,No,Yes,29,No,No,Yes,No,No,Yes,No,Yes,Month-to-Month,Yes,Credit Card,1,Yes,24
Female,80,Yes,Yes,No,0,Yes,1,None,Yes,13.84,Yes,Yes,18,No,No,Yes,Yes,Yes,Yes,No,No,One Year,Yes,Bank Withdrawal,2,Yes,43
Male,69,Yes,Yes,No,0,Yes,1,None,Yes,15.16,Yes,Yes,7,No,No,Yes,No,Yes,Yes,No,Yes,Month-to-Month,Yes,Bank Withdrawal,2,Yes,16
Female,71,Yes,No,No,0,No,0,None,Yes,30.05,No,Yes,11,No,No,No,No,No,No,No,Yes,Month-to-Month,Yes,Credit Card,3,Yes,5
Male,73,Yes,No,No,0,No,0,Offer C,Yes,38.06,Yes,Yes,19,No,No,Yes,No,Yes,Yes,No,Yes,Month-to-Month,Yes,Bank Withdrawal,1,Yes,37
Female,79,Yes,No,No,0,No,0,None,No,0,No,Yes,15,No,No,No,No,Yes,Yes,No,Yes,Month-to-Month,No,Bank Withdrawal,3,Yes,5
Female,67,Yes,Yes,No,0,Yes,1,Offer C,Yes,16.43,Yes,Yes,20,No,No,No,Yes,Yes,Yes,No,Yes,Month-to-Month,Yes,Credit Card,3,Yes,28
Male,72,Yes,Yes,No,0,Yes,1,None,Yes,11.12,No,Yes,30,No,Yes,Yes,Yes,Yes,No,No,No,Month-to-Month,Yes,Credit Card,1,Yes,10
Female,75,Yes,No,No,0,No,0,None,Yes,39.61,Yes,Yes,16,No,No,No,No,No,No,No,Yes,Month-to-Month,Yes,Credit Card,3,Yes,1
Female,76,Yes,No,No,0,No,0,None,No,0,No,Yes,20,No,No,No,Yes,No,No,No,No,Month-to-Month,Yes,Bank Withdrawal,2,Yes,10
Female,69,Yes,No,No,0,No,0,None,Yes,5.54,No,Yes,16,No,No,No,No,No,No,No,Yes,Month-to-Month,Yes,Bank Withdrawal,3,Yes,3
Male,76,Yes,No,No,0,No,0,None,Yes,21.89,Yes,Yes,26,No,No,Yes,No,Yes,Yes,No,Yes,Month-to-Month,Yes,Bank Withdrawal,3,Yes,12
Female,68,Yes,No,No,0,No,0,Offer C,Yes,9.09,Yes,Yes,12,No,Yes,No,No,Yes,No,No,Yes,Month-to-Month,Yes,Bank Withdrawal,1,Yes,26
Female,77,Yes,Yes,No,0,Yes,1,None,No,0,No,Yes,19,No,No,No,No,No,No,No,Yes,Month-to-Month,Yes,Bank Withdrawal,1,Yes,1
Female,67,Yes,No,No,0,No,0,None,Yes,27.11,Yes,Yes,27,No,No,No,No,No,Yes,No,Yes,Month-to-Month,Yes,Credit Card,1,Yes,20
Male,67,Yes,No,No,0,No,0,Offer C,Yes,25.45,Yes,Yes,18,No,No,No,No,Yes,Yes,No,Yes,Month-to-Month,Yes,Credit Card,2,Yes,32
Female,76,Yes,Yes,No,0,Yes,1,None,Yes,12.46,No,Yes,22,No,No,No,No,No,No,No,Yes,Month-to-Month,Yes,Bank Withdrawal,2,Yes,1
Female,66,Yes,No,No,0,No,0,None,Yes,27.35,No,Yes,27,No,No,Yes,No,Yes,No,No,No,Month-to-Month,Yes,Credit Card,1,Yes,5
Male,80,Yes,No,No,0,No,0,None,Yes,39.88,Yes,Yes,19,No,No,No,No,No,No,No,Yes,Month-to-Month,Yes,Bank Withdrawal,3,Yes,1
Female,78,Yes,Yes,No,0,Yes,1,None,Yes,28.71,Yes,Yes,17,No,No,No,No,No,Yes,No,Yes,Month-to-Month,Yes,Bank Withdrawal,3,Yes,6
Female,69,Yes,Yes,No,0,Yes,1,None,Yes,7.74,No,Yes,19,No,No,No,No,No,No,No,Yes,Month-to-Month,No,Bank Withdrawal,1,Yes,1
Male,78,Yes,No,No,0,No,0,None,Yes,17.23,No,Yes,12,No,No,No,No,No,Yes,No,Yes,Month-to-Month,Yes,Bank Withdrawal,1,Yes,15
Male,78,Yes,Yes,No,0,Yes,1,None,Yes,45.9,No,Yes,5,No,No,No,No,No,No,No,Yes,Month-to-Month,Yes,Bank Withdrawal,1,Yes,16
Male,68,Yes,Yes,No,0,Yes,1,None,Yes,24.62,Yes,Yes,14,No,Yes,No,No,No,Yes,Yes,Yes,One Year,No,Credit Card,3,Yes,44
Female,75,Yes,Yes,No,0,Yes,3,None,Yes,7.38,No,Yes,11,No,No,No,Yes,Yes,No,No,Yes,Month-to-Month,Yes,Credit Card,1,Yes,3
Female,70,Yes,No,No,0,No,0,None,Yes,43.45,No,Yes,30,No,No,No,No,No,No,No,No,Month-to-Month,Yes,Bank Withdrawal,1,Yes,1
Female,65,Yes,Yes,No,0,Yes,1,Offer C,Yes,18.26,No,Yes,3,No,Yes,No,No,No,Yes,Yes,Yes,Month-to-Month,No,Bank Withdrawal,3,Yes,26
Male,71,Yes,No,No,0,No,0,None,Yes,46.11,Yes,Yes,27,No,No,No,Yes,Yes,No,No,Yes,Month-to-Month,Yes,Bank Withdrawal,1,Yes,22
Female,72,Yes,No,No,0,No,0,None,No,0,No,Yes,6,Yes,Yes,No,No,Yes,Yes,Yes,No,Month-to-Month,Yes,Bank Withdrawal,1,Yes,40
Male,69,Yes,No,No,0,No,0,Offer E,Yes,19.87,No,No,0,No,No,No,No,No,No,No,No,Month-to-Month,No,Credit Card,1,Yes,1
Female,70,Yes,No,No,0,No,0,None,Yes,16.85,No,Yes,30,No,No,Yes,No,No,Yes,Yes,Yes,Month-to-Month,Yes,Credit Card,3,Yes,10
Female,80,Yes,Yes,No,0,Yes,1,Offer E,Yes,22.86,No,No,0,No,No,No,No,No,No,No,No,Month-to-Month,Yes,Credit Card,3,Yes,1
Female,73,Yes,Yes,No,0,Yes,1,None,Yes,16.94,No,Yes,19,Yes,Yes,No,Yes,Yes,Yes,Yes,Yes,One Year,Yes,Credit Card,1,Yes,58
Male,73,Yes,No,No,0,No,0,Offer E,Yes,29.41,No,Yes,30,Yes,No,No,No,Yes,No,No,Yes,Month-to-Month,Yes,Bank Withdrawal,2,Yes,6
Male,79,Yes,Yes,No,0,Yes,1,None,Yes,44.66,Yes,Yes,8,Yes,Yes,No,No,Yes,Yes,Yes,Yes,Month-to-Month,Yes,Credit Card,1,Yes,71
Female,79,Yes,Yes,No,0,Yes,1,None,Yes,4.77,Yes,Yes,17,No,No,Yes,No,Yes,No,No,Yes,Month-to-Month,No,Bank Withdrawal,1,Yes,20
Female,73,Yes,Yes,No,0,Yes,5,Offer C,Yes,10.19,Yes,Yes,27,Yes,No,No,Yes,Yes,Yes,No,Yes,Month-to-Month,Yes,Bank Withdrawal,1,Yes,27
Female,77,Yes,Yes,No,0,Yes,2,None,Yes,37.86,No,Yes,19,No,No,No,No,No,No,No,No,Month-to-Month,Yes,Bank Withdrawal,2,Yes,13
Female,68,Yes,Yes,No,0,Yes,5,None,Yes,1.98,Yes,Yes,19,Yes,Yes,No,No,No,Yes,No,Yes,One Year,Yes,Credit Card,1,Yes,68
Female,70,Yes,No,No,0,No,0,None,Yes,31.13,No,Yes,5,No,No,No,No,No,No,No,Yes,Month-to-Month,Yes,Bank Withdrawal,3,Yes,1
Female,68,Yes,No,No,0,No,0,Offer E,Yes,30.23,No,Yes,30,No,No,No,No,Yes,Yes,No,Yes,Month-to-Month,Yes,Bank Withdrawal,1,Yes,1
Female,76,Yes,No,No,0,No,0,None,Yes,19.11,No,Yes,8,Yes,No,Yes,Yes,No,Yes,No,No,Month-to-Month,Yes,Credit Card,1,Yes,15
Male,68,Yes,No,No,0,No,0,Offer E,Yes,12.18,Yes,Yes,6,No,No,No,No,No,Yes,No,No,Month-to-Month,Yes,Bank Withdrawal,3,Yes,9
Male,80,Yes,Yes,No,0,No,0,Offer E,Yes,39.1,No,Yes,27,No,No,No,No,No,No,No,Yes,Month-to-Month,Yes,Bank Withdrawal,1,Yes,1
Male,79,Yes,No,No,0,No,0,None,No,0,No,Yes,20,No,No,No,No,Yes,Yes,No,Yes,One Year,Yes,Bank Withdrawal,2,Yes,70
Male,78,Yes,No,No,0,No,0,Offer D,Yes,5.71,No,Yes,22,No,No,No,No,No,No,No,Yes,Month-to-Month,No,Credit Card,2,Yes,20
Male,76,Yes,Yes,No,0,Yes,1,Offer D,Yes,19.74,No,Yes,18,No,No,No,No,No,No,No,Yes,Month-to-Month,Yes,Bank Withdrawal,2,Yes,21
Female,65,Yes,No,No,0,No,0,Offer E,Yes,28.82,No,Yes,22,No,Yes,No,No,No,Yes,Yes,Yes,Month-to-Month,Yes,Bank Withdrawal,1,Yes,1
Male,80,Yes,Yes,No,0,Yes,1,None,No,0,No,Yes,15,No,Yes,Yes,Yes,Yes,Yes,No,No,One Year,Yes,Bank Withdrawal,3,Yes,46
Female,65,Yes,No,No,0,No,0,Offer D,Yes,16.36,Yes,Yes,6,No,Yes,No,No,No,No,No,Yes,Month-to-Month,Yes,Bank Withdrawal,1,Yes,14
Female,78,Yes,No,No,0,No,0,None,Yes,16.83,Yes,Yes,12,No,Yes,Yes,No,No,No,No,Yes,Month-to-Month,Yes,Bank Withdrawal,1,Yes,47
Male,78,Yes,Yes,No,0,Yes,1,Offer D,Yes,27.82,No,Yes,4,No,Yes,Yes,No,Yes,Yes,No,Yes,Month-to-Month,Yes,Bank Withdrawal,1,Yes,13
Male,68,Yes,No,No,0,No,0,Offer E,Yes,35.43,Yes,Yes,18,No,Yes,Yes,No,Yes,Yes,No,Yes,Month-to-Month,Yes,Bank Withdrawal,3,Yes,3
Female,73,Yes,Yes,No,0,Yes,1,Offer C,Yes,9.28,Yes,Yes,26,No,Yes,Yes,No,No,Yes,No,Yes,Month-to-Month,Yes,Bank Withdrawal,2,Yes,26
Female,75,Yes,Yes,No,0,Yes,1,None,Yes,46.05,Yes,Yes,22,No,No,No,No,No,Yes,No,Yes,Month-to-Month,Yes,Bank Withdrawal,3,Yes,8
Male,66,Yes,Yes,No,0,Yes,1,Offer D,Yes,4.98,No,Yes,18,No,No,No,No,No,Yes,No,Yes,Month-to-Month,No,Bank Withdrawal,3,Yes,18
Male,73,Yes,No,No,0,No,0,Offer E,No,0,No,Yes,19,No,No,No,No,No,No,No,Yes,Month-to-Month,Yes,Bank Withdrawal,3,Yes,4
Female,73,Yes,No,No,0,No,0,Offer D,Yes,17.19,Yes,Yes,19,No,No,No,Yes,No,No,No,Yes,Month-to-Month,No,Credit Card,1,Yes,15
Male,70,Yes,Yes,No,0,Yes,1,Offer E,Yes,32.31,Yes,Yes,27,No,No,No,No,Yes,Yes,No,Yes,Month-to-Month,Yes,Bank Withdrawal,1,Yes,3
Male,74,Yes,Yes,No,0,Yes,1,None,Yes,39.36,Yes,Yes,23,No,Yes,Yes,No,Yes,Yes,No,Yes,Month-to-Month,Yes,Bank Withdrawal,1,Yes,53
Male,70,Yes,Yes,No,0,Yes,1,None,Yes,47.17,Yes,Yes,29,No,Yes,Yes,No,Yes,Yes,No,Yes,Month-to-Month,Yes,Bank Withdrawal,3,Yes,68
Male,71,Yes,No,No,0,No,0,Offer C,Yes,47.66,Yes,Yes,23,No,Yes,No,No,Yes,No,No,Yes,Month-to-Month,Yes,Bank Withdrawal,2,Yes,25
Male,66,Yes,Yes,No,0,Yes,1,None,Yes,48.87,Yes,Yes,13,No,Yes,Yes,Yes,Yes,Yes,No,Yes,One Year,Yes,Bank Withdrawal,1,Yes,66
Male,68,Yes,Yes,No,0,Yes,1,Offer C,No,0,No,Yes,25,No,No,No,No,No,Yes,No,No,Month-to-Month,No,Bank Withdrawal,1,Yes,27
Male,73,Yes,Yes,No,0,Yes,1,None,Yes,6.25,Yes,Yes,21,No,No,No,No,Yes,Yes,No,Yes,Month-to-Month,Yes,Bank Withdrawal,1,Yes,29
Female,77,Yes,Yes,No,0,Yes,1,Offer E,Yes,13.02,Yes,Yes,30,No,Yes,No,No,Yes,No,No,Yes,Month-to-Month,Yes,Bank Withdrawal,2,Yes,1
Male,73,Yes,Yes,No,0,Yes,3,None,Yes,4.19,Yes,Yes,11,No,No,No,No,Yes,No,No,No,Month-to-Month,Yes,Credit Card,1,Yes,2
Female,65,Yes,Yes,No,0,Yes,1,None,Yes,22.33,Yes,Yes,6,No,No,Yes,No,Yes,Yes,Yes,Yes,Month-to-Month,Yes,Bank Withdrawal,1,Yes,29
Male,65,Yes,No,No,0,No,0,Offer D,Yes,32.77,No,Yes,4,No,No,Yes,No,Yes,Yes,Yes,Yes,Month-to-Month,Yes,Credit Card,1,Yes,19
Female,78,Yes,No,No,0,No,0,None,Yes,14.22,Yes,Yes,11,No,Yes,No,Yes,Yes,No,No,Yes,Month-to-Month,Yes,Bank Withdrawal,2,Yes,47
Male,69,Yes,Yes,No,0,No,0,None,Yes,37.6,Yes,Yes,23,Yes,No,Yes,No,Yes,Yes,Yes,Yes,Month-to-Month,Yes,Bank Withdrawal,1,Yes,52
Female,67,Yes,No,No,0,No,0,None,Yes,3.62,Yes,Yes,22,No,No,No,No,Yes,Yes,Yes,Yes,Month-to-Month,Yes,Bank Withdrawal,2,Yes,11
Male,74,Yes,No,No,0,No,0,None,Yes,39.12,No,Yes,6,No,No,No,No,Yes,Yes,Yes,Yes,Month-to-Month,Yes,Mailed Check,1,Yes,43
Male,77,Yes,No,No,0,No,0,None,Yes,36.78,No,Yes,29,Yes,No,No,No,No,Yes,Yes,Yes,Month-to-Month,No,Bank Withdrawal,1,Yes,46
Female,79,Yes,No,No,0,No,0,None,Yes,47.35,Yes,Yes,29,No,Yes,No,No,Yes,Yes,Yes,Yes,Month-to-Month,Yes,Bank Withdrawal,3,Yes,6
Female,68,Yes,No,No,0,No,0,None,No,0,No,Yes,9,No,No,No,No,No,No,No,Yes,Month-to-Month,Yes,Mailed Check,1,Yes,1
Female,76,Yes,Yes,No,0,Yes,6,None,Yes,41.16,No,Yes,6,No,Yes,No,No,No,No,No,Yes,Month-to-Month,Yes,Mailed Check,2,Yes,1
Male,80,Yes,Yes,Yes,2,Yes,5,None,No,0,No,Yes,18,Yes,No,No,No,No,Yes,No,Yes,Month-to-Month,No,Mailed Check,1,Yes,22
Female,72,Yes,No,No,0,No,0,None,Yes,20.55,No,Yes,5,No,Yes,No,No,No,No,No,Yes,Month-to-Month,Yes,Bank Withdrawal,1,Yes,1
Male,78,Yes,No,No,0,No,0,None,Yes,38.53,Yes,Yes,2,No,Yes,Yes,No,No,No,No,Yes,Month-to-Month,Yes,Credit Card,2,Yes,33
Female,67,Yes,No,No,0,No,0,None,Yes,12.52,No,Yes,25,No,No,No,No,No,No,No,Yes,Month-to-Month,Yes,Bank Withdrawal,1,Yes,2
Female,74,Yes,No,No,0,No,0,None,Yes,47.63,Yes,Yes,26,Yes,Yes,No,No,No,Yes,No,No,Month-to-Month,Yes,Bank Withdrawal,1,Yes,26
Female,68,Yes,No,No,0,No,0,None,Yes,34.39,Yes,Yes,17,No,No,Yes,Yes,Yes,Yes,No,No,One Year,Yes,Bank Withdrawal,3,Yes,60
Female,66,Yes,Yes,No,0,Yes,5,None,Yes,15.78,Yes,Yes,30,No,No,No,No,No,No,No,Yes,Month-to-Month,Yes,Bank Withdrawal,1,Yes,38
Male,71,Yes,Yes,Yes,1,Yes,3,None,Yes,8.38,No,Yes,19,No,No,No,Yes,No,No,No,Yes,Month-to-Month,Yes,Credit Card,3,Yes,1
Male,65,Yes,Yes,No,0,Yes,2,None,Yes,34.66,Yes,Yes,3,No,No,Yes,No,Yes,Yes,Yes,Yes,Month-to-Month,Yes,Bank Withdrawal,1,Yes,7
Male,65,Yes,No,No,0,No,0,Offer E,Yes,20.99,Yes,Yes,22,No,No,No,No,Yes,Yes,Yes,Yes,Month-to-Month,Yes,Bank Withdrawal,1,Yes,2
Female,69,Yes,Yes,No,0,Yes,1,None,Yes,17.87,Yes,Yes,9,Yes,No,No,No,No,No,No,Yes,Month-to-Month,Yes,Bank Withdrawal,1,Yes,51
Male,68,Yes,No,No,0,No,0,Offer E,Yes,11.08,Yes,Yes,12,No,No,No,No,No,No,No,Yes,Month-to-Month,Yes,Bank Withdrawal,2,Yes,1
Male,68,Yes,Yes,No,0,Yes,1,None,Yes,8.97,Yes,Yes,19,No,No,Yes,No,Yes,Yes,No,Yes,Month-to-Month,Yes,Bank Withdrawal,1,Yes,47
Male,76,Yes,Yes,No,0,Yes,1,None,Yes,2.85,Yes,Yes,3,Yes,No,No,No,Yes,Yes,No,Yes,Month-to-Month,No,Bank Withdrawal,1,Yes,40
Male,74,Yes,Yes,No,0,Yes,1,Offer E,No,0,No,Yes,18,No,No,No,No,No,No,No,Yes,Month-to-Month,No,Bank Withdrawal,1,Yes,1
Male,79,Yes,No,No,0,No,0,Offer E,Yes,45.41,Yes,Yes,18,No,No,No,No,No,No,No,Yes,Month-to-Month,Yes,Mailed Check,2,Yes,2
Female,69,Yes,No,No,0,No,0,None,Yes,16.22,Yes,Yes,12,No,Yes,Yes,No,Yes,Yes,No,Yes,Month-to-Month,Yes,Bank Withdrawal,1,Yes,42
Female,74,Yes,No,No,0,No,0,Offer E,Yes,39.63,No,Yes,23,No,No,No,No,No,Yes,No,No,Month-to-Month,Yes,Bank Withdrawal,3,Yes,2
Female,71,Yes,Yes,No,0,Yes,1,None,Yes,47.01,Yes,Yes,19,No,Yes,No,No,Yes,Yes,No,Yes,Month-to-Month,Yes,Bank Withdrawal,1,Yes,14
Male,69,Yes,No,No,0,No,0,None,Yes,9.9,Yes,Yes,25,No,Yes,Yes,Yes,Yes,Yes,No,Yes,One Year,No,Credit Card,3,Yes,66
Male,74,Yes,No,No,0,No,0,None,Yes,3.84,Yes,Yes,13,No,No,No,No,No,No,No,No,Month-to-Month,Yes,Bank Withdrawal,3,Yes,1
Female,79,Yes,No,No,0,No,0,None,Yes,34.01,Yes,Yes,18,No,Yes,No,No,Yes,No,No,Yes,Month-to-Month,Yes,Bank Withdrawal,2,Yes,12
Male,69,Yes,Yes,No,0,No,0,Offer E,Yes,47.9,No,Yes,6,No,No,Yes,No,Yes,Yes,No,Yes,Month-to-Month,Yes,Bank Withdrawal,3,Yes,6
Male,80,Yes,No,No,0,No,0,None,Yes,42.91,Yes,Yes,5,No,Yes,No,No,No,No,No,Yes,Month-to-Month,Yes,Bank Withdrawal,3,Yes,27
Male,65,Yes,No,No,0,No,0,Offer E,Yes,26.32,Yes,Yes,8,No,No,Yes,No,Yes,No,No,Yes,Month-to-Month,No,Bank Withdrawal,2,Yes,3
Female,78,Yes,Yes,No,0,Yes,1,Offer E,Yes,17.73,Yes,Yes,18,No,No,Yes,No,No,No,No,Yes,Month-to-Month,No,Bank Withdrawal,3,Yes,2
Female,75,Yes,No,No,0,No,0,None,Yes,35.07,Yes,Yes,10,No,No,No,No,No,No,No,Yes,Month-to-Month,Yes,Bank Withdrawal,3,Yes,14
Male,73,Yes,Yes,No,0,Yes,1,Offer B,Yes,42.1,Yes,Yes,3,No,No,Yes,No,Yes,Yes,No,Yes,Month-to-Month,No,Bank Withdrawal,1,Yes,57
Female,80,Yes,No,No,0,No,0,Offer B,Yes,29.12,No,Yes,24,Yes,Yes,No,Yes,Yes,No,No,Yes,Two Year,Yes,Credit Card,1,Yes,64
Female,74,Yes,No,No,0,No,0,Offer E,Yes,9.86,No,Yes,21,No,No,No,No,No,No,No,Yes,Month-to-Month,No,Bank Withdrawal,2,Yes,2
Female,65,Yes,No,No,0,No,0,Offer B,Yes,44.86,No,Yes,4,Yes,Yes,No,No,No,No,No,Yes,Month-to-Month,Yes,Credit Card,1,Yes,40
Female,71,Yes,No,No,0,No,0,None,Yes,42.5,No,Yes,8,No,No,Yes,No,No,Yes,No,Yes,Month-to-Month,Yes,Bank Withdrawal,2,Yes,1
Male,74,Yes,Yes,No,0,Yes,3,None,Yes,49.37,Yes,Yes,4,No,No,No,No,Yes,Yes,Yes,Yes,Month-to-Month,Yes,Bank Withdrawal,1,Yes,37
Male,76,Yes,Yes,No,0,Yes,1,None,Yes,28.11,Yes,Yes,27,No,No,No,No,No,No,No,Yes,Month-to-Month,No,Bank Withdrawal,2,Yes,4
Male,73,Yes,No,No,0,No,0,Offer B,Yes,8.93,Yes,Yes,21,Yes,No,No,No,Yes,Yes,Yes,Yes,Month-to-Month,Yes,Bank Withdrawal,2,Yes,55
Male,71,Yes,Yes,No,0,Yes,1,None,Yes,2.08,No,Yes,25,No,No,No,No,No,Yes,Yes,Yes,Month-to-Month,Yes,Credit Card,1,Yes,32
Female,72,Yes,No,No,0,No,0,None,Yes,45.59,Yes,Yes,24,No,Yes,No,No,No,No,No,No,Month-to-Month,Yes,Credit Card,2,Yes,66
Male,76,Yes,Yes,No,0,Yes,1,None,Yes,40.44,No,Yes,25,No,Yes,No,No,No,Yes,No,Yes,Month-to-Month,Yes,Bank Withdrawal,2,Yes,6
Female,69,Yes,No,No,0,No,0,None,Yes,12.86,Yes,Yes,4,No,No,Yes,No,No,Yes,No,Yes,Month-to-Month,Yes,Bank Withdrawal,3,Yes,4
Female,80,Yes,No,No,0,No,0,None,No,0,No,Yes,30,No,No,No,No,No,No,No,Yes,Month-to-Month,No,Bank Withdrawal,3,Yes,3
Female,78,Yes,No,No,0,No,0,None,Yes,43.98,Yes,Yes,27,No,No,Yes,No,Yes,Yes,No,Yes,Month-to-Month,No,Bank Withdrawal,3,Yes,8
Male,71,Yes,Yes,No,0,Yes,1,None,Yes,41.3,Yes,Yes,2,No,Yes,Yes,No,Yes,Yes,No,Yes,Month-to-Month,Yes,Bank Withdrawal,2,Yes,3
Male,73,Yes,Yes,No,0,Yes,1,Offer B,Yes,17.43,Yes,Yes,26,No,Yes,Yes,No,Yes,Yes,No,Yes,Month-to-Month,Yes,Bank Withdrawal,1,Yes,43
Female,79,Yes,No,No,0,No,0,None,Yes,4.45,Yes,Yes,25,No,No,No,No,No,Yes,No,Yes,Month-to-Month,Yes,Bank Withdrawal,2,Yes,13
Female,72,Yes,Yes,No,0,Yes,1,None,Yes,45.82,No,Yes,13,Yes,No,Yes,No,Yes,Yes,No,Yes,Month-to-Month,Yes,Bank Withdrawal,1,Yes,27
Male,69,Yes,No,No,0,No,0,None,Yes,18.46,Yes,Yes,3,No,Yes,No,No,Yes,No,No,Yes,Month-to-Month,Yes,Bank Withdrawal,1,Yes,25
Female,79,Yes,No,No,0,No,0,None,Yes,5.09,Yes,Yes,23,No,No,No,No,No,No,No,No,Month-to-Month,Yes,Bank Withdrawal,1,Yes,22
Female,68,Yes,Yes,No,0,Yes,1,None,Yes,25.27,Yes,Yes,15,No,No,No,Yes,Yes,Yes,No,Yes,Month-to-Month,No,Bank Withdrawal,2,Yes,18
Female,77,Yes,No,No,0,No,0,Offer B,Yes,19.46,Yes,Yes,28,No,Yes,Yes,Yes,Yes,Yes,No,Yes,One Year,Yes,Bank Withdrawal,3,Yes,56
Male,68,Yes,No,No,0,No,0,None,No,0,No,Yes,24,No,Yes,No,No,Yes,No,No,Yes,Month-to-Month,Yes,Mailed Check,1,Yes,16
Female,79,Yes,Yes,No,0,Yes,1,Offer B,Yes,37.12,Yes,Yes,4,No,Yes,No,No,Yes,No,No,No,Month-to-Month,Yes,Bank Withdrawal,3,Yes,50
Female,68,Yes,No,No,0,No,0,None,Yes,23.82,Yes,Yes,30,No,No,No,No,No,No,No,Yes,Month-to-Month,Yes,Credit Card,1,Yes,3
Female,73,Yes,Yes,No,0,Yes,1,None,Yes,31.27,Yes,Yes,11,No,No,No,No,No,No,No,No,Month-to-Month,Yes,Bank Withdrawal,2,Yes,1
Male,79,Yes,No,No,0,No,0,None,Yes,8.35,Yes,Yes,23,No,No,No,No,No,No,No,Yes,Month-to-Month,Yes,Bank Withdrawal,1,Yes,1
Male,75,Yes,Yes,No,0,No,0,None,Yes,10.61,Yes,Yes,8,No,No,No,No,No,No,No,No,Month-to-Month,Yes,Mailed Check,2,Yes,4
Female,69,Yes,Yes,No,0,Yes,3,None,Yes,47.02,Yes,Yes,12,Yes,Yes,Yes,Yes,No,No,No,Yes,Two Year,Yes,Credit Card,4,No,71
Male,79,Yes,Yes,No,0,Yes,10,Offer E,Yes,33.1,No,Yes,11,No,No,Yes,No,Yes,Yes,No,No,One Year,Yes,Credit Card,5,No,2
Male,71,Yes,No,No,0,No,0,Offer E,Yes,11.89,No,Yes,12,No,No,No,No,No,No,No,Yes,One Year,No,Bank Withdrawal,3,No,1
Female,65,Yes,No,No,0,No,0,Offer B,Yes,12.58,Yes,Yes,26,No,Yes,No,No,Yes,No,No,Yes,One Year,Yes,Bank Withdrawal,4,No,43
Female,65,Yes,Yes,No,0,Yes,9,None,Yes,30.6,Yes,Yes,2,Yes,No,No,Yes,Yes,No,No,Yes,One Year,Yes,Credit Card,4,No,25
Female,72,Yes,Yes,No,0,Yes,9,Offer B,Yes,48.9,No,Yes,16,Yes,Yes,Yes,Yes,No,Yes,No,Yes,One Year,Yes,Credit Card,3,No,60
Male,77,Yes,Yes,No,0,Yes,3,None,Yes,21.79,Yes,Yes,9,No,Yes,Yes,Yes,Yes,Yes,No,Yes,One Year,Yes,Bank Withdrawal,5,No,66
Male,71,Yes,Yes,No,0,Yes,9,Offer B,Yes,16.33,Yes,Yes,10,Yes,No,Yes,Yes,Yes,Yes,No,Yes,Two Year,Yes,Bank Withdrawal,4,No,64
Female,73,Yes,No,No,0,No,0,None,Yes,47.13,Yes,Yes,29,Yes,Yes,Yes,No,Yes,Yes,No,Yes,One Year,No,Bank Withdrawal,4,No,56
Male,80,Yes,No,No,0,No,0,None,Yes,38.61,No,Yes,5,Yes,Yes,No,No,Yes,Yes,No,Yes,One Year,Yes,Bank Withdrawal,4,No,30
Male,79,Yes,No,No,0,No,0,None,Yes,27.65,No,Yes,2,No,No,No,Yes,No,No,No,Yes,One Year,No,Bank Withdrawal,5,No,1
Female,65,Yes,Yes,No,0,No,0,Offer A,No,0,No,Yes,9,No,Yes,Yes,No,Yes,No,No,Yes,One Year,No,Bank Withdrawal,5,No,66
Male,73,Yes,No,No,0,No,0,Offer A,No,0,No,Yes,20,Yes,Yes,No,No,Yes,Yes,Yes,Yes,One Year,Yes,Bank Withdrawal,3,No,71
Female,71,Yes,Yes,No,0,Yes,1,Offer A,Yes,20.48,Yes,Yes,6,Yes,Yes,Yes,Yes,Yes,Yes,Yes,Yes,Two Year,Yes,Credit Card,3,No,72
Male,66,Yes,Yes,No,0,Yes,7,Offer A,Yes,30.72,Yes,No,0,No,No,No,No,No,No,No,No,Two Year,No,Bank Withdrawal,3,No,71
Male,66,Yes,Yes,No,0,Yes,1,None,Yes,42.59,Yes,Yes,2,No,No,No,No,No,Yes,Yes,Yes,One Year,No,Bank Withdrawal,3,No,23
Female,77,Yes,Yes,No,0,Yes,2,None,Yes,38.32,No,Yes,25,Yes,Yes,Yes,No,No,Yes,Yes,Yes,One Year,No,Bank Withdrawal,4,No,65
Female,68,Yes,No,No,0,No,0,None,Yes,10.51,No,Yes,20,No,Yes,Yes,No,No,No,No,Yes,One Year,Yes,Bank Withdrawal,4,No,13
Male,66,Yes,No,No,0,No,0,Offer E,Yes,36.4,No,Yes,29,Yes,No,No,No,No,No,No,Yes,One Year,No,Bank Withdrawal,3,No,4
Female,69,Yes,Yes,No,0,Yes,5,None,No,0,No,Yes,23,Yes,No,Yes,No,No,Yes,No,Yes,One Year,Yes,Bank Withdrawal,3,No,29
Male,79,Yes,Yes,No,0,Yes,1,None,Yes,36.66,Yes,Yes,9,No,Yes,No,No,No,Yes,No,Yes,One Year,Yes,Bank Withdrawal,5,No,57
Female,67,Yes,No,No,0,No,0,None,Yes,7.95,No,Yes,12,Yes,Yes,No,Yes,Yes,Yes,No,No,One Year,Yes,Mailed Check,3,No,19
Male,68,Yes,Yes,No,0,Yes,3,None,Yes,27.56,Yes,Yes,3,No,Yes,No,Yes,Yes,Yes,No,Yes,One Year,No,Bank Withdrawal,3,No,20
Male,79,Yes,Yes,No,0,Yes,5,None,Yes,42.95,No,Yes,30,Yes,Yes,No,No,No,Yes,No,Yes,One Year,Yes,Bank Withdrawal,4,No,21
Female,77,Yes,No,No,0,No,0,Offer E,Yes,8.06,No,Yes,19,No,No,No,No,Yes,Yes,No,Yes,One Year,Yes,Bank Withdrawal,3,No,6
Male,73,Yes,Yes,No,0,Yes,4,None,Yes,2.12,Yes,Yes,3,No,No,Yes,No,Yes,Yes,No,Yes,One Year,Yes,Bank Withdrawal,5,No,35
Male,71,Yes,Yes,Yes,1,Yes,9,None,Yes,28.3,Yes,Yes,27,No,Yes,No,No,Yes,Yes,No,Yes,One Year,No,Bank Withdrawal,5,No,38
Female,67,Yes,Yes,No,0,No,0,Offer E,Yes,9.56,No,Yes,13,No,No,No,No,No,No,No,Yes,One Year,Yes,Bank Withdrawal,4,No,5
Female,68,Yes,Yes,No,0,Yes,9,Offer D,Yes,29.15,No,Yes,2,No,No,No,Yes,Yes,No,No,Yes,One Year,Yes,Bank Withdrawal,4,No,11
Female,75,Yes,Yes,Yes,3,Yes,3,None,No,0,No,Yes,58,No,No,No,No,Yes,No,No,No,One Year,Yes,Bank Withdrawal,5,No,28
Female,79,Yes,No,No,0,No,0,Offer D,Yes,1.06,Yes,Yes,25,No,No,Yes,No,No,No,No,Yes,One Year,Yes,Credit Card,4,No,17
Female,69,Yes,No,No,0,No,0,None,Yes,19.92,No,Yes,14,No,Yes,No,Yes,No,No,No,No,One Year,No,Bank Withdrawal,5,No,32
Female,72,Yes,No,No,0,No,0,Offer E,Yes,7.77,Yes,Yes,22,No,No,No,No,No,No,No,Yes,One Year,Yes,Bank Withdrawal,4,No,1
Female,69,Yes,Yes,No,0,Yes,9,None,Yes,3.76,No,Yes,11,Yes,Yes,Yes,No,No,Yes,No,Yes,One Year,No,Bank Withdrawal,3,No,64
Female,72,Yes,No,No,0,No,0,None,Yes,16.36,No,Yes,28,No,No,No,No,Yes,Yes,No,Yes,One Year,Yes,Bank Withdrawal,5,No,7
Female,70,Yes,No,No,0,No,0,Offer D,Yes,9.72,Yes,Yes,29,Yes,No,No,No,No,No,No,Yes,One Year,Yes,Bank Withdrawal,3,No,16
Male,78,Yes,Yes,No,0,Yes,1,Offer A,No,0,No,Yes,24,Yes,Yes,Yes,Yes,Yes,Yes,No,Yes,Two Year,Yes,Bank Withdrawal,3,No,72
Male,77,Yes,Yes,No,0,Yes,5,None,Yes,33.57,Yes,Yes,21,No,Yes,Yes,Yes,Yes,Yes,No,Yes,One Year,Yes,Bank Withdrawal,3,No,27
Female,73,Yes,No,No,0,No,0,Offer E,Yes,23.91,No,Yes,22,No,No,No,No,No,No,No,Yes,One Year,Yes,Bank Withdrawal,3,No,2
Female,76,Yes,Yes,No,0,Yes,10,None,Yes,42.29,Yes,Yes,10,No,No,No,No,Yes,Yes,No,No,One Year,Yes,Bank Withdrawal,4,No,42
Male,78,Yes,Yes,No,0,Yes,7,None,Yes,25.15,Yes,Yes,20,Yes,No,Yes,Yes,Yes,Yes,No,Yes,One Year,Yes,Bank Withdrawal,3,No,33
Male,74,Yes,No,No,0,No,0,Offer C,No,0,No,Yes,11,No,No,Yes,Yes,Yes,Yes,No,Yes,One Year,Yes,Bank Withdrawal,4,No,33
Male,71,Yes,Yes,Yes,1,Yes,9,Offer C,Yes,31.86,No,Yes,23,No,Yes,No,No,Yes,Yes,Yes,Yes,One Year,Yes,Mailed Check,5,No,32
Female,72,Yes,Yes,No,0,Yes,10,None,Yes,12.6,No,Yes,21,No,No,No,No,No,No,No,Yes,One Year,Yes,Bank Withdrawal,3,No,48
Female,75,Yes,Yes,No,0,Yes,5,None,Yes,29.53,Yes,Yes,29,No,No,No,No,No,No,No,Yes,One Year,No,Bank Withdrawal,3,No,55
Male,79,Yes,Yes,No,0,Yes,4,None,Yes,29.15,Yes,Yes,9,No,Yes,Yes,No,Yes,Yes,Yes,Yes,One Year,Yes,Bank Withdrawal,4,No,52
Female,76,Yes,No,No,0,No,0,None,Yes,24.84,Yes,Yes,14,Yes,No,No,No,Yes,Yes,Yes,Yes,One Year,No,Credit Card,3,No,49
Female,78,Yes,No,No,0,No,0,Offer D,Yes,49.98,No,Yes,28,Yes,No,Yes,Yes,No,Yes,Yes,Yes,One Year,Yes,Mailed Check,3,No,22
Male,75,Yes,Yes,No,0,Yes,5,Offer A,Yes,21.37,Yes,Yes,13,Yes,Yes,Yes,Yes,Yes,Yes,Yes,No,Two Year,Yes,Bank Withdrawal,3,No,72
Male,66,Yes,Yes,No,0,Yes,2,None,Yes,20.19,Yes,Yes,8,No,No,Yes,Yes,Yes,Yes,Yes,Yes,Two Year,No,Bank Withdrawal,4,No,64
Female,71,Yes,No,No,0,No,0,Offer D,Yes,24.15,No,No,0,No,No,No,No,No,No,No,No,One Year,No,Mailed Check,4,No,17
Male,77,Yes,Yes,Yes,1,Yes,6,Offer C,Yes,14.19,No,Yes,17,No,Yes,No,Yes,Yes,Yes,Yes,Yes,One Year,Yes,Bank Withdrawal,5,No,35
Female,74,Yes,No,No,0,No,0,Offer D,Yes,23.18,No,Yes,21,No,No,No,No,No,Yes,Yes,Yes,One Year,Yes,Bank Withdrawal,5,No,20
Male,73,Yes,Yes,No,0,Yes,9,None,Yes,34.24,Yes,Yes,20,No,Yes,No,No,No,Yes,Yes,Yes,One Year,No,Bank Withdrawal,4,No,61
Female,73,Yes,Yes,No,0,Yes,4,Offer A,Yes,43.99,Yes,Yes,17,Yes,No,No,No,No,No,No,Yes,Two Year,Yes,Credit Card,3,No,71
Male,78,Yes,Yes,No,0,Yes,1,None,Yes,32.54,No,Yes,5,Yes,No,Yes,Yes,No,Yes,No,Yes,One Year,No,Credit Card,3,No,20
Female,79,Yes,Yes,No,0,Yes,1,Offer E,Yes,5.42,No,Yes,23,No,No,No,No,No,No,No,Yes,One Year,No,Bank Withdrawal,4,No,5
Male,77,Yes,Yes,No,0,Yes,1,Offer C,Yes,37.65,Yes,Yes,9,No,No,No,No,No,No,No,Yes,One Year,Yes,Bank Withdrawal,5,No,29
Male,77,Yes,Yes,Yes,1,Yes,1,Offer A,Yes,30.78,Yes,Yes,17,Yes,Yes,Yes,Yes,Yes,Yes,No,No,Two Year,Yes,Credit Card,4,No,72
Female,80,Yes,No,No,0,No,0,None,Yes,17.33,Yes,Yes,16,No,Yes,Yes,Yes,Yes,No,No,Yes,Two Year,Yes,Bank Withdrawal,3,No,56
Male,80,Yes,Yes,Yes,1,No,0,Offer A,Yes,32.11,Yes,Yes,12,No,No,Yes,Yes,Yes,Yes,No,No,One Year,Yes,Credit Card,5,No,68
Male,80,Yes,Yes,No,0,Yes,9,None,Yes,14.49,Yes,Yes,17,Yes,Yes,Yes,No,Yes,No,No,Yes,One Year,Yes,Bank Withdrawal,3,No,50
Male,74,Yes,No,No,0,No,0,None,Yes,14.78,Yes,Yes,10,No,Yes,No,Yes,No,No,No,Yes,Two Year,No,Bank Withdrawal,3,No,47
Female,76,Yes,Yes,No,0,Yes,6,Offer C,Yes,45.67,Yes,Yes,8,No,Yes,Yes,Yes,Yes,Yes,No,Yes,One Year,Yes,Bank Withdrawal,4,No,28
Male,68,Yes,Yes,No,0,Yes,3,Offer C,Yes,20.44,Yes,Yes,18,Yes,Yes,No,No,No,Yes,No,Yes,One Year,Yes,Bank Withdrawal,3,No,35
Female,71,Yes,No,No,0,No,0,None,Yes,49.75,Yes,Yes,2,Yes,Yes,Yes,No,Yes,Yes,No,Yes,One Year,Yes,Credit Card,3,No,44
Female,69,Yes,No,No,0,No,0,Offer A,Yes,11.63,Yes,Yes,5,No,No,Yes,Yes,Yes,Yes,No,No,One Year,Yes,Credit Card,3,No,66
Male,73,Yes,Yes,Yes,3,Yes,1,None,No,0,No,Yes,53,No,No,No,No,No,Yes,No,Yes,One Year,Yes,Bank Withdrawal,4,No,10
Female,74,Yes,Yes,No,0,Yes,7,Offer A,Yes,25.51,Yes,Yes,15,No,Yes,Yes,No,Yes,Yes,No,Yes,One Year,No,Credit Card,3,No,66
Female,72,Yes,No,No,0,No,0,Offer A,Yes,44.81,Yes,Yes,14,No,Yes,Yes,Yes,Yes,Yes,No,Yes,Two Year,No,Bank Withdrawal,5,No,72
Female,70,Yes,No,No,0,No,0,None,Yes,47.72,No,Yes,21,No,Yes,Yes,No,No,Yes,No,Yes,One Year,Yes,Bank Withdrawal,4,No,49
Male,74,Yes,No,No,0,No,0,Offer C,Yes,31.73,No,Yes,13,No,No,No,No,No,No,No,No,One Year,No,Credit Card,3,No,24
Male,80,Yes,No,No,0,No,0,None,Yes,44.23,Yes,Yes,27,Yes,No,Yes,Yes,Yes,Yes,No,Yes,Two Year,Yes,Bank Withdrawal,3,No,65
Female,74,Yes,No,No,0,No,0,None,Yes,28.54,Yes,Yes,24,No,No,Yes,Yes,Yes,Yes,No,Yes,One Year,Yes,Credit Card,3,No,40
Female,65,Yes,No,No,0,No,0,None,Yes,34.39,No,No,0,No,No,No,No,No,No,No,No,One Year,Yes,Credit Card,3,No,22
Male,72,Yes,Yes,Yes,1,Yes,1,None,Yes,42.29,No,Yes,22,No,Yes,No,No,Yes,No,No,No,One Year,Yes,Bank Withdrawal,3,No,47
Male,76,Yes,No,No,0,No,0,Offer C,Yes,34.39,Yes,Yes,19,No,Yes,No,Yes,Yes,Yes,No,Yes,One Year,Yes,Bank Withdrawal,4,No,27
Male,75,Yes,Yes,No,0,Yes,7,Offer A,Yes,34.31,Yes,Yes,15,No,No,Yes,No,No,No,No,Yes,One Year,Yes,Credit Card,4,No,68
Male,70,Yes,Yes,No,0,Yes,1,None,Yes,1.66,No,No,0,No,No,No,No,No,No,No,No,One Year,Yes,Credit Card,4,No,9
Male,66,Yes,No,No,0,No,0,None,Yes,13.51,Yes,Yes,19,No,Yes,No,No,No,No,No,Yes,One Year,Yes,Bank Withdrawal,4,No,42
Female,68,Yes,Yes,No,0,No,0,Offer A,Yes,48.51,Yes,Yes,17,Yes,Yes,Yes,Yes,Yes,Yes,No,Yes,Two Year,Yes,Bank Withdrawal,3,No,72
Female,69,Yes,Yes,No,0,Yes,8,Offer A,Yes,15.85,Yes,Yes,2,No,Yes,Yes,Yes,Yes,Yes,No,Yes,Two Year,Yes,Credit Card,5,No,72
Male,75,Yes,Yes,No,0,Yes,3,Offer A,Yes,21.38,Yes,Yes,2,Yes,Yes,Yes,Yes,Yes,Yes,No,Yes,Two Year,Yes,Bank Withdrawal,3,No,72
Female,74,Yes,No,No,0,No,0,Offer E,Yes,41.44,No,Yes,13,No,No,Yes,No,No,No,No,No,One Year,No,Credit Card,4,No,3
Female,72,Yes,Yes,No,0,Yes,4,Offer A,Yes,16.87,Yes,Yes,3,No,No,No,No,No,No,No,Yes,Two Year,Yes,Credit Card,4,No,70
Male,65,Yes,No,No,0,No,0,Offer E,Yes,30.14,No,No,0,No,No,No,No,No,No,No,No,One Year,No,Bank Withdrawal,5,No,5
Male,70,Yes,Yes,Yes,3,Yes,4,None,Yes,19.68,Yes,Yes,53,Yes,Yes,No,No,No,Yes,No,Yes,One Year,Yes,Bank Withdrawal,3,No,60
Male,65,Yes,No,No,0,No,0,Offer C,Yes,29.88,No,No,0,No,No,No,No,No,No,No,No,One Year,No,Credit Card,5,No,26
Female,66,Yes,No,No,0,No,0,Offer E,Yes,26.29,No,Yes,20,No,No,Yes,No,Yes,No,No,No,One Year,Yes,Bank Withdrawal,3,No,7
Female,70,Yes,No,No,0,No,0,Offer C,Yes,35.76,Yes,Yes,4,Yes,Yes,Yes,No,Yes,Yes,No,Yes,One Year,Yes,Bank Withdrawal,3,No,27
Male,77,Yes,No,No,0,No,0,Offer C,Yes,1.12,Yes,Yes,5,No,No,Yes,No,No,No,No,Yes,One Year,Yes,Credit Card,4,No,32
Female,72,Yes,No,No,0,No,0,None,Yes,1.67,Yes,Yes,21,No,Yes,No,No,Yes,No,No,Yes,One Year,No,Credit Card,4,No,15
Female,67,Yes,No,No,0,No,0,None,Yes,17.62,No,Yes,25,Yes,No,No,No,No,No,No,No,One Year,Yes,Bank Withdrawal,4,No,23
Female,77,Yes,No,No,0,No,0,None,Yes,23.43,No,Yes,22,Yes,Yes,No,No,No,No,No,Yes,One Year,No,Bank Withdrawal,4,No,22
Female,73,Yes,Yes,No,0,Yes,10,None,Yes,14.34,Yes,Yes,14,No,No,No,No,Yes,No,No,Yes,One Year,Yes,Bank Withdrawal,3,No,4
Female,66,Yes,Yes,Yes,1,Yes,9,Offer C,Yes,5.73,Yes,Yes,30,No,No,Yes,No,Yes,No,No,Yes,One Year,Yes,Credit Card,5,No,32
Male,80,Yes,Yes,No,0,Yes,10,Offer E,No,0,No,Yes,13,Yes,No,No,No,No,No,No,Yes,One Year,No,Bank Withdrawal,3,No,7
Male,76,Yes,Yes,No,0,Yes,9,Offer E,Yes,22.4,No,Yes,23,Yes,No,No,No,Yes,No,No,Yes,One Year,No,Bank Withdrawal,3,No,8
Female,80,Yes,No,No,0,No,0,None,Yes,37.3,Yes,Yes,8,Yes,No,Yes,Yes,No,Yes,No,Yes,Two Year,No,Bank Withdrawal,3,No,56
Female,69,Yes,Yes,No,0,Yes,1,None,Yes,30.09,Yes,Yes,12,No,No,No,No,Yes,Yes,No,Yes,One Year,Yes,Credit Card,3,No,53
Male,69,Yes,Yes,No,0,Yes,2,None,Yes,45.83,No,No,0,No,No,No,No,No,No,No,No,One Year,Yes,Bank Withdrawal,5,No,23
Female,73,Yes,No,No,0,No,0,Offer E,Yes,14.22,No,Yes,4,No,Yes,No,No,Yes,No,No,Yes,One Year,Yes,Bank Withdrawal,4,No,5
Female,67,Yes,Yes,No,0,Yes,5,None,Yes,40.85,No,Yes,24,No,No,Yes,No,No,Yes,No,Yes,One Year,Yes,Bank Withdrawal,4,No,45
Female,69,Yes,Yes,No,0,Yes,2,None,Yes,24.62,No,Yes,30,Yes,Yes,Yes,Yes,Yes,Yes,No,Yes,Two Year,Yes,Bank Withdrawal,5,No,60
Female,80,Yes,Yes,No,0,Yes,5,Offer A,Yes,15.23,Yes,Yes,2,Yes,Yes,Yes,No,Yes,Yes,No,Yes,Two Year,Yes,Bank Withdrawal,3,No,72
Male,68,Yes,No,No,0,No,0,None,Yes,22.31,No,Yes,21,Yes,No,No,Yes,No,No,No,Yes,One Year,No,Credit Card,4,No,20
Female,71,Yes,No,No,0,No,0,None,Yes,6.13,Yes,Yes,2,No,Yes,No,No,No,No,No,Yes,Two Year,Yes,Credit Card,5,No,59
Male,74,Yes,Yes,No,0,Yes,6,None,Yes,4.2,Yes,Yes,22,No,No,Yes,No,Yes,Yes,No,Yes,One Year,Yes,Bank Withdrawal,5,No,46
Female,69,Yes,No,No,0,No,0,Offer A,Yes,37.39,Yes,Yes,22,Yes,Yes,Yes,Yes,Yes,Yes,No,No,Two Year,No,Credit Card,3,No,71
Male,70,Yes,No,No,0,No,0,None,Yes,44.08,Yes,Yes,20,No,No,No,No,Yes,No,No,Yes,One Year,Yes,Credit Card,3,No,47
Female,73,Yes,Yes,No,0,Yes,1,Offer A,Yes,4.59,Yes,Yes,27,Yes,Yes,Yes,Yes,Yes,Yes,No,Yes,Two Year,Yes,Bank Withdrawal,3,No,72
Male,73,Yes,Yes,No,0,Yes,8,None,Yes,45.76,No,No,0,No,No,No,No,No,No,No,No,One Year,No,Credit Card,5,No,14
Male,65,Yes,Yes,Yes,1,Yes,8,None,Yes,28.64,Yes,Yes,22,No,No,No,No,No,No,No,Yes,One Year,Yes,Credit Card,5,No,11
Female,65,Yes,Yes,No,0,Yes,5,None,Yes,11.41,Yes,Yes,25,No,Yes,Yes,No,Yes,No,No,Yes,One Year,Yes,Credit Card,5,No,62
Female,67,Yes,Yes,No,0,Yes,1,None,Yes,41.88,No,Yes,12,Yes,No,No,No,Yes,Yes,Yes,Yes,One Year,Yes,Bank Withdrawal,3,No,23
Female,72,Yes,Yes,No,0,Yes,1,Offer A,Yes,37.53,Yes,Yes,24,Yes,Yes,Yes,Yes,No,Yes,Yes,Yes,Two Year,Yes,Bank Withdrawal,3,No,71
Male,68,Yes,No,No,0,No,0,Offer A,No,0,No,Yes,13,No,Yes,Yes,No,Yes,No,No,Yes,One Year,Yes,Credit Card,3,No,70
Female,77,Yes,Yes,Yes,2,Yes,1,Offer C,Yes,49.21,Yes,Yes,19,No,Yes,No,No,Yes,Yes,No,Yes,One Year,Yes,Bank Withdrawal,3,No,32
Male,71,Yes,Yes,No,0,Yes,1,None,Yes,4.59,Yes,Yes,5,No,Yes,No,Yes,Yes,No,No,Yes,One Year,Yes,Bank Withdrawal,3,No,43
Female,75,Yes,No,No,0,No,0,Offer A,Yes,47.86,Yes,Yes,16,No,No,Yes,No,Yes,Yes,No,Yes,Two Year,No,Bank Withdrawal,5,No,71
Female,70,Yes,Yes,No,0,Yes,1,None,Yes,8.98,No,Yes,16,No,Yes,No,No,No,Yes,No,Yes,One Year,Yes,Bank Withdrawal,5,No,20
Male,77,Yes,Yes,No,0,Yes,2,None,Yes,2.19,Yes,Yes,8,No,Yes,Yes,Yes,Yes,No,No,Yes,One Year,Yes,Credit Card,3,No,61
Male,76,Yes,Yes,No,0,Yes,6,None,Yes,46.82,No,Yes,11,No,No,No,No,Yes,Yes,No,No,One Year,Yes,Bank Withdrawal,4,No,23
Female,67,Yes,Yes,No,0,Yes,5,None,Yes,33.21,No,Yes,4,No,No,Yes,Yes,Yes,No,No,Yes,Two Year,No,Credit Card,3,No,55
Female,67,Yes,No,No,0,No,0,Offer B,No,0,No,Yes,4,No,No,No,No,No,Yes,No,No,One Year,No,Bank Withdrawal,3,No,45
Male,71,Yes,No,Yes,2,No,0,Offer B,Yes,10.57,No,Yes,28,Yes,No,No,No,Yes,Yes,No,Yes,One Year,No,Credit Card,4,No,56
Female,66,Yes,No,No,0,No,0,None,Yes,8.75,Yes,Yes,4,Yes,No,No,No,No,No,No,No,One Year,Yes,Bank Withdrawal,4,No,4
Male,75,Yes,Yes,No,0,Yes,5,Offer B,Yes,26,Yes,Yes,16,Yes,Yes,Yes,No,No,No,No,Yes,One Year,Yes,Bank Withdrawal,4,No,49
Female,78,Yes,Yes,No,0,Yes,2,Offer A,Yes,12.26,No,Yes,3,Yes,Yes,Yes,Yes,Yes,No,No,Yes,Two Year,Yes,Bank Withdrawal,3,No,71
Female,74,Yes,Yes,No,0,Yes,3,Offer A,Yes,28.72,Yes,Yes,25,Yes,Yes,Yes,Yes,Yes,Yes,No,Yes,Two Year,Yes,Bank Withdrawal,3,No,72
Male,75,Yes,Yes,No,0,Yes,3,Offer A,Yes,16.72,Yes,Yes,9,Yes,Yes,Yes,No,Yes,Yes,No,Yes,Two Year,No,Credit Card,3,No,72
Female,71,Yes,No,No,0,No,0,None,Yes,21.49,No,Yes,4,No,No,No,No,Yes,No,No,Yes,One Year,No,Bank Withdrawal,5,No,20
Male,66,Yes,Yes,No,0,Yes,4,Offer B,Yes,26.55,Yes,Yes,2,No,Yes,No,No,No,No,No,Yes,One Year,Yes,Bank Withdrawal,3,No,61
Male,79,Yes,No,No,0,No,0,Offer C,Yes,6.59,No,Yes,21,No,Yes,Yes,No,Yes,Yes,No,No,One Year,Yes,Bank Withdrawal,4,No,29
Female,69,Yes,No,No,0,No,0,None,Yes,41.13,No,Yes,23,No,Yes,No,No,No,No,No,Yes,One Year,Yes,Credit Card,3,No,18
Male,70,Yes,Yes,No,0,Yes,7,None,Yes,36.6,Yes,Yes,10,Yes,Yes,Yes,Yes,No,No,No,Yes,One Year,Yes,Bank Withdrawal,3,No,71
Male,69,Yes,No,No,0,No,0,Offer B,Yes,47.06,No,Yes,3,No,No,Yes,No,No,No,No,No,One Year,No,Bank Withdrawal,5,No,44
Female,68,Yes,Yes,No,0,Yes,8,Offer B,Yes,15.3,Yes,Yes,29,Yes,Yes,Yes,No,Yes,Yes,No,Yes,One Year,Yes,Credit Card,3,No,65
Female,66,Yes,Yes,No,0,Yes,5,Offer B,Yes,45.37,Yes,Yes,28,No,Yes,No,No,Yes,Yes,No,Yes,One Year,Yes,Bank Withdrawal,3,No,58
Female,67,Yes,No,No,0,No,0,Offer E,Yes,2.03,No,No,0,No,No,No,No,No,No,No,No,Two Year,No,Bank Withdrawal,3,No,6
Male,69,Yes,No,No,0,No,0,Offer B,No,0,No,Yes,19,Yes,No,No,No,Yes,Yes,Yes,Yes,Two Year,Yes,Credit Card,3,No,52
Female,73,Yes,Yes,No,0,Yes,2,None,Yes,19.39,Yes,Yes,13,No,Yes,No,Yes,Yes,Yes,Yes,Yes,Two Year,No,Credit Card,4,No,69
Female,74,Yes,No,No,0,No,0,None,Yes,26.68,No,Yes,24,No,No,Yes,No,Yes,Yes,Yes,Yes,Two Year,Yes,Bank Withdrawal,4,No,13
Female,70,Yes,Yes,No,0,Yes,6,None,Yes,22,No,Yes,27,No,Yes,Yes,No,Yes,Yes,Yes,Yes,Two Year,Yes,Bank Withdrawal,4,No,71
Female,73,Yes,Yes,No,0,No,0,None,Yes,44.01,Yes,Yes,17,No,Yes,Yes,No,Yes,No,No,Yes,One Year,Yes,Bank Withdrawal,5,No,66
Male,79,Yes,Yes,No,0,Yes,9,Offer B,Yes,23.33,Yes,Yes,29,No,Yes,Yes,No,No,Yes,No,Yes,Two Year,Yes,Bank Withdrawal,3,No,64
Female,74,Yes,No,No,0,No,0,Offer B,Yes,34.12,Yes,Yes,15,No,No,Yes,No,Yes,Yes,No,Yes,One Year,Yes,Bank Withdrawal,4,No,45
Female,74,Yes,Yes,Yes,3,Yes,4,None,Yes,2.03,No,Yes,53,No,Yes,Yes,No,No,Yes,No,Yes,Two Year,Yes,Bank Withdrawal,5,No,23
Male,68,Yes,Yes,No,0,Yes,2,None,Yes,3.19,Yes,Yes,26,Yes,Yes,No,Yes,No,No,No,Yes,Two Year,No,Bank Withdrawal,4,No,7
Male,75,Yes,Yes,No,0,Yes,4,None,Yes,16.87,Yes,Yes,17,No,No,Yes,No,No,No,No,No,Two Year,Yes,Bank Withdrawal,5,No,6
Male,77,Yes,No,No,0,No,0,None,Yes,30.11,No,Yes,25,No,No,No,No,No,No,No,Yes,Two Year,No,Bank Withdrawal,3,No,4
Male,75,Yes,No,No,0,No,0,None,Yes,2.63,Yes,Yes,13,No,Yes,Yes,Yes,Yes,Yes,No,No,Two Year,Yes,Bank Withdrawal,3,No,11
Female,78,Yes,Yes,No,0,Yes,2,None,Yes,40.55,No,Yes,20,No,Yes,Yes,Yes,No,No,No,Yes,One Year,Yes,Bank Withdrawal,5,No,68
Female,73,Yes,Yes,No,0,Yes,4,None,Yes,30.3,Yes,Yes,18,No,Yes,Yes,No,No,Yes,No,No,One Year,No,Bank Withdrawal,5,No,21
Female,75,Yes,No,No,0,No,0,Offer B,No,0,No,Yes,9,No,Yes,Yes,No,Yes,Yes,No,Yes,Two Year,Yes,Bank Withdrawal,3,No,65
Female,66,Yes,No,No,0,No,0,Offer B,Yes,10.6,Yes,Yes,14,No,Yes,No,Yes,Yes,Yes,No,Yes,One Year,Yes,Bank Withdrawal,3,No,50
Female,67,Yes,No,No,0,No,0,None,Yes,7.82,No,Yes,7,No,Yes,Yes,No,Yes,No,No,Yes,Two Year,Yes,Bank Withdrawal,4,No,7
Male,67,Yes,Yes,Yes,2,Yes,4,None,Yes,16.82,No,Yes,25,Yes,No,Yes,Yes,Yes,Yes,No,No,Two Year,Yes,Credit Card,3,No,72
Female,68,Yes,Yes,No,0,Yes,8,Offer C,Yes,47.75,Yes,Yes,27,No,Yes,No,No,Yes,No,No,Yes,Two Year,Yes,Bank Withdrawal,5,No,30
Male,79,Yes,Yes,No,0,Yes,7,Offer C,Yes,4.75,Yes,Yes,24,No,Yes,Yes,No,Yes,Yes,No,Yes,Two Year,Yes,Bank Withdrawal,4,No,38
Male,71,Yes,Yes,Yes,1,Yes,10,None,Yes,18.23,Yes,Yes,11,Yes,No,No,No,No,No,No,Yes,Two Year,Yes,Bank Withdrawal,4,No,60
Female,69,Yes,Yes,No,0,Yes,4,None,Yes,48.53,Yes,Yes,9,No,Yes,Yes,No,Yes,Yes,No,Yes,Two Year,Yes,Bank Withdrawal,5,No,65
Female,70,Yes,Yes,No,0,Yes,3,None,Yes,2.67,Yes,Yes,25,Yes,Yes,Yes,Yes,No,Yes,No,Yes,One Year,Yes,Credit Card,4,No,67
Male,72,Yes,No,Yes,1,No,0,None,Yes,41.14,No,Yes,17,No,No,No,No,No,No,No,Yes,Two Year,Yes,Credit Card,4,No,7
Male,71,Yes,Yes,No,0,No,0,Offer C,Yes,30.49,No,Yes,16,No,No,No,No,No,No,No,Yes,Two Year,Yes,Bank Withdrawal,3,No,27
Female,68,Yes,Yes,No,0,Yes,4,None,Yes,22.74,Yes,Yes,21,No,Yes,Yes,Yes,No,No,No,Yes,Two Year,No,Bank Withdrawal,4,No,55
Female,74,Yes,No,No,0,No,0,None,Yes,46.65,No,Yes,25,No,No,Yes,No,No,No,No,Yes,Two Year,No,Bank Withdrawal,4,No,3
Male,69,Yes,No,No,0,No,0,None,Yes,19.92,Yes,Yes,30,No,No,Yes,Yes,Yes,No,No,Yes,Two Year,Yes,Credit Card,3,No,30
Female,76,Yes,No,No,0,No,0,None,Yes,32.98,No,Yes,14,No,Yes,No,No,Yes,No,No,Yes,Two Year,Yes,Bank Withdrawal,3,No,2
Female,79,Yes,No,No,0,No,0,None,Yes,32.19,Yes,Yes,11,No,No,No,No,Yes,Yes,Yes,Yes,Two Year,Yes,Bank Withdrawal,4,No,17
Male,80,Yes,Yes,Yes,2,Yes,10,None,Yes,4.51,Yes,Yes,22,No,Yes,No,No,Yes,Yes,Yes,Yes,One Year,No,Bank Withdrawal,5,No,61
Male,75,Yes,No,No,0,No,0,None,Yes,23.04,Yes,Yes,25,No,Yes,Yes,Yes,Yes,Yes,Yes,Yes,Two Year,Yes,Bank Withdrawal,5,No,52
Female,70,Yes,Yes,No,0,Yes,10,None,Yes,28.09,Yes,Yes,20,Yes,Yes,Yes,Yes,No,No,No,Yes,Two Year,Yes,Bank Withdrawal,4,No,72
Female,76,Yes,No,No,0,No,0,None,Yes,7.72,No,Yes,17,No,No,Yes,Yes,Yes,Yes,Yes,Yes,One Year,No,Bank Withdrawal,5,No,44
Male,67,Yes,No,No,0,No,0,None,Yes,4.4,Yes,Yes,10,Yes,No,Yes,Yes,Yes,Yes,Yes,Yes,Two Year,Yes,Bank Withdrawal,3,No,65
Male,77,Yes,Yes,No,0,No,0,None,Yes,28.99,Yes,No,0,No,No,No,No,No,No,No,No,Two Year,Yes,Bank Withdrawal,5,No,72
Male,80,Yes,Yes,No,0,Yes,2,None,Yes,22.95,Yes,Yes,15,No,Yes,Yes,No,Yes,Yes,Yes,Yes,One Year,Yes,Bank Withdrawal,4,No,60
Female,79,Yes,No,No,0,No,0,None,Yes,12.09,Yes,Yes,15,No,No,No,Yes,No,Yes,Yes,Yes,Two Year,Yes,Bank Withdrawal,5,No,26
Female,79,Yes,Yes,No,0,Yes,2,None,Yes,35.38,Yes,Yes,7,Yes,No,Yes,No,Yes,Yes,Yes,Yes,One Year,Yes,Bank Withdrawal,3,No,42
Female,66,Yes,No,No,0,No,0,None,Yes,8.72,Yes,Yes,18,No,No,Yes,No,No,No,No,Yes,Two Year,Yes,Credit Card,5,No,23
Male,65,Yes,Yes,No,0,No,0,None,Yes,44.61,Yes,Yes,30,No,Yes,No,No,Yes,Yes,Yes,Yes,Two Year,No,Bank Withdrawal,3,No,72
Female,73,Yes,Yes,No,0,Yes,5,Offer D,Yes,17.22,Yes,Yes,25,Yes,Yes,No,Yes,No,No,No,Yes,Two Year,Yes,Credit Card,3,No,22
Male,69,Yes,No,No,0,No,0,None,Yes,18.58,Yes,Yes,14,No,Yes,No,No,No,Yes,No,Yes,Two Year,Yes,Bank Withdrawal,5,No,54
Female,78,Yes,Yes,No,0,Yes,1,None,Yes,46.77,Yes,Yes,24,Yes,Yes,Yes,No,No,No,No,Yes,Two Year,Yes,Credit Card,3,No,47
Female,78,Yes,No,No,0,No,0,None,No,0,No,Yes,23,No,Yes,Yes,Yes,Yes,No,No,Yes,Two Year,Yes,Bank Withdrawal,3,No,52
Female,76,Yes,Yes,No,0,Yes,2,None,Yes,17.12,No,Yes,17,No,No,Yes,No,No,Yes,No,Yes,One Year,No,Credit Card,5,No,26
Male,71,Yes,No,No,0,No,0,None,Yes,5.87,Yes,Yes,2,No,Yes,No,No,Yes,Yes,No,Yes,One Year,Yes,Bank Withdrawal,4,No,48
Male,72,Yes,No,No,0,No,0,None,No,0,No,Yes,10,No,Yes,No,No,Yes,Yes,No,Yes,Two Year,Yes,Credit Card,3,No,4
Female,70,Yes,Yes,No,0,Yes,1,None,Yes,24.44,Yes,Yes,13,Yes,Yes,Yes,Yes,Yes,Yes,No,Yes,Two Year,No,Credit Card,3,No,72
Female,71,Yes,Yes,Yes,1,Yes,7,Offer D,Yes,40.19,Yes,Yes,27,No,No,No,No,Yes,No,No,Yes,Two Year,No,Bank Withdrawal,5,No,22
Male,74,Yes,No,No,0,No,0,None,Yes,8.66,Yes,Yes,27,No,Yes,No,No,No,No,No,No,Two Year,No,Credit Card,5,No,24
Male,75,Yes,No,No,0,No,0,None,Yes,46.71,Yes,Yes,24,No,Yes,No,No,Yes,No,No,No,Two Year,Yes,Bank Withdrawal,5,No,31
Female,65,Yes,No,No,0,No,0,None,Yes,24.96,No,Yes,9,No,No,Yes,No,No,No,No,Yes,Two Year,No,Credit Card,3,No,9
Male,80,Yes,No,No,0,No,0,None,Yes,6.1,Yes,Yes,9,No,Yes,No,Yes,Yes,Yes,No,Yes,One Year,No,Bank Withdrawal,4,No,71
Male,76,Yes,Yes,No,0,Yes,7,None,Yes,17.84,Yes,Yes,20,No,No,No,No,No,No,No,Yes,Two Year,No,Bank Withdrawal,5,No,1
Female,73,Yes,No,No,0,No,0,Offer E,Yes,32.61,No,Yes,27,No,No,No,No,No,No,No,No,Two Year,Yes,Credit Card,4,No,1
Female,67,Yes,No,No,0,No,0,None,Yes,12.72,Yes,Yes,23,No,Yes,Yes,Yes,No,No,No,Yes,Two Year,No,Bank Withdrawal,4,No,28
Male,66,Yes,No,No,0,No,0,Offer D,Yes,22.9,No,Yes,24,No,No,No,No,No,No,No,Yes,Two Year,No,Bank Withdrawal,3,No,16
Male,65,Yes,Yes,No,0,Yes,1,None,Yes,16.65,Yes,Yes,5,No,Yes,Yes,No,Yes,Yes,Yes,Yes,One Year,Yes,Bank Withdrawal,3,No,65
Male,76,Yes,No,No,0,No,0,None,Yes,5.19,Yes,Yes,16,No,No,Yes,No,Yes,Yes,No,No,Two Year,Yes,Bank Withdrawal,3,No,56
Male,79,Yes,Yes,No,0,Yes,1,None,Yes,17.3,Yes,Yes,23,Yes,Yes,Yes,No,Yes,Yes,No,Yes,Two Year,Yes,Credit Card,3,No,72
Male,76,Yes,Yes,No,0,Yes,7,Offer D,Yes,24.42,No,Yes,29,No,No,No,No,No,No,No,Yes,Two Year,Yes,Bank Withdrawal,3,No,11
Male,77,Yes,Yes,No,0,Yes,7,None,Yes,40.5,Yes,Yes,8,No,No,Yes,No,Yes,Yes,No,Yes,Two Year,No,Bank Withdrawal,5,No,30
Female,71,Yes,Yes,No,0,No,0,None,Yes,19.14,Yes,Yes,13,Yes,Yes,Yes,Yes,No,No,No,No,One Year,Yes,Bank Withdrawal,3,No,59
Male,75,Yes,Yes,No,0,Yes,5,None,Yes,28.5,Yes,Yes,5,Yes,Yes,Yes,No,No,Yes,No,Yes,Two Year,Yes,Credit Card,3,No,72
Male,75,Yes,Yes,No,0,Yes,2,None,Yes,1.23,No,Yes,9,No,Yes,Yes,Yes,No,Yes,No,Yes,Two Year,Yes,Credit Card,4,No,71
Male,71,Yes,Yes,No,0,Yes,8,None,Yes,31.68,No,Yes,30,Yes,Yes,Yes,Yes,Yes,Yes,No,Yes,Two Year,Yes,Bank Withdrawal,3,No,56
Male,72,Yes,No,No,0,No,0,None,Yes,35,No,Yes,12,No,Yes,Yes,No,Yes,Yes,No,Yes,One Year,Yes,Bank Withdrawal,5,No,34
Female,76,Yes,No,No,0,No,0,None,Yes,22.86,Yes,Yes,24,Yes,No,Yes,Yes,Yes,Yes,No,Yes,Two Year,Yes,Bank Withdrawal,4,No,64
Male,70,Yes,No,No,0,No,0,Offer D,Yes,48.46,No,Yes,23,No,No,No,No,Yes,Yes,No,Yes,Two Year,No,Bank Withdrawal,4,No,20
Female,73,Yes,Yes,No,0,Yes,3,Offer A,Yes,39.34,Yes,Yes,13,No,Yes,No,Yes,Yes,Yes,No,Yes,Two Year,Yes,Bank Withdrawal,4,No,70
Male,78,Yes,No,No,0,No,0,Offer E,Yes,17.13,No,Yes,9,No,No,No,No,No,No,No,Yes,Two Year,Yes,Credit Card,4,No,5
Female,74,Yes,Yes,No,0,Yes,4,Offer A,Yes,5.77,Yes,Yes,24,Yes,Yes,Yes,Yes,Yes,Yes,No,Yes,Two Year,Yes,Credit Card,3,No,72
Female,73,Yes,Yes,No,0,No,0,Offer A,Yes,28.06,Yes,Yes,20,No,Yes,No,No,Yes,Yes,No,Yes,Two Year,Yes,Bank Withdrawal,4,No,66
Male,69,Yes,Yes,No,0,Yes,7,Offer A,Yes,5.27,No,Yes,9,Yes,Yes,Yes,Yes,Yes,No,No,No,Two Year,No,Bank Withdrawal,4,No,72
Male,73,Yes,Yes,No,0,Yes,10,Offer A,Yes,1.34,Yes,Yes,30,Yes,Yes,Yes,Yes,No,No,No,Yes,Two Year,Yes,Bank Withdrawal,3,No,72
Male,79,Yes,Yes,No,0,Yes,5,None,Yes,39,No,Yes,11,Yes,No,Yes,Yes,Yes,Yes,No,Yes,One Year,Yes,Bank Withdrawal,3,No,52
Female,72,Yes,No,No,0,No,0,None,Yes,44.14,No,Yes,23,No,No,No,No,Yes,Yes,No,Yes,Two Year,Yes,Bank Withdrawal,3,No,40
Female,75,Yes,Yes,No,0,Yes,10,None,Yes,20.83,Yes,Yes,9,No,No,Yes,Yes,Yes,Yes,No,Yes,Two Year,No,Bank Withdrawal,4,No,44
Female,68,Yes,No,No,0,No,0,Offer E,Yes,10.53,No,Yes,21,Yes,No,No,No,No,No,No,Yes,Two Year,Yes,Bank Withdrawal,3,No,7
Male,66,Yes,No,No,0,No,0,Offer A,Yes,2.37,Yes,No,0,No,No,No,No,No,No,No,No,Two Year,Yes,Credit Card,5,No,72
Female,74,Yes,No,No,0,No,0,Offer E,Yes,39.86,Yes,Yes,23,No,No,No,Yes,Yes,Yes,Yes,Yes,Two Year,Yes,Credit Card,4,No,8
Male,78,Yes,Yes,No,0,Yes,7,Offer E,Yes,25.57,No,Yes,12,No,No,Yes,Yes,No,Yes,Yes,Yes,Two Year,Yes,Credit Card,5,No,8
Male,73,Yes,No,No,0,No,0,Offer E,Yes,49.34,No,Yes,15,No,No,No,No,No,No,No,Yes,Two Year,No,Bank Withdrawal,3,No,1
Female,79,Yes,Yes,Yes,3,Yes,6,None,Yes,13.4,No,Yes,75,Yes,No,Yes,Yes,Yes,Yes,Yes,Yes,Two Year,Yes,Bank Withdrawal,3,No,48
Female,69,Yes,No,No,0,No,0,None,Yes,32.41,Yes,Yes,21,No,Yes,Yes,No,Yes,No,No,Yes,Two Year,Yes,Bank Withdrawal,4,No,65
Female,68,Yes,Yes,No,0,Yes,4,None,Yes,46.24,No,Yes,4,No,No,Yes,No,Yes,No,No,Yes,Two Year,Yes,Credit Card,3,No,26
Female,70,Yes,Yes,No,0,Yes,1,None,Yes,45.13,Yes,Yes,10,No,No,Yes,No,Yes,Yes,Yes,Yes,Two Year,No,Bank Withdrawal,5,No,35
Male,69,Yes,Yes,No,0,Yes,6,Offer D,Yes,48.41,Yes,Yes,6,No,No,No,No,Yes,No,No,Yes,Two Year,Yes,Credit Card,4,No,16
Female,75,Yes,No,No,0,No,0,Offer D,No,0,No,Yes,24,Yes,No,Yes,Yes,No,No,No,Yes,Two Year,No,Credit Card,4,No,14
Male,75,Yes,No,No,0,No,0,Offer D,Yes,1.92,Yes,Yes,25,No,No,Yes,Yes,Yes,No,No,Yes,Two Year,No,Bank Withdrawal,4,No,18
Female,67,Yes,Yes,No,0,Yes,1,Offer A,Yes,9.96,No,Yes,14,Yes,Yes,Yes,Yes,Yes,Yes,Yes,Yes,Two Year,Yes,Bank Withdrawal,3,No,71
Male,65,Yes,Yes,No,0,Yes,1,None,Yes,25.19,Yes,Yes,22,No,No,Yes,No,No,Yes,Yes,Yes,Two Year,Yes,Credit Card,4,No,48
Female,67,Yes,Yes,No,0,Yes,1,None,Yes,44.26,Yes,Yes,22,No,No,Yes,No,Yes,No,No,Yes,One Year,Yes,Bank Withdrawal,3,No,31
Female,74,Yes,Yes,No,0,Yes,1,None,Yes,49.82,Yes,Yes,27,Yes,Yes,No,No,No,Yes,Yes,No,One Year,No,Credit Card,4,No,38
Male,72,Yes,No,Yes,1,No,0,None,Yes,11.86,No,Yes,23,No,Yes,No,Yes,No,No,No,Yes,Two Year,Yes,Bank Withdrawal,4,No,11
Female,77,Yes,No,No,0,No,0,None,Yes,2.97,Yes,Yes,4,No,Yes,Yes,No,No,No,No,Yes,Two Year,Yes,Bank Withdrawal,4,No,27
Male,72,Yes,No,No,0,No,0,Offer E,Yes,2.97,No,Yes,5,No,No,No,No,No,No,No,Yes,Two Year,Yes,Bank Withdrawal,3,No,1
Male,75,Yes,Yes,No,0,Yes,10,None,Yes,4.21,No,Yes,21,Yes,Yes,Yes,No,No,No,No,Yes,One Year,Yes,Credit Card,4,No,59
Female,79,Yes,Yes,No,0,No,0,None,Yes,31.43,Yes,No,0,No,No,No,No,No,No,No,No,One Year,No,Bank Withdrawal,3,No,50
Female,72,Yes,No,No,0,No,0,None,Yes,47.48,No,Yes,8,Yes,No,No,No,No,No,No,Yes,Two Year,Yes,Credit Card,3,No,31
Female,66,Yes,No,No,0,No,0,None,Yes,24.95,No,Yes,22,No,No,No,No,Yes,No,No,Yes,Two Year,No,Credit Card,4,No,2
Female,65,Yes,No,No,0,No,0,None,Yes,4.29,Yes,Yes,7,No,No,No,No,No,No,No,Yes,Two Year,Yes,Bank Withdrawal,3,No,4
Male,66,Yes,Yes,No,0,Yes,10,None,Yes,46.62,No,Yes,4,No,Yes,Yes,No,Yes,No,No,Yes,One Year,Yes,Bank Withdrawal,4,No,57
Male,77,Yes,Yes,No,0,Yes,1,None,Yes,40.9,Yes,Yes,8,Yes,No,Yes,No,Yes,Yes,Yes,Yes,Two Year,Yes,Credit Card,4,No,50
Male,68,Yes,Yes,No,0,Yes,5,None,Yes,19.14,Yes,No,0,No,No,No,No,No,No,No,No,Two Year,No,Bank Withdrawal,3,No,61
Female,65,Yes,Yes,No,0,Yes,5,Offer A,Yes,8.68,Yes,No,0,No,No,No,No,No,No,No,No,Two Year,No,Bank Withdrawal,5,No,72
Male,73,Yes,Yes,No,0,Yes,10,None,Yes,32.03,No,Yes,16,Yes,No,Yes,No,No,Yes,Yes,Yes,One Year,No,Bank Withdrawal,3,No,29
Female,69,Yes,No,No,0,No,0,None,Yes,14.61,No,Yes,9,No,No,Yes,Yes,Yes,Yes,Yes,Yes,One Year,Yes,Bank Withdrawal,5,No,41
Female,67,Yes,Yes,No,0,Yes,1,Offer A,Yes,18.67,Yes,Yes,21,Yes,Yes,Yes,Yes,Yes,Yes,Yes,Yes,Two Year,Yes,Bank Withdrawal,4,No,70
Male,67,Yes,No,No,0,No,0,None,Yes,42.53,No,Yes,6,No,No,No,No,No,No,No,Yes,Two Year,Yes,Credit Card,3,No,8
Male,80,Yes,No,No,0,No,0,None,Yes,7.03,No,No,0,No,No,No,No,No,No,No,No,Two Year,No,Bank Withdrawal,5,No,2
Female,80,Yes,No,Yes,1,No,0,None,Yes,37.42,Yes,Yes,17,No,No,No,Yes,Yes,Yes,Yes,Yes,Two Year,Yes,Bank Withdrawal,4,No,30
Female,67,Yes,No,No,0,No,0,Offer B,Yes,11.23,No,Yes,30,Yes,No,Yes,Yes,Yes,No,No,Yes,Two Year,No,Bank Withdrawal,4,No,57
Female,72,Yes,Yes,No,0,Yes,1,None,Yes,19.44,No,Yes,4,No,Yes,Yes,No,No,Yes,Yes,Yes,Two Year,No,Bank Withdrawal,3,No,25
Male,73,Yes,Yes,Yes,2,Yes,1,None,Yes,4.71,Yes,Yes,21,No,No,No,No,No,No,No,No,One Year,Yes,Bank Withdrawal,3,No,28
Female,74,Yes,Yes,No,0,Yes,8,Offer A,Yes,46.2,Yes,Yes,14,Yes,Yes,Yes,Yes,Yes,Yes,No,Yes,Two Year,Yes,Credit Card,3,No,70
Female,79,Yes,No,No,0,No,0,None,Yes,43.99,No,Yes,27,Yes,Yes,No,Yes,No,No,No,No,Two Year,No,Credit Card,4,No,5
Male,73,Yes,Yes,No,0,Yes,10,None,Yes,44.54,No,Yes,18,Yes,Yes,No,Yes,No,Yes,No,Yes,One Year,Yes,Bank Withdrawal,4,No,33
Female,65,Yes,No,No,0,No,0,None,Yes,41.98,No,No,0,No,No,No,No,No,No,No,No,Two Year,No,Credit Card,5,No,4
Female,79,Yes,Yes,No,0,Yes,6,Offer A,Yes,14.75,Yes,Yes,16,Yes,Yes,Yes,Yes,Yes,Yes,No,Yes,Two Year,Yes,Credit Card,3,No,72
Female,79,Yes,No,No,0,No,0,None,Yes,14.23,Yes,Yes,13,No,Yes,No,Yes,Yes,No,No,Yes,Two Year,Yes,Bank Withdrawal,4,No,34
Male,65,Yes,Yes,No,0,Yes,8,Offer B,No,0,No,Yes,9,No,Yes,Yes,No,Yes,Yes,Yes,Yes,Two Year,Yes,Bank Withdrawal,3,No,41
Female,78,Yes,Yes,Yes,1,Yes,8,Offer B,Yes,5.93,No,Yes,19,Yes,No,No,Yes,Yes,Yes,No,No,Two Year,Yes,Credit Card,4,No,56
Male,75,Yes,No,No,0,No,0,Offer B,Yes,42.19,Yes,Yes,11,No,No,No,No,No,No,No,Yes,Two Year,Yes,Bank Withdrawal,3,No,52
Female,70,Yes,Yes,No,0,Yes,6,Offer B,Yes,24.68,Yes,Yes,19,No,Yes,No,No,No,Yes,No,No,Two Year,No,Bank Withdrawal,3,No,60
Male,75,Yes,No,No,0,No,0,None,No,0,No,Yes,26,No,Yes,No,Yes,No,Yes,No,Yes,Two Year,Yes,Bank Withdrawal,4,No,7
Male,75,Yes,No,No,0,No,0,Offer C,No,0,No,Yes,29,No,Yes,Yes,No,No,No,No,Yes,Two Year,No,Bank Withdrawal,5,No,37
Female,76,Yes,Yes,Yes,3,Yes,8,Offer B,Yes,1.58,Yes,Yes,27,No,No,Yes,Yes,Yes,Yes,No,Yes,One Year,Yes,Bank Withdrawal,3,No,65
Female,72,Yes,No,No,0,No,0,Offer A,Yes,36.48,Yes,Yes,5,Yes,Yes,No,Yes,No,No,No,Yes,One Year,Yes,Credit Card,3,No,66
Male,69,Yes,Yes,No,0,Yes,5,Offer B,Yes,10.4,Yes,Yes,5,No,No,No,Yes,Yes,Yes,No,No,Two Year,Yes,Bank Withdrawal,3,No,60
Male,69,Yes,Yes,No,0,Yes,4,None,Yes,40.94,Yes,Yes,8,Yes,Yes,Yes,Yes,Yes,Yes,No,Yes,Two Year,Yes,Credit Card,3,No,70
Male,76,Yes,No,No,0,No,0,None,Yes,38.85,Yes,Yes,19,No,No,Yes,No,Yes,Yes,No,Yes,Two Year,Yes,Credit Card,4,No,67
Female,78,Yes,Yes,Yes,1,Yes,2,None,Yes,9.88,Yes,Yes,16,Yes,Yes,Yes,Yes,Yes,Yes,No,Yes,Two Year,Yes,Bank Withdrawal,3,No,72
Male,68,Yes,No,No,0,No,0,None,Yes,44.56,Yes,Yes,29,Yes,Yes,Yes,Yes,Yes,Yes,No,No,Two Year,Yes,Credit Card,3,No,67
Female,65,Yes,No,No,0,No,0,None,Yes,12.67,No,Yes,20,Yes,No,No,No,No,No,No,Yes,Two Year,Yes,Bank Withdrawal,3,No,6
Male,78,Yes,Yes,No,0,Yes,9,Offer C,Yes,43.54,Yes,Yes,3,No,Yes,Yes,No,No,Yes,No,Yes,Two Year,Yes,Bank Withdrawal,5,No,32
Male,67,Yes,Yes,No,0,Yes,1,None,No,0,No,Yes,27,No,Yes,Yes,No,No,Yes,No,Yes,Two Year,Yes,Credit Card,3,No,8
Female,73,Yes,No,Yes,2,No,0,Offer C,Yes,12.75,Yes,Yes,19,No,Yes,Yes,No,Yes,Yes,No,Yes,Two Year,Yes,Bank Withdrawal,5,No,33
Male,72,Yes,Yes,No,0,Yes,7,Offer B,Yes,12.91,Yes,Yes,21,No,Yes,Yes,Yes,Yes,Yes,No,Yes,Two Year,Yes,Bank Withdrawal,5,No,55
Female,71,Yes,No,No,0,No,0,None,No,0,No,Yes,5,No,No,No,No,Yes,Yes,Yes,Yes,Two Year,Yes,Bank Withdrawal,4,No,14
Male,78,Yes,No,No,0,No,0,Offer B,Yes,28.44,No,Yes,24,No,No,Yes,Yes,No,No,No,Yes,One Year,Yes,Bank Withdrawal,4,No,57
Female,66,Yes,Yes,No,0,Yes,8,None,Yes,15.6,No,Yes,19,No,No,Yes,Yes,Yes,No,No,Yes,Two Year,No,Bank Withdrawal,4,No,37
Female,78,Yes,No,No,0,No,0,None,Yes,18.39,No,No,0,No,No,No,No,No,No,No,No,Two Year,Yes,Credit Card,5,No,24
Male,76,Yes,No,Yes,2,No,0,None,Yes,45.13,Yes,Yes,27,Yes,No,No,No,No,No,No,Yes,Two Year,Yes,Credit Card,3,No,38
Male,72,Yes,Yes,No,0,Yes,6,Offer B,Yes,14.65,Yes,Yes,30,No,No,Yes,No,Yes,No,No,Yes,Two Year,Yes,Bank Withdrawal,4,No,44
Male,73,Yes,No,No,0,No,0,None,Yes,14.69,Yes,No,0,No,No,No,No,No,No,No,No,Two Year,No,Credit Card,3,No,67
Female,75,Yes,Yes,No,0,Yes,7,None,Yes,38.59,No,Yes,24,No,No,No,No,No,No,No,Yes,Two Year,Yes,Bank Withdrawal,4,No,25
Female,74,Yes,Yes,No,0,Yes,3,None,Yes,11.91,Yes,Yes,10,Yes,Yes,No,No,Yes,Yes,Yes,Yes,One Year,Yes,Bank Withdrawal,3,No,67
Male,76,Yes,Yes,No,0,Yes,9,None,No,0,No,Yes,9,Yes,Yes,Yes,Yes,Yes,Yes,Yes,Yes,Two Year,Yes,Credit Card,5,No,72
Male,68,Yes,Yes,No,0,Yes,3,None,No,0,No,Yes,28,No,No,Yes,Yes,No,No,No,Yes,Two Year,No,Credit Card,4,No,24
Male,66,Yes,No,No,0,No,0,Offer E,Yes,39.77,Yes,Yes,25,No,No,No,No,No,No,No,Yes,Two Year,Yes,Bank Withdrawal,5,No,9
Female,70,Yes,No,No,0,No,0,Offer B,Yes,35.39,No,Yes,19,No,Yes,Yes,No,No,Yes,Yes,Yes,One Year,No,Credit Card,4,No,44
Female,65,Yes,Yes,Yes,2,Yes,2,None,Yes,9.4,Yes,Yes,17,No,Yes,Yes,Yes,Yes,Yes,Yes,No,One Year,Yes,Bank Withdrawal,3,No,70
Male,73,Yes,Yes,Yes,1,Yes,8,None,Yes,35.14,No,No,0,No,No,No,No,No,No,No,No,One Year,No,Bank Withdrawal,3,No,68
Female,68,Yes,Yes,No,0,Yes,10,None,Yes,15.82,Yes,Yes,13,Yes,Yes,Yes,Yes,No,Yes,Yes,Yes,Two Year,No,Bank Withdrawal,3,No,72
Female,76,Yes,No,No,0,No,0,None,Yes,35.67,No,Yes,8,No,Yes,No,No,No,No,No,Yes,Two Year,No,Bank Withdrawal,4,No,4
Male,65,Yes,No,No,0,No,0,Offer E,Yes,37.78,Yes,Yes,28,No,No,No,No,Yes,Yes,Yes,Yes,Two Year,Yes,Bank Withdrawal,4,No,3
Male,76,Yes,No,No,0,No,0,None,Yes,20.06,Yes,Yes,3,No,Yes,No,No,No,Yes,Yes,Yes,Two Year,No,Bank Withdrawal,4,No,39
Male,79,Yes,No,No,0,No,0,None,No,0,No,Yes,4,No,Yes,No,No,No,No,No,Yes,Two Year,Yes,Credit Card,3,No,12
Male,69,Yes,No,No,0,No,0,None,Yes,24.92,Yes,Yes,11,No,Yes,No,No,No,No,No,Yes,One Year,Yes,Bank Withdrawal,5,No,51
Male,78,Yes,Yes,No,0,Yes,3,Offer E,No,0,No,Yes,5,No,No,Yes,No,No,No,No,Yes,Two Year,Yes,Bank Withdrawal,4,No,4
Male,77,Yes,No,No,0,No,0,None,Yes,17.26,No,Yes,25,No,Yes,Yes,No,Yes,Yes,No,No,Two Year,Yes,Bank Withdrawal,4,No,17
Female,70,Yes,Yes,Yes,2,Yes,1,None,Yes,44.38,Yes,Yes,28,Yes,Yes,No,Yes,Yes,Yes,No,Yes,One Year,Yes,Credit Card,4,No,66
Male,71,Yes,Yes,No,0,Yes,1,None,Yes,18.41,Yes,Yes,17,No,Yes,Yes,Yes,Yes,Yes,No,Yes,Two Year,Yes,Bank Withdrawal,5,No,69
Male,68,Yes,No,No,0,No,0,None,Yes,46.96,Yes,Yes,13,No,No,No,No,Yes,Yes,No,Yes,Two Year,No,Bank Withdrawal,3,No,38
Male,71,Yes,Yes,No,0,Yes,7,None,Yes,7.86,Yes,Yes,26,No,Yes,Yes,Yes,Yes,Yes,No,Yes,One Year,Yes,Bank Withdrawal,4,No,66
Male,74,Yes,Yes,No,0,Yes,6,None,Yes,5.73,No,Yes,13,Yes,No,No,No,No,Yes,No,Yes,Two Year,Yes,Credit Card,3,No,18
Female,78,Yes,No,No,0,No,0,None,Yes,35.65,No,Yes,3,No,No,No,No,No,No,No,Yes,Two Year,No,Credit Card,5,No,49
Female,70,Yes,No,No,0,No,0,Offer E,Yes,21.9,Yes,Yes,22,No,No,No,No,No,Yes,No,Yes,Two Year,Yes,Bank Withdrawal,3,No,2
Female,65,Yes,No,No,0,No,0,None,Yes,25.61,Yes,Yes,23,No,Yes,Yes,No,Yes,Yes,Yes,No,One Year,Yes,Bank Withdrawal,3,No,71
Female,68,Yes,No,No,0,No,0,None,Yes,27.7,Yes,Yes,21,No,Yes,Yes,Yes,No,Yes,No,Yes,Two Year,No,Credit Card,4,No,64
Female,73,Yes,No,No,0,No,0,None,Yes,2.81,Yes,Yes,3,Yes,No,No,No,No,No,No,Yes,Two Year,Yes,Bank Withdrawal,4,No,11
Male,68,Yes,No,No,0,No,0,None,Yes,32.12,Yes,Yes,15,No,Yes,No,Yes,Yes,Yes,No,No,Two Year,Yes,Bank Withdrawal,5,No,57
Female,65,Yes,Yes,No,0,Yes,7,None,Yes,49.94,No,No,0,No,No,No,No,No,No,No,No,Two Year,Yes,Bank Withdrawal,5,No,67
Female,77,Yes,Yes,No,0,Yes,7,None,Yes,35.39,Yes,Yes,25,Yes,Yes,Yes,Yes,Yes,Yes,No,Yes,Two Year,Yes,Bank Withdrawal,4,No,70
Male,68,Yes,Yes,No,0,Yes,2,None,Yes,15.15,No,Yes,18,Yes,Yes,Yes,Yes,Yes,No,No,Yes,One Year,Yes,Credit Card,3,No,40
Male,66,Yes,Yes,No,0,Yes,3,None,Yes,39.49,Yes,Yes,28,No,Yes,Yes,No,Yes,Yes,No,Yes,One Year,Yes,Bank Withdrawal,5,No,70
Male,76,Yes,Yes,No,0,Yes,6,None,Yes,28.68,No,Yes,20,No,No,No,No,No,No,No,Yes,One Year,Yes,Bank Withdrawal,3,No,65
Female,67,Yes,Yes,Yes,1,Yes,8,None,No,0,No,Yes,20,No,Yes,Yes,No,No,No,No,Yes,Two Year,Yes,Credit Card,5,No,29
Female,80,Yes,No,No,0,No,0,None,Yes,39.57,No,Yes,16,No,No,No,No,Yes,Yes,No,Yes,Two Year,Yes,Bank Withdrawal,3,No,15
Female,67,Yes,No,No,0,No,0,None,Yes,27.64,Yes,Yes,7,No,Yes,Yes,No,Yes,Yes,No,Yes,Two Year,No,Bank Withdrawal,3,No,56
Male,78,Yes,Yes,Yes,1,Yes,10,None,Yes,9.68,Yes,Yes,23,Yes,Yes,No,No,No,No,No,Yes,Two Year,Yes,Bank Withdrawal,3,No,65
Male,66,Yes,Yes,No,0,Yes,6,None,Yes,32.08,Yes,Yes,8,Yes,No,No,No,Yes,Yes,No,Yes,One Year,Yes,Bank Withdrawal,3,No,65
Female,76,Yes,Yes,No,0,No,0,None,Yes,3.42,No,Yes,15,Yes,No,No,No,No,Yes,No,Yes,Two Year,Yes,Bank Withdrawal,3,No,38
Female,79,Yes,Yes,No,0,Yes,1,Offer E,Yes,32.62,No,Yes,2,No,No,No,No,No,No,No,Yes,Two Year,Yes,Bank Withdrawal,4,No,2
Male,67,Yes,No,No,0,No,0,None,Yes,3.11,Yes,No,0,No,No,No,No,No,No,No,No,One Year,No,Bank Withdrawal,4,No,51
Male,74,Yes,No,No,0,No,0,None,Yes,8.81,Yes,Yes,7,No,No,No,No,Yes,No,No,Yes,Two Year,Yes,Bank Withdrawal,4,No,43
Male,69,Yes,Yes,No,0,Yes,1,Offer E,Yes,7.29,No,Yes,14,No,No,Yes,No,No,No,No,Yes,Two Year,Yes,Bank Withdrawal,4,No,2
Male,65,Yes,Yes,No,0,Yes,7,None,Yes,12.07,Yes,Yes,17,Yes,Yes,Yes,Yes,Yes,Yes,Yes,Yes,Two Year,No,Credit Card,3,No,70
Female,80,Yes,No,No,0,No,0,None,No,0,No,Yes,16,Yes,Yes,Yes,No,Yes,Yes,No,Yes,Two Year,Yes,Bank Withdrawal,4,No,33
Male,69,Yes,No,No,0,No,0,None,Yes,4.04,Yes,Yes,14,Yes,No,No,No,No,Yes,No,Yes,Two Year,Yes,Credit Card,3,No,30
Female,74,Yes,No,No,0,No,0,None,Yes,48.62,No,Yes,12,No,No,No,No,No,Yes,No,Yes,Two Year,Yes,Bank Withdrawal,4,No,32
Male,71,Yes,Yes,No,0,Yes,7,None,Yes,26.49,No,Yes,18,Yes,No,No,Yes,Yes,No,No,Yes,One Year,No,Credit Card,3,No,34
Male,71,Yes,No,No,0,No,0,Offer E,Yes,11.51,No,Yes,21,No,No,No,No,No,No,No,Yes,Two Year,No,Bank Withdrawal,4,No,1
Male,71,Yes,No,No,0,No,0,None,No,0,No,Yes,23,No,No,Yes,No,Yes,Yes,No,Yes,One Year,Yes,Bank Withdrawal,4,No,55
Female,67,Yes,Yes,No,0,Yes,6,None,Yes,34.55,No,Yes,19,Yes,Yes,No,No,No,Yes,No,Yes,One Year,No,Credit Card,3,No,69
Male,80,Yes,Yes,No,0,Yes,1,None,No,0,No,Yes,4,No,Yes,Yes,Yes,Yes,No,No,Yes,Two Year,Yes,Bank Withdrawal,3,No,33
Male,75,Yes,Yes,No,0,Yes,8,None,Yes,23.54,No,Yes,7,No,No,No,No,No,No,No,Yes,Two Year,Yes,Bank Withdrawal,3,No,37
Female,67,Yes,Yes,Yes,2,Yes,1,None,Yes,45.76,Yes,Yes,12,No,Yes,Yes,No,No,Yes,No,No,Two Year,Yes,Credit Card,4,No,62
Female,68,Yes,No,No,0,No,0,None,Yes,17.6,No,Yes,2,No,No,No,No,No,No,No,No,Two Year,Yes,Bank Withdrawal,4,No,1
Male,75,Yes,No,No,0,No,0,None,Yes,24.67,Yes,Yes,26,Yes,Yes,Yes,Yes,Yes,Yes,No,Yes,Two Year,No,Bank Withdrawal,3,No,72
Female,74,Yes,Yes,No,0,Yes,3,None,Yes,27.68,Yes,Yes,26,No,No,Yes,No,Yes,Yes,No,Yes,One Year,Yes,Credit Card,5,No,60
Female,80,Yes,No,No,0,No,0,None,Yes,41.93,Yes,Yes,21,No,Yes,Yes,No,Yes,Yes,No,Yes,Two Year,Yes,Bank Withdrawal,4,No,30
Male,66,Yes,No,No,0,No,0,Offer E,Yes,41.85,No,Yes,5,No,No,No,No,No,No,No,Yes,Two Year,Yes,Bank Withdrawal,4,No,8
Male,79,Yes,No,No,0,No,0,Offer A,Yes,4.75,Yes,No,0,No,No,No,No,No,No,No,No,Two Year,Yes,Credit Card,3,No,71
Female,73,Yes,Yes,No,0,Yes,2,Offer A,Yes,15.9,No,No,0,No,No,No,No,No,No,No,No,Two Year,Yes,Credit Card,3,No,70
Male,74,Yes,Yes,No,0,Yes,4,None,Yes,1.67,No,Yes,15,No,Yes,No,No,No,No,No,Yes,Two Year,No,Credit Card,3,No,49
Female,69,Yes,Yes,Yes,1,Yes,9,None,Yes,20.78,No,Yes,23,No,No,Yes,No,Yes,Yes,Yes,Yes,Two Year,Yes,Bank Withdrawal,5,No,24
Male,71,Yes,No,No,0,No,0,None,Yes,41.58,No,Yes,3,No,No,No,No,No,Yes,Yes,Yes,Two Year,Yes,Bank Withdrawal,3,No,11
Female,65,Yes,No,No,0,No,0,Offer A,Yes,26.87,Yes,Yes,20,No,Yes,Yes,Yes,Yes,Yes,Yes,Yes,Two Year,Yes,Bank Withdrawal,5,No,72
Female,73,Yes,Yes,No,0,Yes,3,None,Yes,37.15,No,Yes,13,Yes,No,Yes,Yes,Yes,Yes,Yes,No,One Year,Yes,Bank Withdrawal,4,No,12
Male,72,Yes,Yes,Yes,1,Yes,1,None,Yes,7.04,Yes,Yes,22,No,Yes,Yes,No,Yes,Yes,Yes,Yes,One Year,Yes,Bank Withdrawal,3,No,52
Female,71,Yes,No,No,0,No,0,None,Yes,7.51,No,Yes,24,No,Yes,No,No,No,No,No,Yes,Two Year,Yes,Bank Withdrawal,3,No,18
Male,74,Yes,Yes,Yes,2,Yes,3,None,Yes,32.9,Yes,Yes,18,Yes,Yes,Yes,No,No,Yes,Yes,Yes,Two Year,Yes,Bank Withdrawal,4,No,50
Male,69,Yes,Yes,No,0,Yes,6,Offer A,Yes,30.3,Yes,Yes,14,Yes,Yes,Yes,Yes,Yes,Yes,Yes,No,Two Year,Yes,Credit Card,3,No,72
Male,76,Yes,Yes,No,0,No,0,None,Yes,29.43,Yes,No,0,No,No,No,No,No,No,No,No,Two Year,No,Credit Card,5,No,64
Female,69,Yes,Yes,No,0,Yes,8,Offer A,Yes,7.85,Yes,Yes,20,Yes,Yes,No,No,Yes,Yes,Yes,No,One Year,Yes,Bank Withdrawal,4,No,72
Female,73,Yes,No,No,0,No,0,None,Yes,11.01,No,Yes,18,No,Yes,No,No,No,No,No,Yes,Two Year,Yes,Credit Card,4,No,7
Female,67,Yes,Yes,No,0,Yes,1,None,Yes,4.11,Yes,Yes,17,Yes,Yes,Yes,No,Yes,Yes,No,Yes,Two Year,Yes,Bank Withdrawal,5,No,52
Female,70,Yes,Yes,No,0,Yes,1,None,Yes,4.06,Yes,Yes,11,Yes,Yes,Yes,Yes,Yes,Yes,No,Yes,Two Year,Yes,Bank Withdrawal,3,No,60
Male,79,Yes,Yes,No,0,Yes,4,Offer A,Yes,7.2,Yes,Yes,23,No,No,No,No,Yes,Yes,No,Yes,Two Year,Yes,Credit Card,4,No,67
Male,69,Yes,No,No,0,No,0,Offer E,Yes,28.67,No,Yes,4,No,No,No,No,No,No,No,Yes,Two Year,No,Bank Withdrawal,4,No,1
Male,79,Yes,Yes,No,0,Yes,7,None,Yes,46.44,Yes,Yes,13,No,No,No,No,Yes,Yes,No,Yes,Two Year,Yes,Bank Withdrawal,3,No,17
Female,70,Yes,Yes,No,0,Yes,9,None,Yes,27.74,Yes,Yes,18,No,Yes,Yes,No,Yes,Yes,No,No,One Year,Yes,Bank Withdrawal,5,No,52
Female,70,Yes,No,No,0,No,0,Offer E,Yes,44.63,Yes,Yes,29,No,No,No,No,No,Yes,No,Yes,Two Year,No,Bank Withdrawal,4,No,8
Male,79,Yes,Yes,No,0,Yes,5,None,Yes,35.53,No,Yes,23,Yes,Yes,No,No,No,No,No,Yes,Two Year,Yes,Bank Withdrawal,3,No,16
Female,72,Yes,No,No,0,No,0,None,Yes,10.03,Yes,Yes,13,No,No,Yes,No,Yes,Yes,No,Yes,Two Year,Yes,Bank Withdrawal,3,No,39
Female,76,Yes,No,No,0,No,0,None,Yes,11.01,Yes,Yes,18,Yes,Yes,Yes,No,Yes,Yes,No,Yes,Two Year,No,Credit Card,4,No,52
Male,70,Yes,Yes,No,0,Yes,1,Offer A,No,0,No,Yes,7,Yes,Yes,Yes,Yes,Yes,Yes,No,No,Two Year,Yes,Credit Card,3,No,72
Male,70,Yes,Yes,Yes,1,Yes,1,Offer A,Yes,20.31,Yes,Yes,13,No,Yes,Yes,No,No,No,No,Yes,Two Year,Yes,Bank Withdrawal,3,No,68
Male,77,Yes,Yes,No,0,Yes,3,None,No,0,No,Yes,6,Yes,No,Yes,Yes,Yes,Yes,No,Yes,Two Year,Yes,Credit Card,3,No,59
Female,71,Yes,Yes,No,0,Yes,5,None,Yes,21.46,Yes,Yes,15,No,No,No,Yes,Yes,Yes,No,Yes,One Year,No,Bank Withdrawal,5,No,46
Male,80,Yes,Yes,No,0,Yes,8,None,Yes,31.11,Yes,Yes,4,No,Yes,No,No,Yes,Yes,No,Yes,Two Year,Yes,Bank Withdrawal,3,No,58
Male,75,Yes,No,No,0,No,0,None,Yes,48.33,Yes,Yes,17,Yes,Yes,No,No,No,No,No,No,Two Year,No,Bank Withdrawal,3,No,11
Female,72,Yes,No,No,0,No,0,None,No,0,No,Yes,28,No,Yes,Yes,No,Yes,Yes,No,Yes,Two Year,Yes,Bank Withdrawal,3,No,34
Male,68,Yes,Yes,No,0,Yes,6,None,Yes,42.9,Yes,Yes,27,No,No,No,No,No,No,No,Yes,Two Year,Yes,Bank Withdrawal,5,No,55
Male,73,Yes,No,No,0,No,0,Offer E,Yes,24.85,No,Yes,15,No,No,No,No,No,Yes,No,No,Two Year,Yes,Bank Withdrawal,5,No,9
Female,79,Yes,Yes,Yes,1,Yes,5,None,Yes,14.39,Yes,Yes,30,No,No,No,No,Yes,Yes,No,Yes,Two Year,Yes,Bank Withdrawal,3,No,14
Male,72,Yes,Yes,No,0,Yes,2,None,Yes,12.98,No,Yes,8,No,No,No,No,No,No,No,Yes,Two Year,No,Credit Card,3,No,34
Female,78,Yes,Yes,No,0,Yes,10,None,Yes,19.57,Yes,Yes,27,No,No,No,No,Yes,Yes,No,Yes,Two Year,Yes,Bank Withdrawal,5,No,19
Male,76,Yes,No,No,0,No,0,None,Yes,46.13,Yes,Yes,23,No,Yes,No,No,No,No,No,Yes,Two Year,Yes,Bank Withdrawal,4,No,24
Female,77,Yes,No,No,0,No,0,None,No,0,No,Yes,26,No,No,Yes,No,Yes,No,No,Yes,Two Year,Yes,Bank Withdrawal,4,No,35
Male,69,Yes,Yes,No,0,No,0,Offer A,Yes,22.19,Yes,No,0,No,No,No,No,No,No,No,No,Two Year,No,Bank Withdrawal,5,No,71
Male,71,Yes,Yes,No,0,Yes,8,None,Yes,41.97,No,Yes,11,No,No,No,No,Yes,Yes,Yes,Yes,Two Year,Yes,Bank Withdrawal,4,No,7
Female,65,Yes,No,No,0,No,0,Offer B,No,0,No,Yes,26,No,Yes,Yes,No,Yes,Yes,Yes,Yes,Two Year,Yes,Bank Withdrawal,4,No,57
Female,78,Yes,No,No,0,No,0,Offer A,Yes,14.94,Yes,Yes,30,Yes,Yes,Yes,Yes,Yes,Yes,Yes,Yes,Two Year,Yes,Credit Card,4,No,72
Female,80,Yes,No,No,0,No,0,Offer B,Yes,25.57,Yes,Yes,5,Yes,Yes,Yes,No,No,No,No,Yes,Two Year,Yes,Bank Withdrawal,3,No,59
Male,71,Yes,No,No,0,No,0,Offer E,Yes,37.97,No,Yes,9,No,No,Yes,No,No,No,No,Yes,Two Year,No,Mailed Check,5,No,2
Male,79,Yes,No,No,0,No,0,None,Yes,25.89,No,No,0,No,No,No,No,No,No,No,No,One Year,No,Credit Card,4,No,32
Male,78,Yes,No,No,0,No,0,None,Yes,43.4,Yes,Yes,24,No,No,No,No,No,No,No,Yes,Two Year,Yes,Credit Card,4,No,12
Female,80,Yes,No,No,0,No,0,Offer B,Yes,18.46,Yes,Yes,3,Yes,No,No,Yes,No,Yes,Yes,Yes,Two Year,Yes,Bank Withdrawal,3,No,45
Male,67,Yes,No,No,0,No,0,Offer E,Yes,18.38,No,Yes,15,No,Yes,No,No,No,Yes,Yes,Yes,Two Year,Yes,Bank Withdrawal,4,No,5
Female,74,Yes,Yes,Yes,1,Yes,9,Offer B,Yes,39.31,Yes,Yes,10,No,No,Yes,No,Yes,No,No,Yes,One Year,Yes,Bank Withdrawal,4,No,61
Male,73,Yes,Yes,No,0,Yes,8,None,Yes,45.46,Yes,Yes,4,No,No,No,No,No,No,No,Yes,Two Year,Yes,Bank Withdrawal,4,No,14
Female,75,Yes,Yes,No,0,Yes,2,Offer A,Yes,44.89,Yes,Yes,24,Yes,Yes,Yes,Yes,Yes,Yes,No,No,Two Year,Yes,Credit Card,3,No,72
Female,80,Yes,Yes,No,0,Yes,10,Offer B,Yes,11.55,Yes,Yes,27,Yes,Yes,Yes,Yes,No,No,No,Yes,One Year,No,Bank Withdrawal,3,No,56
Female,65,Yes,No,No,0,No,0,Offer B,Yes,41.17,Yes,Yes,30,No,Yes,Yes,No,Yes,Yes,Yes,Yes,Two Year,Yes,Bank Withdrawal,3,No,46
Male,70,Yes,Yes,No,0,Yes,5,None,Yes,6.03,No,Yes,8,No,No,No,No,No,No,No,Yes,Two Year,Yes,Bank Withdrawal,5,No,4
Female,80,Yes,No,No,0,No,0,Offer C,Yes,31.57,No,Yes,4,No,No,No,No,Yes,Yes,No,Yes,Two Year,No,Bank Withdrawal,4,No,32
Male,79,Yes,Yes,No,0,Yes,7,Offer A,Yes,42.07,No,Yes,12,Yes,Yes,No,Yes,No,No,No,Yes,One Year,Yes,Bank Withdrawal,3,No,67
Female,68,Yes,No,No,0,No,0,Offer C,Yes,8.88,Yes,Yes,22,Yes,Yes,No,No,No,No,No,Yes,Two Year,Yes,Bank Withdrawal,3,No,29
Female,73,Yes,No,No,0,No,0,None,Yes,7.34,Yes,Yes,3,No,No,Yes,No,No,No,No,Yes,Two Year,Yes,Bank Withdrawal,4,No,14
Female,70,Yes,No,No,0,No,0,None,Yes,25.7,No,Yes,23,No,No,Yes,No,No,Yes,No,No,Two Year,Yes,Bank Withdrawal,4,No,18
Female,77,Yes,No,No,0,No,0,Offer A,Yes,14.12,Yes,Yes,23,Yes,Yes,No,Yes,Yes,Yes,No,Yes,Two Year,Yes,Bank Withdrawal,4,No,72
Female,73,Yes,No,No,0,No,0,Offer A,Yes,34.36,Yes,Yes,13,No,Yes,No,No,Yes,Yes,No,Yes,Two Year,Yes,Credit Card,4,No,71
Male,74,Yes,No,No,0,No,0,None,No,0,No,Yes,4,No,No,Yes,Yes,Yes,No,No,Yes,Two Year,No,Credit Card,5,No,5
Female,78,Yes,No,No,0,No,0,Offer B,Yes,34,Yes,Yes,3,Yes,No,Yes,No,No,No,No,Yes,Two Year,No,Bank Withdrawal,3,No,52
Male,76,Yes,Yes,No,0,Yes,5,Offer C,Yes,46.06,Yes,Yes,18,Yes,No,No,No,Yes,No,No,Yes,Two Year,No,Bank Withdrawal,4,No,31
Male,66,Yes,Yes,Yes,2,Yes,6,Offer C,Yes,4.06,Yes,Yes,28,Yes,No,No,No,No,No,No,Yes,Two Year,Yes,Bank Withdrawal,3,No,24
Male,65,Yes,Yes,No,0,Yes,9,Offer C,Yes,47.16,No,Yes,28,No,No,Yes,Yes,No,No,No,Yes,One Year,No,Credit Card,3,No,36
Female,65,Yes,No,No,0,No,0,None,Yes,31.13,Yes,Yes,15,No,No,No,No,No,No,No,Yes,Two Year,No,Mailed Check,3,No,4
Female,76,Yes,Yes,Yes,1,Yes,7,Offer B,Yes,20.42,Yes,Yes,16,Yes,Yes,No,Yes,Yes,Yes,No,Yes,Two Year,Yes,Bank Withdrawal,3,No,46
Male,74,Yes,Yes,No,0,Yes,9,Offer A,No,0,No,Yes,19,Yes,Yes,Yes,Yes,No,No,No,Yes,Two Year,No,Credit Card,4,No,71
Male,76,Yes,No,No,0,No,0,Offer B,Yes,15.65,Yes,Yes,18,No,No,No,No,Yes,Yes,No,Yes,Two Year,Yes,Bank Withdrawal,4,No,45
Female,79,Yes,Yes,No,0,Yes,8,Offer C,Yes,18.66,Yes,Yes,11,No,No,Yes,No,Yes,Yes,No,Yes,Two Year,Yes,Bank Withdrawal,4,No,26
Female,79,Yes,Yes,No,0,Yes,2,Offer B,Yes,43.71,Yes,Yes,12,Yes,Yes,Yes,Yes,Yes,Yes,No,Yes,One Year,Yes,Bank Withdrawal,3,No,54
Male,76,Yes,Yes,No,0,Yes,10,Offer B,Yes,17.05,No,Yes,21,No,Yes,Yes,No,Yes,Yes,No,Yes,One Year,Yes,Bank Withdrawal,4,No,60
Male,73,Yes,Yes,No,0,Yes,4,Offer A,Yes,33.68,Yes,Yes,10,No,Yes,Yes,Yes,Yes,No,No,Yes,Two Year,No,Credit Card,4,No,72
Female,79,Yes,No,No,0,No,0,Offer A,Yes,47.27,Yes,Yes,3,No,Yes,Yes,Yes,Yes,No,No,Yes,Two Year,Yes,Bank Withdrawal,4,No,70
Male,80,Yes,Yes,No,0,Yes,7,None,Yes,25.13,No,Yes,30,Yes,No,No,No,No,No,No,Yes,Two Year,No,Bank Withdrawal,4,No,10
Male,74,Yes,No,No,0,No,0,None,Yes,7.11,No,Yes,12,No,No,No,Yes,No,No,No,Yes,Two Year,No,Mailed Check,4,No,9
Female,68,Yes,Yes,No,0,Yes,2,Offer C,Yes,2.17,Yes,Yes,11,No,No,Yes,No,No,No,No,Yes,Two Year,No,Mailed Check,3,No,32
Female,70,Yes,Yes,No,0,Yes,7,Offer A,Yes,18.15,Yes,Yes,16,No,Yes,Yes,No,Yes,Yes,Yes,No,One Year,Yes,Credit Card,5,No,72
Female,70,Yes,Yes,No,0,Yes,8,Offer B,Yes,22.74,Yes,Yes,18,Yes,No,Yes,No,Yes,Yes,Yes,Yes,One Year,Yes,Bank Withdrawal,3,No,62
Male,71,Yes,No,No,0,No,0,Offer A,Yes,13.36,Yes,Yes,10,Yes,No,Yes,Yes,No,Yes,Yes,Yes,Two Year,No,Credit Card,3,No,69
Female,80,Yes,No,No,0,No,0,Offer B,Yes,36.89,Yes,Yes,17,Yes,No,Yes,Yes,No,Yes,Yes,Yes,Two Year,No,Credit Card,4,No,57
Male,80,Yes,No,No,0,No,0,Offer B,Yes,18.23,No,Yes,3,No,Yes,Yes,No,Yes,Yes,Yes,Yes,Two Year,Yes,Bank Withdrawal,4,No,65
Male,80,Yes,No,No,0,No,0,None,Yes,19,No,Yes,17,No,No,Yes,No,Yes,Yes,Yes,Yes,Two Year,Yes,Bank Withdrawal,4,No,4
Male,73,Yes,Yes,No,0,Yes,5,None,Yes,49.91,Yes,Yes,13,No,Yes,Yes,No,No,Yes,Yes,Yes,Two Year,Yes,Bank Withdrawal,3,No,69
Female,72,Yes,No,No,0,No,0,None,Yes,2.18,No,Yes,13,No,No,Yes,No,No,No,No,Yes,Two Year,Yes,Bank Withdrawal,3,No,8
Female,74,Yes,No,No,0,No,0,Offer B,Yes,41.8,Yes,Yes,16,No,No,Yes,No,No,Yes,Yes,Yes,Two Year,Yes,Bank Withdrawal,4,No,63
Male,69,Yes,Yes,No,0,Yes,10,None,Yes,11.35,No,Yes,24,Yes,Yes,No,Yes,Yes,No,No,Yes,One Year,Yes,Bank Withdrawal,3,No,71
Male,65,Yes,No,No,0,No,0,Offer C,Yes,25.04,Yes,Yes,9,No,No,No,No,Yes,Yes,Yes,Yes,Two Year,Yes,Bank Withdrawal,5,No,26
Male,73,Yes,No,No,0,No,0,Offer D,Yes,47.34,Yes,Yes,7,Yes,Yes,No,No,No,No,No,Yes,Two Year,Yes,Credit Card,4,No,18
Female,66,Yes,No,No,0,No,0,None,Yes,31.31,Yes,Yes,18,Yes,Yes,Yes,Yes,No,Yes,Yes,Yes,Two Year,Yes,Bank Withdrawal,4,No,72
Female,68,Yes,Yes,No,0,Yes,10,None,Yes,38.5,Yes,Yes,25,Yes,No,No,No,No,Yes,Yes,Yes,Two Year,Yes,Bank Withdrawal,4,No,70
Male,75,Yes,No,No,0,No,0,Offer D,Yes,24.91,Yes,Yes,17,No,Yes,Yes,No,Yes,Yes,Yes,No,Two Year,Yes,Bank Withdrawal,5,No,21
Male,72,Yes,No,No,0,No,0,None,No,0,No,Yes,26,No,Yes,Yes,No,Yes,Yes,Yes,Yes,One Year,Yes,Bank Withdrawal,3,No,54
Female,69,Yes,No,No,0,No,0,None,Yes,46.67,Yes,Yes,18,Yes,Yes,No,No,No,Yes,Yes,Yes,Two Year,Yes,Bank Withdrawal,3,No,56
Male,67,Yes,No,No,0,No,0,None,Yes,10.07,Yes,Yes,26,No,No,Yes,Yes,Yes,Yes,Yes,Yes,One Year,No,Bank Withdrawal,5,No,64
Male,68,Yes,No,No,0,No,0,Offer C,Yes,15.35,Yes,Yes,10,No,No,Yes,Yes,Yes,No,No,Yes,Two Year,Yes,Bank Withdrawal,5,No,31
Female,66,Yes,Yes,No,0,Yes,5,Offer D,Yes,37.84,No,Yes,19,No,Yes,No,No,Yes,Yes,Yes,Yes,Two Year,Yes,Bank Withdrawal,3,No,15
Male,79,Yes,No,No,0,No,0,None,Yes,4.99,No,No,0,No,No,No,No,No,No,No,No,Two Year,Yes,Bank Withdrawal,4,No,64
Male,67,Yes,No,No,0,No,0,Offer C,Yes,13.56,No,Yes,30,No,No,No,No,No,No,No,Yes,Two Year,No,Credit Card,3,No,34
Male,77,Yes,Yes,Yes,1,Yes,5,None,Yes,32.12,No,No,0,No,No,No,No,No,No,No,No,Two Year,No,Credit Card,4,No,71
Female,80,Yes,Yes,Yes,1,Yes,7,None,Yes,48.59,Yes,Yes,15,Yes,Yes,No,No,Yes,No,No,Yes,One Year,No,Bank Withdrawal,4,No,71
Female,68,Yes,Yes,No,0,Yes,4,Offer C,Yes,5.3,Yes,Yes,3,No,No,No,No,No,Yes,Yes,Yes,Two Year,Yes,Bank Withdrawal,3,No,31
Female,80,Yes,No,No,0,No,0,Offer C,Yes,41.57,Yes,Yes,10,No,No,No,No,No,No,No,Yes,Two Year,Yes,Bank Withdrawal,3,No,36
Male,77,Yes,Yes,No,0,Yes,5,None,Yes,14.87,No,Yes,16,Yes,No,Yes,No,No,No,No,Yes,One Year,No,Credit Card,3,No,64
Male,75,Yes,Yes,No,0,Yes,7,None,Yes,11.23,Yes,Yes,20,No,Yes,No,No,Yes,Yes,Yes,Yes,One Year,Yes,Credit Card,5,No,72
Female,73,Yes,No,No,0,No,0,None,No,0,No,Yes,18,Yes,Yes,No,No,No,No,No,No,Two Year,Yes,Credit Card,3,No,43
Male,67,Yes,No,No,0,No,0,None,Yes,20.62,No,No,0,No,No,No,No,No,No,No,No,Two Year,No,Credit Card,3,No,69
Male,73,Yes,Yes,No,0,Yes,1,None,Yes,37.12,Yes,Yes,18,Yes,Yes,Yes,No,Yes,Yes,Yes,Yes,Two Year,No,Credit Card,4,No,63
Female,65,Yes,Yes,No,0,Yes,10,None,Yes,34.43,No,Yes,2,No,Yes,No,No,No,Yes,Yes,Yes,One Year,Yes,Bank Withdrawal,3,No,48
Female,65,Yes,No,No,0,No,0,None,Yes,16.04,Yes,Yes,26,No,No,Yes,Yes,No,Yes,Yes,Yes,One Year,Yes,Credit Card,3,No,46
Male,72,Yes,Yes,No,0,Yes,4,None,Yes,16.92,Yes,Yes,19,No,Yes,Yes,Yes,Yes,Yes,Yes,No,Two Year,Yes,Bank Withdrawal,4,No,72
Male,78,Yes,No,No,0,No,0,Offer D,Yes,25.51,Yes,Yes,9,No,No,No,No,Yes,No,No,No,Two Year,Yes,Bank Withdrawal,4,No,20
Male,72,Yes,Yes,No,0,Yes,2,None,Yes,48.16,Yes,Yes,10,No,Yes,Yes,No,Yes,No,No,Yes,One Year,Yes,Credit Card,5,No,57
Female,70,Yes,Yes,No,0,Yes,4,None,Yes,44.44,No,Yes,6,Yes,Yes,No,Yes,No,No,No,Yes,Two Year,Yes,Bank Withdrawal,4,No,44
Male,77,Yes,Yes,No,0,Yes,7,None,Yes,5.51,No,Yes,2,Yes,Yes,No,Yes,No,No,No,Yes,Two Year,Yes,Credit Card,4,No,72
Male,65,Yes,Yes,No,0,Yes,1,None,Yes,40.65,No,Yes,29,Yes,Yes,Yes,Yes,Yes,Yes,Yes,Yes,One Year,Yes,Bank Withdrawal,3,No,63
Male,79,Yes,Yes,No,0,Yes,5,None,Yes,44.91,Yes,No,0,No,No,No,No,No,No,No,No,One Year,No,Credit Card,4,No,45
Female,71,Yes,No,No,0,No,0,None,Yes,12.67,Yes,Yes,4,Yes,Yes,No,Yes,Yes,No,No,Yes,Two Year,Yes,Bank Withdrawal,3,No,45
Male,70,Yes,No,No,0,No,0,Offer D,Yes,22.02,Yes,Yes,5,No,No,No,No,No,No,No,Yes,Two Year,Yes,Bank Withdrawal,5,No,16
Male,73,Yes,Yes,No,0,Yes,7,Offer C,Yes,36.75,Yes,Yes,12,No,No,No,No,No,Yes,Yes,Yes,Two Year,Yes,Bank Withdrawal,3,No,29
Female,65,Yes,Yes,Yes,1,Yes,4,None,No,0,No,Yes,23,No,Yes,Yes,No,Yes,Yes,Yes,Yes,Two Year,Yes,Bank Withdrawal,4,No,68
Male,79,Yes,Yes,No,0,Yes,8,Offer D,Yes,48.15,Yes,Yes,6,Yes,Yes,No,No,No,Yes,Yes,Yes,Two Year,No,Credit Card,4,No,13
Female,69,Yes,Yes,No,0,Yes,5,Offer D,Yes,15.27,Yes,No,0,No,No,No,No,No,No,No,No,One Year,No,Bank Withdrawal,4,No,22
Male,66,Yes,No,No,0,No,0,None,Yes,47.8,Yes,Yes,8,No,Yes,Yes,Yes,Yes,Yes,Yes,Yes,One Year,Yes,Bank Withdrawal,5,No,62
Female,76,Yes,Yes,No,0,Yes,4,None,Yes,3.66,Yes,Yes,22,Yes,Yes,No,No,Yes,No,No,Yes,Month-to-Month,Yes,Bank Withdrawal,3,No,43
Male,78,Yes,No,No,0,No,0,None,No,0,No,Yes,2,No,No,No,No,No,Yes,Yes,Yes,Month-to-Month,Yes,Bank Withdrawal,4,No,23
Male,73,Yes,Yes,No,0,Yes,10,None,No,0,No,Yes,28,No,Yes,Yes,No,Yes,Yes,Yes,No,Month-to-Month,Yes,Bank Withdrawal,5,No,71
Male,65,Yes,No,No,0,No,0,None,Yes,37.62,Yes,Yes,10,No,No,No,No,Yes,Yes,Yes,Yes,Month-to-Month,Yes,Bank Withdrawal,3,No,14
Female,75,Yes,Yes,Yes,2,No,0,None,No,0,No,Yes,19,No,Yes,No,No,No,No,No,Yes,One Year,No,Bank Withdrawal,5,No,48
Female,68,Yes,Yes,No,0,Yes,1,None,Yes,22.05,No,Yes,17,No,No,Yes,Yes,Yes,Yes,Yes,Yes,One Year,Yes,Bank Withdrawal,5,No,54
Female,79,Yes,Yes,No,0,Yes,1,None,Yes,19.03,Yes,No,0,No,No,No,No,No,No,No,No,Two Year,No,Credit Card,3,No,53
Female,66,Yes,Yes,Yes,1,Yes,1,None,Yes,34.57,Yes,Yes,19,Yes,No,Yes,Yes,Yes,No,No,Yes,One Year,No,Bank Withdrawal,3,No,55
Male,73,Yes,No,No,0,No,0,Offer C,Yes,3.15,Yes,No,0,No,No,No,No,No,No,No,No,One Year,Yes,Bank Withdrawal,4,No,33
Male,80,Yes,Yes,No,0,Yes,1,None,Yes,45.21,Yes,Yes,14,No,Yes,Yes,No,Yes,Yes,Yes,No,Month-to-Month,Yes,Bank Withdrawal,5,No,23
Female,65,Yes,No,No,0,No,0,None,Yes,47.99,Yes,Yes,22,Yes,Yes,No,No,No,No,No,Yes,Month-to-Month,Yes,Bank Withdrawal,3,No,50
Female,73,Yes,Yes,No,0,Yes,3,None,Yes,2.98,Yes,Yes,7,No,No,Yes,No,Yes,Yes,Yes,No,Month-to-Month,No,Bank Withdrawal,3,No,47
Male,73,Yes,No,No,0,No,0,None,Yes,15.19,Yes,Yes,30,No,No,No,No,No,No,No,Yes,Month-to-Month,Yes,Mailed Check,3,No,2
Male,70,Yes,No,No,0,No,0,None,Yes,29.3,Yes,Yes,10,Yes,Yes,Yes,Yes,Yes,Yes,No,Yes,Month-to-Month,Yes,Bank Withdrawal,4,No,55
Male,67,Yes,No,No,0,No,0,None,Yes,34.8,Yes,Yes,21,No,Yes,No,Yes,Yes,Yes,No,Yes,Two Year,Yes,Bank Withdrawal,3,No,71
Female,75,Yes,Yes,No,0,Yes,7,None,No,0,No,Yes,3,No,Yes,No,No,No,No,No,Yes,Month-to-Month,Yes,Bank Withdrawal,5,No,3
Male,65,Yes,Yes,No,0,Yes,8,Offer B,Yes,46.46,No,Yes,2,No,Yes,No,No,Yes,Yes,Yes,No,Month-to-Month,Yes,Bank Withdrawal,3,No,41
Female,78,Yes,No,No,0,No,0,Offer B,Yes,6.33,Yes,Yes,15,No,Yes,Yes,No,Yes,Yes,No,Yes,Month-to-Month,Yes,Bank Withdrawal,5,No,41
Male,79,Yes,Yes,No,0,Yes,1,Offer C,Yes,48.02,Yes,Yes,24,No,No,No,Yes,Yes,Yes,No,Yes,Month-to-Month,Yes,Bank Withdrawal,5,No,30
Male,69,Yes,Yes,Yes,1,Yes,1,Offer C,Yes,49.36,Yes,Yes,19,No,No,Yes,No,Yes,Yes,No,Yes,Month-to-Month,Yes,Bank Withdrawal,4,No,29
Female,72,Yes,No,No,0,No,0,None,Yes,3.57,Yes,Yes,28,No,Yes,Yes,No,Yes,Yes,No,Yes,One Year,No,Bank Withdrawal,3,No,66
Male,69,Yes,Yes,No,0,Yes,2,Offer C,No,0,No,Yes,30,No,No,No,No,No,No,No,Yes,Month-to-Month,Yes,Bank Withdrawal,3,No,38
Female,77,Yes,Yes,No,0,Yes,9,None,Yes,3.83,Yes,Yes,20,No,No,No,No,Yes,Yes,No,Yes,Month-to-Month,Yes,Bank Withdrawal,3,No,17
Female,65,Yes,Yes,Yes,3,Yes,7,Offer B,Yes,19.58,Yes,Yes,26,No,Yes,Yes,No,Yes,Yes,Yes,Yes,One Year,Yes,Bank Withdrawal,4,No,65
Female,68,Yes,No,No,0,No,0,Offer B,Yes,6.9,Yes,Yes,20,No,No,Yes,No,Yes,Yes,No,Yes,One Year,Yes,Bank Withdrawal,4,No,45
Female,65,Yes,Yes,No,0,Yes,10,Offer B,Yes,36.49,No,Yes,9,No,Yes,Yes,Yes,Yes,Yes,Yes,Yes,Two Year,Yes,Credit Card,4,No,65
Male,68,Yes,Yes,No,0,Yes,7,None,Yes,30.59,Yes,Yes,19,Yes,Yes,Yes,No,Yes,Yes,No,No,Month-to-Month,Yes,Bank Withdrawal,3,No,71
Male,79,Yes,No,No,0,No,0,None,Yes,3.04,No,Yes,18,No,No,Yes,Yes,Yes,Yes,No,Yes,One Year,Yes,Bank Withdrawal,4,No,35
Male,65,Yes,Yes,No,0,Yes,1,None,Yes,2.86,Yes,Yes,19,No,No,No,No,No,No,No,Yes,Month-to-Month,No,Mailed Check,3,No,30
Male,77,Yes,Yes,No,0,Yes,5,Offer B,Yes,32.56,Yes,Yes,16,No,Yes,Yes,Yes,Yes,Yes,No,Yes,Two Year,Yes,Bank Withdrawal,4,No,54
Male,77,Yes,No,No,0,No,0,Offer B,No,0,No,Yes,30,Yes,Yes,No,No,Yes,No,No,Yes,Month-to-Month,Yes,Bank Withdrawal,3,No,55
Male,69,Yes,Yes,No,0,Yes,7,None,No,0,No,Yes,13,No,No,Yes,No,No,No,No,Yes,One Year,Yes,Credit Card,3,No,69
Male,79,Yes,Yes,No,0,Yes,3,None,Yes,22.79,No,No,0,No,No,No,No,No,No,No,No,One Year,No,Credit Card,3,No,9
Female,73,Yes,Yes,No,0,Yes,3,None,Yes,6.94,Yes,Yes,23,No,Yes,Yes,Yes,Yes,Yes,Yes,Yes,One Year,Yes,Credit Card,3,No,66
Female,70,Yes,Yes,No,0,Yes,1,Offer B,Yes,9.18,Yes,Yes,2,Yes,Yes,Yes,No,Yes,Yes,Yes,Yes,Month-to-Month,No,Bank Withdrawal,3,No,50
Female,71,Yes,Yes,No,0,Yes,1,Offer B,Yes,36.71,Yes,Yes,25,No,Yes,Yes,No,Yes,Yes,Yes,No,Month-to-Month,Yes,Bank Withdrawal,5,No,60
Male,78,Yes,Yes,No,0,Yes,1,None,Yes,36.57,No,Yes,26,No,No,No,No,No,No,No,Yes,Month-to-Month,No,Bank Withdrawal,5,No,13
Female,73,Yes,Yes,No,0,Yes,1,Offer A,Yes,35.04,Yes,Yes,22,Yes,No,Yes,Yes,Yes,Yes,No,Yes,Two Year,Yes,Mailed Check,4,No,72
Female,75,Yes,No,No,0,No,0,Offer B,Yes,17.65,Yes,Yes,29,No,No,Yes,Yes,Yes,Yes,No,Yes,Month-to-Month,Yes,Bank Withdrawal,5,No,50
Male,78,Yes,Yes,No,0,Yes,5,Offer B,Yes,46.65,Yes,Yes,23,No,Yes,No,Yes,No,No,No,Yes,One Year,Yes,Bank Withdrawal,4,No,61
Male,67,Yes,No,No,0,No,0,None,Yes,38.79,Yes,Yes,14,No,Yes,No,No,No,No,No,Yes,Month-to-Month,Yes,Credit Card,5,No,18
Female,66,Yes,Yes,No,0,Yes,4,Offer A,Yes,32.37,Yes,Yes,22,Yes,No,No,No,No,No,No,Yes,Two Year,No,Bank Withdrawal,3,No,72
Male,71,Yes,Yes,No,0,Yes,3,Offer B,Yes,27.14,Yes,Yes,26,Yes,Yes,No,No,Yes,No,No,Yes,Two Year,Yes,Credit Card,3,No,65
Female,74,Yes,Yes,No,0,Yes,10,Offer A,Yes,16.26,No,Yes,27,No,Yes,Yes,No,No,Yes,No,Yes,Two Year,No,Credit Card,4,No,71
Male,71,Yes,Yes,No,0,Yes,1,Offer B,Yes,2.38,Yes,Yes,20,No,Yes,Yes,Yes,Yes,No,No,Yes,One Year,Yes,Bank Withdrawal,3,No,45
Female,69,Yes,No,No,0,No,0,Offer A,Yes,2.57,No,Yes,21,Yes,Yes,No,Yes,Yes,No,No,Yes,Two Year,Yes,Bank Withdrawal,4,No,67
Male,76,Yes,Yes,Yes,2,Yes,5,Offer A,Yes,30.16,No,Yes,19,Yes,Yes,Yes,No,No,No,No,Yes,One Year,Yes,Bank Withdrawal,3,No,71
Female,78,Yes,Yes,No,0,Yes,1,Offer A,Yes,27.79,Yes,Yes,10,No,Yes,Yes,No,Yes,Yes,No,Yes,One Year,No,Credit Card,5,No,72
Female,77,Yes,No,No,0,No,0,None,Yes,37.4,Yes,Yes,16,No,No,No,No,Yes,Yes,No,Yes,Month-to-Month,Yes,Bank Withdrawal,4,No,21
Male,72,Yes,Yes,No,0,Yes,1,Offer A,Yes,46.82,Yes,Yes,18,Yes,Yes,Yes,Yes,Yes,Yes,No,Yes,Two Year,Yes,Bank Withdrawal,4,No,71
Female,76,Yes,No,No,0,No,0,None,Yes,48.01,No,Yes,2,Yes,Yes,No,No,No,No,No,No,Month-to-Month,No,Bank Withdrawal,3,No,14
Male,71,Yes,Yes,No,0,No,0,None,Yes,22.3,No,Yes,9,No,No,Yes,No,Yes,No,No,Yes,Month-to-Month,No,Bank Withdrawal,5,No,21
Male,79,Yes,No,No,0,No,0,None,Yes,23.23,No,No,0,No,No,No,No,No,No,No,No,One Year,No,Bank Withdrawal,4,No,21
Female,72,Yes,Yes,No,0,Yes,7,Offer B,Yes,27.56,Yes,Yes,29,No,No,No,Yes,No,No,No,No,Month-to-Month,Yes,Bank Withdrawal,3,No,56
Female,77,Yes,No,No,0,No,0,Offer B,Yes,36.47,Yes,Yes,21,Yes,Yes,Yes,Yes,No,Yes,Yes,Yes,One Year,No,Bank Withdrawal,4,No,49
Female,65,Yes,No,No,0,No,0,Offer B,Yes,11.93,No,Yes,26,No,Yes,Yes,No,Yes,No,No,Yes,One Year,Yes,Bank Withdrawal,4,No,46
Female,72,Yes,Yes,No,0,Yes,8,Offer B,Yes,47.34,Yes,Yes,28,No,No,No,Yes,Yes,Yes,Yes,Yes,Month-to-Month,Yes,Bank Withdrawal,5,No,58
Female,65,Yes,Yes,No,0,Yes,2,None,Yes,38.85,No,Yes,2,No,No,No,No,Yes,Yes,Yes,Yes,One Year,Yes,Bank Withdrawal,5,No,20
Male,65,Yes,Yes,No,0,Yes,7,Offer B,Yes,27.49,Yes,Yes,3,No,Yes,No,No,No,Yes,Yes,Yes,Month-to-Month,Yes,Bank Withdrawal,3,No,62
Male,68,Yes,Yes,No,0,Yes,2,None,Yes,6.81,Yes,Yes,13,No,No,No,No,No,No,No,Yes,Month-to-Month,Yes,Bank Withdrawal,4,No,7
Female,76,Yes,Yes,Yes,3,Yes,2,None,No,0,No,Yes,21,No,Yes,No,No,No,Yes,Yes,Yes,One Year,Yes,Bank Withdrawal,3,No,28
Male,70,Yes,Yes,No,0,Yes,2,Offer A,Yes,14.48,No,Yes,7,Yes,Yes,Yes,No,Yes,Yes,Yes,Yes,Two Year,No,Credit Card,4,No,70
Female,73,Yes,Yes,No,0,Yes,9,None,Yes,20.15,Yes,Yes,21,No,No,No,Yes,Yes,Yes,Yes,Yes,Month-to-Month,Yes,Bank Withdrawal,4,No,39
Male,77,Yes,Yes,No,0,Yes,10,Offer B,Yes,37.09,No,Yes,8,No,Yes,Yes,No,Yes,Yes,Yes,Yes,One Year,Yes,Bank Withdrawal,4,No,43
Female,74,Yes,Yes,No,0,Yes,2,None,Yes,12.33,No,Yes,23,No,No,Yes,Yes,Yes,No,No,Yes,One Year,No,Bank Withdrawal,4,No,34
Male,79,Yes,Yes,No,0,Yes,7,Offer A,Yes,11.26,Yes,Yes,3,No,No,Yes,No,Yes,Yes,Yes,Yes,Two Year,Yes,Credit Card,3,No,72
Male,69,Yes,Yes,No,0,No,0,None,Yes,10.55,Yes,Yes,2,No,No,No,Yes,No,No,No,Yes,Month-to-Month,Yes,Bank Withdrawal,5,No,29
Male,80,Yes,No,No,0,No,0,Offer A,Yes,26.01,Yes,No,0,No,No,No,No,No,No,No,No,Two Year,No,Bank Withdrawal,3,No,72
Female,77,Yes,Yes,Yes,2,Yes,8,None,Yes,17.66,Yes,Yes,13,No,No,Yes,No,No,No,No,Yes,Month-to-Month,Yes,Credit Card,5,No,11
Male,67,Yes,No,No,0,No,0,Offer B,Yes,43.19,Yes,Yes,10,Yes,Yes,Yes,Yes,No,Yes,Yes,Yes,Two Year,No,Credit Card,4,No,49
Male,79,Yes,Yes,No,0,Yes,10,Offer A,No,0,No,Yes,12,Yes,Yes,No,No,Yes,Yes,Yes,No,Two Year,No,Credit Card,3,No,69
Male,66,Yes,No,No,0,No,0,None,Yes,29.8,No,Yes,16,Yes,No,No,No,No,Yes,Yes,Yes,Month-to-Month,Yes,Bank Withdrawal,3,No,19
Male,72,Yes,Yes,No,0,Yes,9,Offer A,Yes,48.68,Yes,Yes,17,No,Yes,No,Yes,Yes,Yes,Yes,Yes,Two Year,No,Bank Withdrawal,3,No,67
Male,75,Yes,Yes,No,0,Yes,4,Offer A,Yes,5.6,Yes,Yes,19,Yes,Yes,Yes,Yes,Yes,Yes,Yes,Yes,Two Year,Yes,Mailed Check,3,No,72
Female,65,Yes,No,No,0,No,0,None,Yes,4.09,No,No,0,No,No,No,No,No,No,No,No,Two Year,No,Mailed Check,3,No,38
Male,71,Yes,Yes,No,0,Yes,8,None,Yes,28.56,No,Yes,18,No,No,No,No,No,Yes,Yes,No,One Year,No,Bank Withdrawal,3,No,40
Female,70,Yes,No,No,0,No,0,None,Yes,24.27,Yes,Yes,9,No,No,Yes,No,Yes,Yes,Yes,Yes,One Year,Yes,Bank Withdrawal,5,No,59
Male,79,Yes,Yes,No,0,Yes,9,None,Yes,22.83,Yes,Yes,26,Yes,No,Yes,No,Yes,No,No,Yes,Month-to-Month,Yes,Bank Withdrawal,4,No,15
Female,79,Yes,Yes,No,0,Yes,8,None,Yes,25.57,Yes,No,0,No,No,No,No,No,No,No,No,Month-to-Month,No,Mailed Check,4,No,28
Male,66,Yes,Yes,No,0,Yes,1,None,Yes,15.44,No,Yes,20,No,No,Yes,Yes,No,Yes,Yes,Yes,Month-to-Month,Yes,Bank Withdrawal,5,No,16
Male,75,Yes,Yes,No,0,Yes,6,None,Yes,33.48,Yes,Yes,22,Yes,Yes,Yes,Yes,Yes,No,No,Yes,Month-to-Month,Yes,Bank Withdrawal,5,No,30
Male,77,Yes,No,No,0,No,0,None,Yes,2.21,Yes,Yes,11,Yes,No,No,Yes,No,Yes,Yes,Yes,Two Year,No,Bank Withdrawal,3,No,57
Male,66,Yes,Yes,No,0,Yes,1,Offer A,Yes,18.74,Yes,Yes,14,No,Yes,Yes,Yes,Yes,Yes,Yes,No,Two Year,Yes,Bank Withdrawal,4,No,72
Male,66,Yes,Yes,No,0,Yes,1,None,Yes,2.07,Yes,Yes,16,No,No,No,No,No,No,No,Yes,Month-to-Month,Yes,Bank Withdrawal,5,No,34
Male,71,Yes,Yes,No,0,Yes,1,None,Yes,30.44,No,Yes,26,Yes,No,Yes,No,Yes,No,No,Yes,Month-to-Month,No,Bank Withdrawal,4,No,19
Female,65,Yes,No,No,0,No,0,None,Yes,16.91,No,Yes,30,No,No,No,No,No,No,No,Yes,Month-to-Month,No,Bank Withdrawal,4,No,35
Male,65,Yes,Yes,No,0,Yes,6,None,No,0,No,Yes,14,No,Yes,Yes,No,No,No,No,Yes,Month-to-Month,Yes,Credit Card,5,No,19
Male,80,Yes,Yes,No,0,Yes,2,None,Yes,21.37,Yes,Yes,21,No,No,No,No,No,No,No,Yes,Month-to-Month,Yes,Bank Withdrawal,4,No,7
Male,76,Yes,Yes,No,0,Yes,2,None,Yes,4.16,Yes,Yes,28,No,No,Yes,No,No,No,No,Yes,One Year,Yes,Bank Withdrawal,3,No,35
Female,74,Yes,No,No,0,No,0,None,Yes,32.92,Yes,Yes,22,Yes,Yes,Yes,Yes,Yes,Yes,Yes,No,One Year,Yes,Bank Withdrawal,3,No,35
Male,74,Yes,Yes,No,0,Yes,4,None,Yes,1.89,No,No,0,No,No,No,No,No,No,No,No,Two Year,Yes,Credit Card,5,No,44
Male,65,Yes,Yes,No,0,Yes,4,None,No,0,No,Yes,23,No,Yes,No,No,Yes,Yes,Yes,Yes,Month-to-Month,Yes,Bank Withdrawal,4,No,59
Male,80,Yes,Yes,No,0,Yes,3,Offer A,Yes,37.25,Yes,No,0,No,No,No,No,No,No,No,No,Two Year,No,Credit Card,5,No,71
Male,75,Yes,No,No,0,No,0,Offer A,Yes,39.89,Yes,Yes,19,No,No,No,No,No,No,No,Yes,Month-to-Month,Yes,Mailed Check,4,No,67
Female,70,Yes,No,No,0,No,0,None,Yes,19.21,No,Yes,15,No,No,No,No,No,Yes,Yes,Yes,Month-to-Month,Yes,Bank Withdrawal,3,No,26
Male,68,Yes,Yes,No,0,Yes,4,None,Yes,4.76,Yes,Yes,3,Yes,Yes,Yes,No,No,No,No,Yes,Month-to-Month,Yes,Bank Withdrawal,4,No,62
Male,76,Yes,No,No,0,No,0,None,Yes,49.9,No,Yes,30,No,Yes,No,No,Yes,No,No,Yes,Month-to-Month,Yes,Bank Withdrawal,5,No,13
Male,70,Yes,Yes,Yes,1,Yes,7,None,Yes,11.74,Yes,Yes,12,No,Yes,Yes,Yes,Yes,Yes,Yes,No,Month-to-Month,Yes,Bank Withdrawal,3,No,34
Female,75,Yes,Yes,Yes,1,Yes,8,None,Yes,28.25,No,Yes,15,No,Yes,Yes,Yes,Yes,No,No,Yes,Month-to-Month,Yes,Credit Card,3,No,57
Female,69,Yes,No,No,0,No,0,None,Yes,19.52,Yes,Yes,3,No,No,No,No,Yes,No,No,Yes,One Year,No,Bank Withdrawal,4,No,62
Male,80,Yes,No,No,0,No,0,Offer D,Yes,26.84,No,Yes,15,No,No,No,No,No,Yes,Yes,No,Month-to-Month,Yes,Credit Card,5,No,11
Male,72,Yes,No,No,0,No,0,None,Yes,10.2,Yes,Yes,29,Yes,Yes,No,No,No,Yes,Yes,No,One Year,Yes,Bank Withdrawal,3,No,60
Female,79,Yes,Yes,No,0,Yes,1,None,Yes,36.58,Yes,Yes,23,No,No,No,Yes,Yes,Yes,Yes,Yes,One Year,Yes,Bank Withdrawal,3,No,50
Female,66,Yes,No,No,0,No,0,None,Yes,47.46,No,No,0,No,No,No,No,No,No,No,No,Two Year,No,Credit Card,5,No,51
Female,70,Yes,Yes,Yes,1,Yes,1,Offer D,No,0,No,Yes,14,No,No,No,Yes,No,No,No,Yes,Month-to-Month,Yes,Mailed Check,4,No,12
Male,68,Yes,No,No,0,No,0,None,Yes,26.11,Yes,Yes,20,Yes,Yes,Yes,No,Yes,Yes,Yes,Yes,Month-to-Month,Yes,Bank Withdrawal,3,No,63
Female,77,Yes,Yes,No,0,Yes,1,None,Yes,25.35,No,No,0,No,No,No,No,No,No,No,No,One Year,No,Mailed Check,4,No,37
Female,80,Yes,No,No,0,No,0,None,Yes,39.01,No,Yes,28,No,Yes,No,No,Yes,No,No,Yes,Month-to-Month,Yes,Bank Withdrawal,5,No,8
Female,75,Yes,No,No,0,No,0,None,Yes,16.74,No,Yes,15,No,Yes,No,No,No,No,No,Yes,Month-to-Month,Yes,Credit Card,3,No,53
Male,69,Yes,Yes,Yes,1,Yes,9,None,Yes,37.09,Yes,No,0,No,No,No,No,No,No,No,No,Two Year,Yes,Bank Withdrawal,3,No,64
Female,69,Yes,No,No,0,No,0,None,Yes,22.34,No,Yes,12,No,No,No,No,No,No,No,Yes,Month-to-Month,Yes,Bank Withdrawal,5,No,1
Female,72,Yes,No,No,0,No,0,None,Yes,23.4,Yes,Yes,27,Yes,No,Yes,Yes,Yes,Yes,Yes,Yes,Two Year,No,Credit Card,3,No,69
Female,67,Yes,Yes,Yes,1,Yes,6,None,Yes,39.38,Yes,Yes,30,No,Yes,Yes,No,Yes,Yes,Yes,Yes,One Year,Yes,Bank Withdrawal,4,No,66
Male,69,Yes,No,No,0,No,0,Offer E,Yes,19.74,No,Yes,7,No,No,No,No,No,No,No,Yes,Month-to-Month,No,Credit Card,3,No,6
Male,66,Yes,Yes,No,0,Yes,10,None,Yes,44.9,Yes,Yes,20,Yes,Yes,No,No,No,No,No,Yes,Month-to-Month,No,Bank Withdrawal,3,No,67
Male,70,Yes,Yes,No,0,Yes,3,Offer D,Yes,31.53,No,Yes,20,Yes,Yes,No,No,No,Yes,No,Yes,Month-to-Month,Yes,Bank Withdrawal,3,No,23
Female,77,Yes,Yes,No,0,Yes,6,None,Yes,9.13,No,Yes,18,Yes,Yes,No,No,Yes,Yes,No,Yes,One Year,No,Mailed Check,3,No,39
Female,71,Yes,No,No,0,No,0,None,Yes,33.74,No,Yes,7,Yes,No,No,No,Yes,No,No,Yes,Month-to-Month,Yes,Credit Card,3,No,26
Female,70,Yes,Yes,No,0,Yes,3,None,No,0,No,Yes,22,No,Yes,No,No,Yes,Yes,No,No,Two Year,Yes,Credit Card,3,No,60
Male,77,Yes,Yes,No,0,Yes,4,None,Yes,9.39,Yes,Yes,22,Yes,No,Yes,Yes,No,Yes,No,Yes,Two Year,No,Credit Card,3,No,45
Male,69,Yes,No,No,0,No,0,Offer E,Yes,6.18,No,Yes,12,No,No,No,No,No,No,No,Yes,Month-to-Month,Yes,Bank Withdrawal,4,No,4
Female,75,Yes,Yes,Yes,1,Yes,3,None,Yes,16.15,Yes,Yes,26,No,No,Yes,No,No,Yes,No,Yes,Month-to-Month,Yes,Credit Card,3,No,59
Male,78,Yes,No,No,0,No,0,None,Yes,26.19,Yes,Yes,19,Yes,No,No,No,No,Yes,No,No,Month-to-Month,No,Credit Card,3,No,35
Female,68,Yes,Yes,No,0,Yes,3,None,Yes,23.94,No,No,0,No,No,No,No,No,No,No,No,Two Year,Yes,Mailed Check,4,No,54
Female,68,Yes,No,No,0,No,0,None,Yes,10.45,Yes,Yes,20,Yes,No,No,No,Yes,Yes,Yes,Yes,Two Year,Yes,Bank Withdrawal,3,No,66
Female,66,Yes,No,No,0,No,0,None,Yes,27,Yes,Yes,30,No,No,Yes,No,No,No,No,Yes,Month-to-Month,No,Bank Withdrawal,4,No,42
Female,78,Yes,No,No,0,No,0,Offer D,Yes,21.09,No,Yes,18,No,Yes,No,No,No,No,No,No,Month-to-Month,Yes,Bank Withdrawal,4,No,18
Female,72,Yes,No,No,0,No,0,Offer E,Yes,36.27,No,Yes,17,Yes,Yes,No,No,No,No,No,Yes,Month-to-Month,No,Bank Withdrawal,4,No,5
Male,79,Yes,Yes,No,0,Yes,6,None,Yes,44.1,Yes,Yes,22,No,Yes,No,No,Yes,Yes,No,Yes,Month-to-Month,Yes,Bank Withdrawal,4,No,33
Male,73,Yes,Yes,No,0,Yes,10,None,Yes,35.16,Yes,Yes,5,No,No,No,No,No,No,No,Yes,Month-to-Month,No,Bank Withdrawal,5,No,54
Male,67,Yes,Yes,No,0,No,0,None,Yes,38.48,Yes,Yes,13,No,No,Yes,No,Yes,Yes,No,No,Month-to-Month,Yes,Credit Card,5,No,54
Male,73,Yes,Yes,No,0,Yes,2,None,Yes,8.3,Yes,Yes,14,Yes,No,Yes,Yes,Yes,Yes,No,Yes,One Year,Yes,Mailed Check,3,No,69
Male,72,Yes,Yes,No,0,Yes,7,None,Yes,41.11,Yes,Yes,14,Yes,No,Yes,No,No,No,No,Yes,One Year,Yes,Bank Withdrawal,3,No,27
Female,72,Yes,Yes,No,0,Yes,10,Offer C,No,0,No,Yes,21,Yes,Yes,Yes,No,No,Yes,No,Yes,One Year,Yes,Credit Card,3,No,31
Female,68,Yes,No,No,0,No,0,None,Yes,48.43,Yes,Yes,28,No,Yes,No,No,No,No,No,Yes,Month-to-Month,No,Bank Withdrawal,4,No,67
Female,75,Yes,No,No,0,No,0,None,Yes,29.6,Yes,Yes,3,No,No,Yes,No,Yes,Yes,No,Yes,One Year,Yes,Bank Withdrawal,4,No,55
Male,76,Yes,Yes,No,0,Yes,4,Offer B,No,0,No,Yes,4,No,No,No,No,No,No,No,Yes,Month-to-Month,Yes,Bank Withdrawal,3,No,54
Female,68,Yes,No,No,0,No,0,Offer E,Yes,31.74,Yes,Yes,25,No,Yes,No,No,No,No,No,Yes,Month-to-Month,Yes,Credit Card,4,No,2
Male,65,Yes,No,No,0,No,0,None,Yes,34.23,No,Yes,11,Yes,Yes,No,Yes,Yes,Yes,Yes,Yes,Two Year,Yes,Bank Withdrawal,4,No,67
Male,76,Yes,Yes,No,0,Yes,9,Offer B,Yes,8.59,Yes,Yes,7,No,Yes,Yes,No,Yes,Yes,No,Yes,Month-to-Month,Yes,Bank Withdrawal,5,No,65
Female,74,Yes,Yes,No,0,No,0,Offer C,Yes,11.32,Yes,Yes,16,No,Yes,No,No,Yes,No,No,Yes,Month-to-Month,Yes,Credit Card,5,No,36
Male,79,Yes,No,No,0,No,0,Offer B,Yes,5.14,No,Yes,6,No,No,Yes,Yes,No,Yes,No,Yes,One Year,No,Bank Withdrawal,4,No,54
Female,74,Yes,No,No,0,No,0,Offer B,Yes,48.92,Yes,Yes,11,Yes,No,No,No,Yes,Yes,No,Yes,One Year,Yes,Bank Withdrawal,4,No,60
Female,71,Yes,No,No,0,No,0,Offer B,Yes,15.62,Yes,Yes,18,Yes,Yes,Yes,Yes,Yes,No,No,Yes,One Year,No,Bank Withdrawal,3,No,63
Male,70,Yes,Yes,No,0,Yes,9,Offer E,Yes,34.99,No,Yes,24,No,No,No,No,No,No,No,Yes,Month-to-Month,No,Bank Withdrawal,4,No,2
Male,77,Yes,Yes,No,0,Yes,7,None,Yes,14.76,Yes,Yes,14,Yes,Yes,No,No,No,No,No,Yes,Month-to-Month,Yes,Credit Card,3,No,69
Male,71,Yes,Yes,Yes,1,Yes,1,Offer B,Yes,18.43,Yes,Yes,10,Yes,Yes,No,Yes,No,No,No,No,One Year,Yes,Bank Withdrawal,3,No,58
Male,77,Yes,Yes,Yes,2,No,0,None,Yes,3.27,Yes,Yes,10,Yes,Yes,Yes,Yes,Yes,Yes,No,Yes,One Year,Yes,Bank Withdrawal,3,No,66
Male,71,Yes,Yes,No,0,Yes,1,Offer B,No,0,No,Yes,21,No,Yes,No,No,No,No,No,Yes,Month-to-Month,Yes,Credit Card,4,No,51
Male,69,Yes,No,No,0,No,0,Offer B,Yes,25.23,Yes,Yes,23,Yes,Yes,No,No,Yes,No,No,No,Month-to-Month,Yes,Bank Withdrawal,3,No,50
Male,67,Yes,Yes,No,0,Yes,1,None,Yes,17.71,Yes,Yes,4,Yes,Yes,Yes,No,Yes,Yes,Yes,Yes,Two Year,Yes,Bank Withdrawal,3,No,72
Male,76,Yes,Yes,No,0,Yes,2,Offer B,No,0,No,Yes,7,Yes,No,No,Yes,No,No,No,Yes,One Year,No,Bank Withdrawal,3,No,63
Female,77,Yes,No,No,0,No,0,Offer D,Yes,37.53,No,No,0,No,No,No,No,No,No,No,No,One Year,No,Bank Withdrawal,4,No,18
Male,67,Yes,Yes,No,0,Yes,8,Offer C,Yes,24.35,Yes,Yes,15,No,Yes,No,Yes,Yes,Yes,Yes,Yes,Month-to-Month,Yes,Bank Withdrawal,3,No,28
Female,72,Yes,No,No,0,No,0,Offer B,Yes,34.58,No,Yes,28,Yes,Yes,No,Yes,No,Yes,Yes,Yes,One Year,Yes,Credit Card,4,No,53
Male,79,Yes,Yes,No,0,Yes,9,None,No,0,No,Yes,28,Yes,Yes,Yes,No,No,No,No,Yes,Two Year,Yes,Bank Withdrawal,3,No,68
Female,66,Yes,No,No,0,No,0,Offer E,Yes,40,Yes,Yes,4,No,No,Yes,No,Yes,No,No,Yes,Month-to-Month,Yes,Bank Withdrawal,5,No,9
Female,68,Yes,No,No,0,No,0,Offer B,Yes,45.43,Yes,Yes,2,No,Yes,No,Yes,Yes,No,No,Yes,One Year,No,Credit Card,5,No,54
Male,78,Yes,No,No,0,No,0,Offer B,Yes,19.2,Yes,Yes,18,Yes,Yes,No,No,Yes,Yes,Yes,Yes,Month-to-Month,Yes,Bank Withdrawal,3,No,64
Male,76,Yes,Yes,No,0,Yes,5,None,Yes,27.74,Yes,Yes,3,No,Yes,Yes,Yes,Yes,Yes,Yes,Yes,Two Year,No,Credit Card,4,No,72
Female,72,Yes,Yes,No,0,Yes,5,None,Yes,47.4,Yes,Yes,28,Yes,Yes,Yes,No,Yes,Yes,Yes,Yes,Two Year,Yes,Credit Card,3,No,72
Male,68,Yes,No,No,0,No,0,Offer D,Yes,39.52,No,Yes,17,No,No,No,No,No,Yes,Yes,Yes,Month-to-Month,Yes,Bank Withdrawal,4,No,16
Female,80,Yes,Yes,No,0,Yes,3,Offer E,Yes,39.51,No,Yes,17,No,Yes,No,No,No,No,No,No,Month-to-Month,Yes,Bank Withdrawal,5,No,3
Female,76,Yes,Yes,No,0,Yes,5,Offer C,Yes,3.43,Yes,Yes,21,No,Yes,Yes,Yes,Yes,Yes,Yes,Yes,Month-to-Month,No,Bank Withdrawal,5,No,27
Female,78,Yes,No,No,0,No,0,Offer C,Yes,31.64,Yes,Yes,7,Yes,No,No,No,Yes,Yes,Yes,Yes,Month-to-Month,Yes,Bank Withdrawal,4,No,35
Female,74,Yes,No,No,0,No,0,Offer E,Yes,19.09,No,Yes,30,No,No,No,No,No,No,No,Yes,Month-to-Month,No,Bank Withdrawal,5,No,2
Female,70,Yes,Yes,No,0,Yes,9,None,Yes,8.48,Yes,No,0,No,No,No,No,No,No,No,No,Two Year,Yes,Credit Card,3,No,72
Male,66,Yes,No,No,0,No,0,None,Yes,19.67,Yes,Yes,28,No,Yes,Yes,No,No,Yes,No,Yes,Month-to-Month,Yes,Bank Withdrawal,3,No,68
Female,67,Yes,Yes,No,0,Yes,8,None,Yes,38.47,Yes,Yes,20,Yes,No,Yes,No,Yes,Yes,No,Yes,One Year,Yes,Credit Card,3,No,67
Female,68,Yes,Yes,No,0,Yes,5,None,No,0,No,Yes,9,No,No,No,No,Yes,Yes,No,Yes,Month-to-Month,No,Bank Withdrawal,4,No,13
Male,65,Yes,Yes,No,0,Yes,8,None,Yes,22.38,No,Yes,14,No,No,No,No,Yes,Yes,Yes,Yes,Month-to-Month,Yes,Bank Withdrawal,3,No,22
Male,76,Yes,Yes,No,0,Yes,7,Offer B,Yes,2.21,Yes,Yes,10,Yes,No,Yes,No,No,Yes,No,Yes,One Year,Yes,Bank Withdrawal,4,No,51
Male,74,Yes,Yes,Yes,3,Yes,1,None,Yes,46.11,Yes,Yes,20,No,Yes,Yes,Yes,No,Yes,No,No,One Year,Yes,Bank Withdrawal,4,No,71
Male,72,Yes,No,No,0,No,0,Offer B,Yes,9.1,Yes,Yes,16,No,Yes,Yes,No,Yes,Yes,No,Yes,Two Year,Yes,Bank Withdrawal,4,No,57
Female,69,Yes,Yes,No,0,Yes,9,Offer B,Yes,24.62,No,Yes,29,Yes,No,Yes,Yes,Yes,Yes,No,Yes,Two Year,Yes,Credit Card,4,No,62
Female,72,Yes,Yes,No,0,Yes,1,None,Yes,33.74,Yes,Yes,24,No,Yes,No,Yes,Yes,Yes,No,Yes,One Year,Yes,Bank Withdrawal,4,No,70
Female,80,Yes,No,No,0,No,0,None,Yes,4.14,No,Yes,20,Yes,Yes,No,Yes,No,No,No,No,Month-to-Month,Yes,Bank Withdrawal,4,No,45
Female,77,Yes,Yes,No,0,Yes,1,None,Yes,23.05,Yes,Yes,30,No,Yes,Yes,No,No,Yes,No,Yes,Month-to-Month,No,Credit Card,5,No,57
Female,65,Yes,No,No,0,No,0,None,Yes,1.27,Yes,Yes,3,No,Yes,No,Yes,Yes,Yes,Yes,No,Month-to-Month,Yes,Credit Card,4,No,18
Male,69,Yes,No,No,0,No,0,Offer E,Yes,48.32,No,Yes,11,No,No,No,No,Yes,No,No,Yes,Month-to-Month,Yes,Bank Withdrawal,5,No,6
Male,71,Yes,No,No,0,No,0,None,Yes,40.38,No,Yes,6,No,No,No,No,No,No,No,Yes,Month-to-Month,Yes,Credit Card,5,No,1
Female,68,Yes,No,No,0,No,0,Offer A,Yes,3.91,Yes,Yes,12,Yes,Yes,No,Yes,Yes,No,No,Yes,One Year,Yes,Credit Card,4,No,71
Male,69,Yes,No,No,0,No,0,None,Yes,4.14,No,Yes,21,No,No,Yes,No,Yes,Yes,Yes,Yes,One Year,Yes,Bank Withdrawal,4,No,51
Female,75,Yes,Yes,No,0,Yes,1,None,Yes,26.82,Yes,Yes,18,Yes,Yes,Yes,Yes,No,No,No,Yes,One Year,Yes,Credit Card,4,No,56
Female,77,Yes,No,No,0,No,0,None,No,0,No,Yes,21,No,Yes,No,Yes,Yes,No,No,No,Month-to-Month,Yes,Bank Withdrawal,5,No,64
Male,66,Yes,No,No,0,No,0,Offer A,Yes,10.48,No,No,0,No,No,No,No,No,No,No,No,Two Year,Yes,Credit Card,5,No,68
Male,79,Yes,No,No,0,No,0,Offer A,Yes,28.88,Yes,Yes,11,Yes,Yes,No,Yes,No,No,No,Yes,Two Year,Yes,Bank Withdrawal,3,No,67
Female,66,Yes,Yes,No,0,Yes,3,None,Yes,22.89,Yes,Yes,12,No,Yes,Yes,No,Yes,No,No,Yes,Month-to-Month,Yes,Bank Withdrawal,3,No,42
Female,77,Yes,Yes,No,0,Yes,1,None,Yes,33.75,Yes,Yes,29,Yes,Yes,Yes,Yes,No,No,No,Yes,Month-to-Month,Yes,Credit Card,3,No,61
Female,77,Yes,Yes,No,0,Yes,1,None,Yes,47.64,No,Yes,25,No,Yes,Yes,Yes,Yes,No,No,Yes,One Year,Yes,Bank Withdrawal,3,No,53
Female,72,Yes,No,No,0,No,0,Offer C,Yes,10.73,Yes,Yes,3,Yes,Yes,Yes,No,Yes,Yes,Yes,Yes,One Year,Yes,Bank Withdrawal,3,No,35
Male,78,Yes,Yes,No,0,Yes,8,Offer A,No,0,No,Yes,26,Yes,Yes,Yes,Yes,Yes,Yes,Yes,Yes,Two Year,Yes,Bank Withdrawal,3,No,72
Male,80,Yes,Yes,No,0,Yes,4,Offer C,Yes,29.66,No,Yes,29,No,No,Yes,No,Yes,No,No,Yes,Month-to-Month,Yes,Credit Card,5,No,34
Female,77,Yes,Yes,No,0,Yes,2,None,Yes,18.14,Yes,Yes,2,No,Yes,Yes,No,Yes,Yes,Yes,Yes,Month-to-Month,Yes,Bank Withdrawal,4,No,63
Female,75,Yes,No,No,0,No,0,None,No,0,No,Yes,24,No,No,No,No,Yes,Yes,Yes,Yes,Month-to-Month,Yes,Bank Withdrawal,5,No,6
Male,67,Yes,Yes,No,0,Yes,2,None,Yes,9.08,Yes,Yes,23,Yes,Yes,No,No,No,No,No,Yes,One Year,No,Credit Card,4,No,55
Male,37,No,No,No,0,No,0,None,Yes,10.47,No,Yes,21,Yes,Yes,No,No,No,No,No,Yes,Month-to-Month,Yes,Credit Card,1,Yes,2
Female,19,No,No,Yes,2,No,0,None,Yes,9.12,No,Yes,51,No,No,No,No,No,No,No,Yes,Month-to-Month,Yes,Bank Withdrawal,2,Yes,2
Female,31,No,No,Yes,2,No,0,None,Yes,12.15,Yes,Yes,26,No,No,Yes,No,Yes,Yes,Yes,Yes,Month-to-Month,Yes,Bank Withdrawal,3,Yes,8
Female,23,No,Yes,Yes,3,No,0,Offer C,Yes,4.89,Yes,Yes,47,No,No,Yes,Yes,Yes,Yes,Yes,Yes,Month-to-Month,Yes,Bank Withdrawal,3,Yes,28
Male,38,No,No,Yes,1,No,0,None,Yes,44.33,Yes,Yes,11,No,Yes,Yes,No,Yes,Yes,Yes,Yes,Month-to-Month,Yes,Bank Withdrawal,1,Yes,49
Female,21,No,Yes,No,0,Yes,6,None,Yes,9.41,No,Yes,69,No,No,Yes,Yes,No,No,No,Yes,Month-to-Month,No,Credit Card,1,Yes,10
Male,29,No,No,No,0,No,0,None,Yes,33.58,No,No,0,No,No,No,No,No,No,No,No,Month-to-Month,No,Credit Card,1,Yes,1
Male,61,No,Yes,Yes,1,Yes,1,None,Yes,31.35,Yes,Yes,16,No,Yes,No,No,Yes,Yes,Yes,Yes,Month-to-Month,Yes,Bank Withdrawal,1,Yes,47
Male,27,No,Yes,No,0,Yes,1,None,No,0,No,Yes,58,No,Yes,No,No,No,No,No,Yes,Month-to-Month,No,Bank Withdrawal,1,Yes,1
Female,20,No,No,No,0,No,0,None,Yes,40.55,No,Yes,41,No,No,No,No,Yes,Yes,Yes,Yes,Month-to-Month,Yes,Credit Card,1,Yes,17
Male,56,No,No,Yes,3,No,0,None,Yes,12.6,No,Yes,58,No,No,No,No,No,No,No,Yes,Month-to-Month,Yes,Bank Withdrawal,1,Yes,5
Male,51,No,No,Yes,1,No,0,Offer C,Yes,21.69,Yes,Yes,28,No,Yes,Yes,No,Yes,Yes,Yes,Yes,Month-to-Month,Yes,Bank Withdrawal,2,Yes,34
Female,48,No,No,Yes,2,No,0,None,Yes,27.57,Yes,Yes,18,No,No,Yes,No,Yes,Yes,Yes,Yes,Month-to-Month,Yes,Bank Withdrawal,3,Yes,11
Female,32,No,No,Yes,2,No,0,None,Yes,5.85,No,Yes,19,No,No,No,No,Yes,No,No,No,Month-to-Month,Yes,Bank Withdrawal,1,Yes,2
Female,34,No,No,Yes,1,No,0,None,Yes,3.96,No,Yes,20,Yes,Yes,No,No,Yes,Yes,Yes,Yes,Month-to-Month,Yes,Credit Card,1,Yes,15
Female,41,No,No,Yes,2,No,0,None,Yes,27.21,Yes,Yes,29,No,No,No,No,Yes,Yes,Yes,Yes,Month-to-Month,No,Bank Withdrawal,3,Yes,9
Female,32,No,No,Yes,3,No,0,None,Yes,13.13,No,Yes,57,No,No,No,No,Yes,No,No,Yes,Month-to-Month,Yes,Bank Withdrawal,1,Yes,1
Female,34,No,Yes,Yes,5,Yes,1,None,Yes,8.69,No,Yes,53,No,No,Yes,No,No,No,No,Yes,Month-to-Month,Yes,Bank Withdrawal,1,Yes,7
Female,34,No,No,Yes,3,No,0,None,Yes,25.34,Yes,Yes,56,Yes,No,No,No,No,No,No,No,Month-to-Month,Yes,Bank Withdrawal,1,Yes,12
Male,30,No,No,No,0,No,0,Offer E,Yes,34.26,No,No,0,No,No,No,No,No,No,No,No,Month-to-Month,No,Credit Card,3,Yes,5
Male,26,No,Yes,No,0,Yes,4,Offer A,Yes,14.79,Yes,Yes,47,No,Yes,Yes,Yes,Yes,Yes,Yes,Yes,Two Year,Yes,Bank Withdrawal,2,Yes,68
Male,37,No,Yes,Yes,1,No,0,None,Yes,49.06,Yes,Yes,27,Yes,Yes,No,No,Yes,No,No,Yes,Month-to-Month,Yes,Bank Withdrawal,1,Yes,55
Female,62,No,Yes,Yes,2,Yes,1,None,Yes,24.48,Yes,Yes,30,Yes,No,No,No,Yes,Yes,Yes,Yes,Month-to-Month,Yes,Bank Withdrawal,2,Yes,10
Male,21,No,No,Yes,2,No,0,Offer E,Yes,14.6,Yes,Yes,71,No,No,No,No,No,No,Yes,Yes,Month-to-Month,Yes,Bank Withdrawal,1,Yes,3
Female,27,No,Yes,No,0,Yes,6,Offer C,No,0,No,Yes,48,Yes,Yes,Yes,No,Yes,Yes,Yes,Yes,Month-to-Month,Yes,Credit Card,1,Yes,25
Male,64,No,No,No,0,No,0,Offer E,No,0,No,Yes,22,No,No,No,No,No,Yes,Yes,Yes,Month-to-Month,Yes,Bank Withdrawal,3,Yes,1
Male,45,No,No,No,0,No,0,Offer E,Yes,46.84,No,Yes,3,No,No,No,No,No,No,No,Yes,Month-to-Month,No,Bank Withdrawal,3,Yes,2
Female,53,No,No,No,0,No,0,Offer E,Yes,48.14,Yes,Yes,18,Yes,No,No,Yes,No,Yes,Yes,Yes,Month-to-Month,No,Bank Withdrawal,1,Yes,8
Male,63,No,No,No,0,No,0,Offer E,Yes,14.12,No,Yes,24,No,No,No,No,No,No,No,Yes,Month-to-Month,Yes,Bank Withdrawal,1,Yes,1
Male,32,No,No,Yes,4,No,0,Offer E,Yes,20.52,Yes,Yes,28,No,No,No,No,Yes,Yes,Yes,No,Month-to-Month,No,Credit Card,1,Yes,7
Female,26,No,Yes,Yes,1,Yes,5,None,Yes,36.6,Yes,Yes,51,Yes,No,No,No,No,No,Yes,Yes,Month-to-Month,No,Bank Withdrawal,1,Yes,20
Female,42,No,No,Yes,1,No,0,Offer E,Yes,33.5,No,Yes,27,No,No,No,No,No,No,No,Yes,Month-to-Month,Yes,Bank Withdrawal,1,Yes,4
Female,26,No,Yes,Yes,3,Yes,1,Offer E,Yes,11.51,Yes,Yes,53,No,No,Yes,Yes,Yes,Yes,Yes,Yes,Month-to-Month,Yes,Bank Withdrawal,3,Yes,2
Female,24,No,Yes,No,0,Yes,5,None,Yes,40.62,No,Yes,73,No,No,Yes,No,Yes,Yes,Yes,Yes,One Year,Yes,Bank Withdrawal,1,Yes,53
Female,54,No,No,No,0,No,0,Offer E,No,0,No,Yes,27,No,Yes,No,No,No,No,No,Yes,Month-to-Month,No,Bank Withdrawal,1,Yes,1
Male,51,No,No,Yes,2,No,0,Offer E,Yes,25.73,Yes,Yes,19,No,No,No,No,No,Yes,Yes,Yes,Month-to-Month,No,Bank Withdrawal,2,Yes,8
Female,48,No,No,Yes,3,No,0,None,Yes,33.54,No,Yes,76,No,Yes,Yes,No,No,No,No,Yes,Month-to-Month,Yes,Bank Withdrawal,1,Yes,13
Female,29,No,Yes,No,0,Yes,4,Offer E,No,0,No,Yes,29,No,No,No,No,No,No,Yes,Yes,Month-to-Month,Yes,Bank Withdrawal,1,Yes,1
Male,39,No,Yes,Yes,2,Yes,5,None,Yes,42.08,No,Yes,29,No,Yes,Yes,No,No,Yes,Yes,Yes,Month-to-Month,Yes,Bank Withdrawal,2,Yes,6
Male,62,No,No,Yes,3,No,0,None,Yes,23.2,No,Yes,21,No,No,No,No,No,Yes,Yes,Yes,Month-to-Month,No,Bank Withdrawal,2,Yes,1
Female,43,No,No,Yes,1,No,0,None,Yes,28.35,No,Yes,19,Yes,No,Yes,Yes,Yes,Yes,Yes,No,Month-to-Month,Yes,Bank Withdrawal,1,Yes,19
Male,19,No,No,No,0,No,0,None,Yes,49.81,No,Yes,41,No,No,No,No,No,No,Yes,Yes,Month-to-Month,Yes,Credit Card,3,Yes,2
Female,39,No,No,Yes,2,No,0,None,Yes,29.4,No,Yes,17,No,No,No,No,No,No,No,Yes,Month-to-Month,Yes,Bank Withdrawal,2,Yes,4
Male,50,No,Yes,No,0,Yes,2,None,Yes,9.67,No,Yes,22,No,No,No,Yes,No,No,No,Yes,Month-to-Month,No,Credit Card,2,Yes,4
Female,22,No,Yes,No,0,No,0,None,Yes,35.6,No,Yes,58,No,No,No,No,Yes,No,Yes,Yes,Month-to-Month,No,Credit Card,2,Yes,1
Male,40,No,No,Yes,1,No,0,None,Yes,26.85,No,Yes,11,Yes,No,No,No,No,Yes,Yes,Yes,Month-to-Month,Yes,Credit Card,2,Yes,1
Male,22,No,No,No,0,No,0,None,Yes,44.31,Yes,Yes,73,No,Yes,No,No,No,No,Yes,Yes,Month-to-Month,Yes,Credit Card,3,Yes,2
Male,37,No,No,No,0,No,0,None,Yes,11.35,No,Yes,9,Yes,No,No,No,No,No,No,Yes,Month-to-Month,Yes,Credit Card,1,Yes,1
Female,47,No,Yes,No,0,Yes,1,None,Yes,46.23,No,Yes,21,No,No,No,No,No,No,No,Yes,Month-to-Month,No,Bank Withdrawal,1,Yes,2
Female,41,No,Yes,No,0,Yes,3,Offer E,Yes,30.19,No,Yes,16,No,No,No,No,No,No,No,Yes,Month-to-Month,Yes,Credit Card,2,Yes,2
Male,51,No,No,No,0,No,0,None,Yes,26.63,No,No,0,No,No,No,No,No,No,No,No,Two Year,No,Credit Card,3,Yes,59
Male,60,No,No,No,0,No,0,Offer E,No,0,No,Yes,29,No,No,No,No,No,No,No,Yes,Month-to-Month,No,Bank Withdrawal,2,Yes,1
Male,30,No,No,No,0,No,0,Offer E,Yes,44.59,No,Yes,41,No,No,No,No,No,No,No,Yes,Month-to-Month,No,Credit Card,2,Yes,1
Male,51,No,Yes,No,0,Yes,1,Offer E,Yes,42.29,Yes,Yes,16,No,Yes,No,Yes,No,No,No,Yes,Month-to-Month,Yes,Bank Withdrawal,3,Yes,5
Female,20,No,Yes,No,0,Yes,6,None,Yes,10.59,Yes,Yes,48,No,Yes,Yes,No,Yes,Yes,Yes,Yes,Month-to-Month,Yes,Bank Withdrawal,2,Yes,52
Male,52,No,Yes,No,0,Yes,6,None,Yes,1.51,No,Yes,28,No,No,Yes,No,Yes,Yes,Yes,Yes,Month-to-Month,No,Credit Card,3,Yes,18
Male,41,No,Yes,No,0,Yes,1,Offer E,Yes,19.15,No,Yes,18,No,No,No,No,No,No,No,No,Month-to-Month,No,Bank Withdrawal,3,Yes,1
Male,34,No,No,No,0,No,0,None,Yes,49.58,No,Yes,17,No,No,No,No,No,No,No,Yes,Month-to-Month,Yes,Credit Card,2,Yes,10
Female,21,No,No,No,0,No,0,None,Yes,6.19,No,Yes,52,Yes,No,No,No,No,No,Yes,Yes,Month-to-Month,Yes,Credit Card,1,Yes,1
Male,30,No,No,No,0,No,0,Offer E,Yes,5.78,No,Yes,52,No,No,No,No,Yes,No,No,No,Month-to-Month,Yes,Bank Withdrawal,2,Yes,5
Female,55,No,Yes,No,0,Yes,1,Offer C,Yes,42.14,No,Yes,19,Yes,Yes,No,Yes,Yes,Yes,Yes,Yes,One Year,No,Credit Card,1,Yes,38
Female,29,No,No,No,0,No,0,None,Yes,28.62,Yes,Yes,26,No,No,No,No,No,No,Yes,Yes,Month-to-Month,Yes,Bank Withdrawal,3,Yes,7
Female,54,No,No,No,0,No,0,None,Yes,5.32,Yes,Yes,20,No,No,Yes,No,No,No,No,Yes,Month-to-Month,No,Credit Card,1,Yes,2
Male,63,No,Yes,No,0,Yes,1,Offer A,Yes,29.18,Yes,Yes,18,No,Yes,Yes,Yes,No,Yes,Yes,No,One Year,Yes,Bank Withdrawal,3,Yes,68
Female,24,No,No,No,0,No,0,None,Yes,12.88,Yes,Yes,59,No,Yes,Yes,No,Yes,Yes,Yes,Yes,Two Year,Yes,Bank Withdrawal,1,Yes,43
Male,61,No,Yes,No,0,Yes,2,None,Yes,48.95,Yes,Yes,13,No,Yes,Yes,No,Yes,Yes,Yes,Yes,Month-to-Month,Yes,Bank Withdrawal,2,Yes,63
Female,47,No,No,No,0,No,0,Offer E,Yes,10.53,No,Yes,8,No,No,No,No,Yes,Yes,Yes,Yes,Month-to-Month,Yes,Bank Withdrawal,3,Yes,2
Male,26,No,Yes,No,0,Yes,5,Offer E,Yes,28.77,Yes,Yes,19,No,Yes,Yes,No,No,No,Yes,Yes,Month-to-Month,Yes,Bank Withdrawal,3,Yes,4
Female,40,No,No,No,0,No,0,None,Yes,27.1,No,Yes,11,No,No,No,No,No,Yes,Yes,Yes,Month-to-Month,Yes,Bank Withdrawal,3,Yes,10
Male,54,No,No,No,0,No,0,Offer E,Yes,20.86,No,Yes,8,No,No,Yes,No,Yes,Yes,Yes,Yes,Month-to-Month,No,Bank Withdrawal,3,Yes,5
Male,22,No,No,No,0,No,0,Offer E,Yes,40.43,Yes,Yes,27,No,No,No,No,Yes,No,Yes,Yes,Month-to-Month,Yes,Bank Withdrawal,1,Yes,2
Female,48,No,Yes,No,0,Yes,1,Offer C,Yes,8.91,Yes,Yes,10,No,No,Yes,Yes,Yes,Yes,Yes,Yes,Month-to-Month,Yes,Bank Withdrawal,3,Yes,25
Male,26,No,No,No,0,No,0,Offer E,Yes,14.78,No,Yes,59,No,Yes,No,No,No,No,Yes,Yes,Month-to-Month,No,Credit Card,1,Yes,1
Male,64,No,No,No,0,No,0,Offer E,Yes,8.56,Yes,Yes,24,No,Yes,No,No,No,Yes,Yes,Yes,Month-to-Month,Yes,Credit Card,3,Yes,1
Female,63,No,No,No,0,No,0,Offer C,Yes,1.55,No,Yes,14,No,Yes,No,No,No,No,No,Yes,Month-to-Month,Yes,Credit Card,3,Yes,34
Male,30,No,Yes,No,0,Yes,2,Offer A,Yes,48.8,Yes,Yes,26,No,No,Yes,No,Yes,Yes,Yes,Yes,Month-to-Month,Yes,Credit Card,3,Yes,69
Female,59,No,No,No,0,No,0,Offer E,Yes,36.63,No,No,0,No,No,No,No,No,No,No,No,Month-to-Month,Yes,Credit Card,3,Yes,1
Male,52,No,No,No,0,No,0,Offer E,Yes,14.17,No,No,0,No,No,No,No,No,No,No,No,Month-to-Month,Yes,Credit Card,1,Yes,1
Female,23,No,Yes,No,0,Yes,4,None,Yes,4.01,No,Yes,53,No,Yes,No,No,No,Yes,Yes,Yes,Month-to-Month,No,Bank Withdrawal,1,Yes,22
Female,22,No,Yes,No,0,Yes,3,None,Yes,46.27,No,No,0,No,No,No,No,No,No,No,No,Month-to-Month,Yes,Credit Card,3,Yes,61
Male,49,No,No,No,0,No,0,None,Yes,11.12,No,Yes,14,No,No,No,No,No,No,No,Yes,Month-to-Month,Yes,Bank Withdrawal,3,Yes,12
Female,20,No,No,No,0,No,0,None,Yes,10.7,Yes,Yes,71,No,Yes,Yes,No,Yes,Yes,Yes,Yes,Month-to-Month,Yes,Bank Withdrawal,2,Yes,60
Female,54,No,No,No,0,No,0,Offer E,Yes,29.78,No,Yes,13,No,No,No,No,No,No,No,Yes,Month-to-Month,No,Credit Card,1,Yes,1
Female,58,No,Yes,No,0,Yes,1,Offer C,Yes,16.85,No,Yes,13,No,No,No,No,No,Yes,Yes,Yes,Month-to-Month,Yes,Bank Withdrawal,1,Yes,28
Male,21,No,Yes,No,0,Yes,3,Offer E,Yes,9.56,Yes,Yes,48,No,No,Yes,No,Yes,Yes,Yes,Yes,Month-to-Month,No,Bank Withdrawal,1,Yes,4
Male,61,No,No,No,0,No,0,None,Yes,47.03,Yes,Yes,2,No,Yes,No,No,Yes,Yes,Yes,No,Month-to-Month,Yes,Bank Withdrawal,1,Yes,7
Female,60,No,Yes,No,0,Yes,3,Offer D,Yes,19.05,No,Yes,27,No,No,No,No,No,Yes,Yes,Yes,Month-to-Month,No,Bank Withdrawal,1,Yes,13
Male,25,No,No,No,0,No,0,None,Yes,47.22,No,Yes,53,No,No,No,No,No,Yes,Yes,Yes,Month-to-Month,Yes,Bank Withdrawal,1,Yes,1
Female,52,No,Yes,No,0,No,0,None,Yes,21.91,No,Yes,8,No,Yes,No,No,No,No,No,Yes,Month-to-Month,Yes,Bank Withdrawal,1,Yes,1
Male,52,No,No,No,0,No,0,Offer C,Yes,49.3,Yes,Yes,20,No,Yes,No,No,No,No,No,Yes,Month-to-Month,Yes,Bank Withdrawal,1,Yes,24
Male,61,No,No,No,0,No,0,None,Yes,31.09,No,Yes,11,No,No,No,Yes,Yes,Yes,Yes,Yes,Month-to-Month,Yes,Bank Withdrawal,1,Yes,5
Female,40,No,No,No,0,No,0,Offer D,Yes,4.67,No,Yes,28,No,No,No,No,No,No,No,Yes,Month-to-Month,No,Bank Withdrawal,1,Yes,15
Female,28,No,Yes,No,0,Yes,3,None,No,0,No,Yes,58,Yes,No,Yes,No,No,Yes,Yes,No,Month-to-Month,Yes,Bank Withdrawal,1,Yes,48
Female,32,No,Yes,No,0,Yes,1,None,Yes,32.32,No,Yes,25,No,Yes,No,No,Yes,No,No,Yes,Month-to-Month,Yes,Bank Withdrawal,1,Yes,8
Male,32,No,No,No,0,No,0,None,Yes,14.02,Yes,Yes,2,No,No,No,No,No,No,No,Yes,Month-to-Month,Yes,Bank Withdrawal,1,Yes,1
Female,28,No,Yes,No,0,Yes,1,None,Yes,9.79,No,Yes,41,Yes,No,No,No,No,No,No,Yes,Month-to-Month,Yes,Bank Withdrawal,1,Yes,2
Male,51,No,No,No,0,No,0,Offer D,No,0,No,Yes,16,No,Yes,Yes,No,No,Yes,Yes,Yes,One Year,Yes,Bank Withdrawal,3,Yes,22
Female,49,No,No,No,0,No,0,Offer D,Yes,16.07,Yes,Yes,14,Yes,Yes,Yes,No,No,Yes,Yes,Yes,Month-to-Month,Yes,Bank Withdrawal,1,Yes,12
Male,49,No,Yes,No,0,Yes,4,None,Yes,18.79,No,Yes,19,No,No,No,Yes,Yes,Yes,Yes,Yes,Month-to-Month,Yes,Bank Withdrawal,2,Yes,2
Female,64,No,Yes,No,0,Yes,1,None,Yes,36.12,Yes,Yes,23,No,No,No,Yes,No,No,No,Yes,Month-to-Month,Yes,Bank Withdrawal,3,Yes,6
Male,55,No,No,No,0,No,0,None,Yes,35.58,Yes,Yes,8,No,No,Yes,Yes,Yes,Yes,Yes,Yes,Month-to-Month,No,Bank Withdrawal,1,Yes,40
Female,47,No,No,No,0,No,0,Offer D,Yes,27.61,Yes,Yes,23,No,No,No,No,No,No,No,Yes,Month-to-Month,No,Bank Withdrawal,1,Yes,23
Male,22,No,Yes,No,0,Yes,2,Offer C,Yes,23.09,Yes,Yes,52,No,No,Yes,No,Yes,Yes,Yes,No,Month-to-Month,Yes,Bank Withdrawal,3,Yes,34
Female,51,No,No,No,0,No,0,Offer E,Yes,30.52,Yes,Yes,30,No,No,No,No,No,Yes,Yes,Yes,Month-to-Month,Yes,Bank Withdrawal,3,Yes,1
Male,33,No,No,No,0,No,0,Offer D,Yes,5.92,Yes,Yes,11,No,No,No,No,Yes,No,No,Yes,Month-to-Month,Yes,Bank Withdrawal,3,Yes,10
Male,52,No,No,No,0,No,0,Offer D,No,0,No,Yes,17,Yes,No,No,Yes,Yes,No,No,Yes,Month-to-Month,Yes,Credit Card,3,Yes,13
Male,29,No,Yes,No,0,Yes,5,Offer C,Yes,40.25,No,Yes,19,No,Yes,No,No,Yes,No,No,Yes,Month-to-Month,Yes,Credit Card,1,Yes,39
Male,31,No,No,No,0,No,0,Offer C,Yes,1.49,Yes,Yes,21,No,Yes,No,No,No,No,No,Yes,Month-to-Month,Yes,Bank Withdrawal,1,Yes,32
Female,44,No,No,No,0,No,0,Offer C,Yes,10.49,Yes,Yes,17,No,No,Yes,No,Yes,Yes,Yes,Yes,Month-to-Month,Yes,Bank Withdrawal,3,Yes,35
Male,50,No,Yes,No,0,Yes,2,None,Yes,26.15,Yes,Yes,7,No,Yes,No,No,Yes,Yes,Yes,No,One Year,No,Credit Card,2,Yes,56
Female,48,No,Yes,No,0,Yes,1,Offer D,Yes,19.48,No,No,0,No,No,No,No,No,No,No,No,Month-to-Month,No,Credit Card,1,Yes,12
Female,28,No,No,No,0,No,0,None,Yes,4.13,No,Yes,51,Yes,No,No,No,No,No,No,Yes,Month-to-Month,No,Mailed Check,1,Yes,1
Female,52,No,No,No,0,No,0,Offer D,Yes,36.24,Yes,Yes,30,Yes,No,Yes,Yes,No,No,No,Yes,Month-to-Month,Yes,Mailed Check,1,Yes,12
Male,32,No,Yes,No,0,Yes,1,Offer E,No,0,No,Yes,9,No,Yes,No,No,No,No,No,No,Month-to-Month,Yes,Bank Withdrawal,2,Yes,9
Female,20,No,Yes,No,0,Yes,1,Offer E,Yes,6.35,No,Yes,69,Yes,Yes,Yes,Yes,No,No,No,Yes,Month-to-Month,No,Mailed Check,1,Yes,9
Female,27,No,No,No,0,No,0,Offer E,Yes,16.04,No,No,0,No,No,No,No,No,No,No,No,Month-to-Month,No,Bank Withdrawal,3,Yes,7
Female,20,No,Yes,No,0,Yes,7,None,Yes,34.14,Yes,Yes,26,No,Yes,Yes,No,Yes,Yes,Yes,Yes,Month-to-Month,Yes,Bank Withdrawal,1,Yes,65
Male,26,No,Yes,No,0,Yes,1,Offer D,Yes,2.02,Yes,Yes,82,No,No,No,No,No,Yes,Yes,No,Month-to-Month,Yes,Bank Withdrawal,3,Yes,10
Female,57,No,Yes,No,0,Yes,3,None,Yes,37.25,No,Yes,20,No,No,No,No,Yes,No,No,Yes,Month-to-Month,No,Bank Withdrawal,2,Yes,43
Male,38,No,No,No,0,No,0,Offer E,Yes,42.46,No,Yes,27,No,No,No,No,Yes,Yes,Yes,Yes,Month-to-Month,Yes,Bank Withdrawal,2,Yes,1
Male,57,No,No,No,0,No,0,Offer E,Yes,5.55,No,Yes,13,No,No,No,No,No,No,No,Yes,Month-to-Month,Yes,Mailed Check,3,Yes,1
Female,30,No,No,No,0,No,0,None,Yes,26.26,No,Yes,30,No,No,No,No,No,No,No,Yes,Month-to-Month,Yes,Bank Withdrawal,1,Yes,3
Female,23,No,No,No,0,No,0,Offer E,Yes,22.16,No,Yes,47,No,No,Yes,No,No,No,No,No,Month-to-Month,Yes,Mailed Check,3,Yes,1
Male,40,No,Yes,No,0,Yes,2,Offer E,Yes,15.14,No,No,0,No,No,No,No,No,No,No,No,One Year,No,Mailed Check,3,Yes,2
Female,48,No,No,No,0,No,0,Offer E,No,0,No,Yes,16,No,No,No,No,No,No,No,Yes,Month-to-Month,Yes,Mailed Check,2,Yes,4
Female,52,No,No,No,0,No,0,Offer E,Yes,7.64,No,Yes,27,No,No,No,No,No,No,No,Yes,Month-to-Month,No,Bank Withdrawal,2,Yes,2
Female,47,No,No,No,0,No,0,None,Yes,45.4,No,Yes,27,No,No,No,No,No,No,No,Yes,Month-to-Month,No,Mailed Check,1,Yes,4
Female,23,No,No,No,0,No,0,Offer E,Yes,32.86,Yes,Yes,58,No,No,No,No,No,No,No,Yes,Month-to-Month,Yes,Mailed Check,2,Yes,1
Female,19,No,No,No,0,No,0,Offer E,No,0,No,Yes,76,No,No,No,No,No,Yes,Yes,Yes,Month-to-Month,Yes,Bank Withdrawal,1,Yes,2
Male,48,No,Yes,No,0,Yes,1,Offer E,Yes,35.71,No,Yes,3,No,No,No,No,No,Yes,Yes,Yes,Month-to-Month,No,Bank Withdrawal,1,Yes,1
Female,63,No,No,No,0,No,0,Offer E,Yes,26.52,Yes,Yes,10,No,No,No,No,No,No,No,Yes,Month-to-Month,Yes,Credit Card,3,Yes,3
Male,23,No,Yes,No,0,Yes,1,None,Yes,13.54,No,Yes,51,No,No,Yes,No,No,No,No,Yes,Month-to-Month,Yes,Bank Withdrawal,1,Yes,3
Female,54,No,No,No,0,No,0,Offer C,Yes,26.81,No,Yes,12,Yes,Yes,No,No,No,No,No,Yes,Month-to-Month,Yes,Bank Withdrawal,2,Yes,25
Male,27,No,No,No,0,No,0,None,Yes,38.44,No,No,0,No,No,No,No,No,No,No,No,Month-to-Month,No,Mailed Check,2,Yes,1
Female,48,No,Yes,No,0,Yes,1,None,Yes,4.14,Yes,Yes,30,No,No,No,No,No,Yes,Yes,Yes,Month-to-Month,Yes,Bank Withdrawal,3,Yes,4
Male,26,No,No,No,0,No,0,None,Yes,36.48,No,Yes,59,No,No,No,No,No,No,No,Yes,Month-to-Month,Yes,Bank Withdrawal,3,Yes,3
Female,29,No,No,No,0,No,0,None,Yes,4.48,Yes,Yes,51,No,No,Yes,Yes,No,No,No,Yes,Month-to-Month,Yes,Bank Withdrawal,1,Yes,45
Male,51,No,No,No,0,No,0,Offer D,Yes,27.57,Yes,Yes,13,Yes,No,No,No,Yes,Yes,Yes,Yes,Month-to-Month,No,Bank Withdrawal,1,Yes,10
Female,37,No,No,No,0,No,0,None,Yes,24.63,No,Yes,13,No,Yes,No,No,No,Yes,Yes,Yes,Month-to-Month,Yes,Bank Withdrawal,3,Yes,15
Female,38,No,No,No,0,No,0,None,Yes,18.01,No,Yes,2,No,No,No,No,Yes,Yes,Yes,Yes,Month-to-Month,No,Bank Withdrawal,1,Yes,22
Male,31,No,Yes,No,0,Yes,1,None,Yes,26.71,No,Yes,11,No,No,No,No,No,No,No,Yes,Month-to-Month,Yes,Bank Withdrawal,1,Yes,3
Male,49,No,No,No,0,No,0,None,Yes,48.93,Yes,Yes,15,No,No,No,No,Yes,Yes,Yes,Yes,Month-to-Month,Yes,Bank Withdrawal,1,Yes,15
Female,45,No,No,No,0,No,0,None,Yes,49.51,No,No,0,No,No,No,No,No,No,No,No,Month-to-Month,No,Mailed Check,2,Yes,1
Female,37,No,Yes,No,0,Yes,1,None,Yes,41.57,No,Yes,27,Yes,No,Yes,No,No,Yes,Yes,Yes,Month-to-Month,Yes,Mailed Check,1,Yes,5
Male,24,No,Yes,No,0,Yes,1,Offer C,Yes,41.8,No,Yes,41,No,No,Yes,No,Yes,Yes,Yes,No,One Year,Yes,Bank Withdrawal,2,Yes,33
Male,42,No,No,No,0,No,0,None,Yes,41.18,Yes,Yes,14,No,Yes,No,No,No,No,No,Yes,Month-to-Month,Yes,Bank Withdrawal,3,Yes,2
Male,63,No,No,No,0,No,0,None,Yes,25.49,No,Yes,9,No,No,No,No,No,No,No,Yes,Month-to-Month,No,Bank Withdrawal,1,Yes,2
Female,41,No,No,No,0,No,0,None,Yes,34.04,No,Yes,23,No,No,No,Yes,No,No,No,Yes,Month-to-Month,Yes,Bank Withdrawal,1,Yes,1
Male,58,No,No,No,0,No,0,Offer B,Yes,22.64,Yes,Yes,9,No,No,Yes,No,Yes,Yes,Yes,Yes,One Year,Yes,Bank Withdrawal,2,Yes,62
Female,33,No,No,No,0,No,0,None,Yes,14.53,Yes,Yes,30,No,No,No,Yes,Yes,Yes,Yes,No,Month-to-Month,Yes,Bank Withdrawal,1,Yes,10
Male,61,No,No,No,0,No,0,None,Yes,11.97,No,Yes,27,No,Yes,No,No,Yes,No,No,Yes,Month-to-Month,Yes,Bank Withdrawal,3,Yes,6
Male,54,No,Yes,No,0,Yes,1,Offer B,Yes,22.56,Yes,Yes,4,No,Yes,No,No,Yes,Yes,Yes,Yes,Month-to-Month,Yes,Bank Withdrawal,1,Yes,40
Male,27,No,No,No,0,No,0,Offer E,Yes,49.43,No,Yes,48,No,No,No,No,No,No,Yes,Yes,Month-to-Month,Yes,Bank Withdrawal,2,Yes,1
Male,20,No,No,No,0,No,0,Offer B,Yes,44.5,Yes,Yes,47,No,Yes,Yes,No,Yes,Yes,Yes,Yes,One Year,Yes,Bank Withdrawal,1,Yes,58
Male,25,No,No,No,0,No,0,Offer A,Yes,12.19,Yes,Yes,42,Yes,No,No,Yes,Yes,Yes,Yes,Yes,Two Year,Yes,Credit Card,1,Yes,70
Female,62,No,No,No,0,No,0,Offer E,Yes,24.05,No,Yes,27,No,No,Yes,No,No,Yes,Yes,Yes,Month-to-Month,Yes,Mailed Check,3,Yes,2
Male,24,No,Yes,No,0,Yes,1,None,Yes,36.26,Yes,Yes,59,No,Yes,Yes,Yes,Yes,Yes,Yes,No,Month-to-Month,Yes,Bank Withdrawal,3,Yes,21
Female,41,No,Yes,No,0,Yes,1,None,Yes,31.73,No,Yes,25,No,Yes,Yes,No,Yes,No,No,Yes,Month-to-Month,Yes,Credit Card,3,Yes,16
Male,21,No,Yes,No,0,Yes,1,Offer B,Yes,33.25,No,Yes,52,No,Yes,Yes,No,Yes,No,Yes,Yes,One Year,No,Bank Withdrawal,3,Yes,60
Female,58,No,Yes,No,0,Yes,1,Offer B,Yes,29.43,Yes,Yes,14,Yes,Yes,No,Yes,Yes,Yes,Yes,Yes,One Year,No,Bank Withdrawal,2,Yes,50
Male,45,No,No,No,0,No,0,Offer E,Yes,32.44,No,Yes,12,No,No,No,No,No,No,No,Yes,Month-to-Month,No,Mailed Check,1,Yes,1
Female,59,No,Yes,No,0,Yes,1,None,Yes,37.65,No,No,0,No,No,No,No,No,No,No,No,One Year,No,Bank Withdrawal,3,Yes,12
Male,21,No,No,No,0,No,0,Offer E,Yes,32.85,No,Yes,53,No,No,No,No,Yes,Yes,Yes,Yes,Month-to-Month,Yes,Bank Withdrawal,1,Yes,1
Female,41,No,No,No,0,No,0,Offer B,Yes,32.58,Yes,Yes,15,No,No,Yes,No,Yes,Yes,Yes,Yes,One Year,Yes,Bank Withdrawal,3,Yes,62
Male,58,No,No,No,0,No,0,Offer E,Yes,1.28,No,Yes,27,No,Yes,No,No,No,No,No,Yes,Month-to-Month,No,Bank Withdrawal,1,Yes,1
Female,55,No,No,No,0,No,0,Offer E,Yes,47.62,No,Yes,29,No,Yes,No,No,Yes,Yes,Yes,Yes,Month-to-Month,Yes,Bank Withdrawal,1,Yes,3
Male,52,No,No,No,0,No,0,None,Yes,46.28,Yes,Yes,16,No,No,No,No,Yes,Yes,Yes,No,Month-to-Month,Yes,Credit Card,2,Yes,22
Male,46,No,Yes,No,0,Yes,1,Offer E,Yes,14.3,No,Yes,2,No,No,Yes,Yes,No,No,No,Yes,Month-to-Month,Yes,Mailed Check,3,Yes,4
Male,24,No,Yes,No,0,No,0,Offer B,Yes,6.91,Yes,Yes,52,No,No,No,No,No,Yes,Yes,Yes,One Year,No,Bank Withdrawal,3,Yes,59
Female,58,No,No,No,0,No,0,Offer B,No,0,No,Yes,5,No,Yes,No,No,Yes,Yes,Yes,Yes,Month-to-Month,Yes,Bank Withdrawal,2,Yes,60
Female,54,No,No,No,0,No,0,None,Yes,22.39,No,Yes,7,Yes,No,Yes,Yes,Yes,Yes,Yes,Yes,Month-to-Month,No,Bank Withdrawal,1,Yes,15
Male,53,No,No,No,0,No,0,None,Yes,18.03,No,Yes,6,Yes,Yes,Yes,Yes,Yes,Yes,Yes,Yes,Month-to-Month,Yes,Bank Withdrawal,1,Yes,10
Female,40,No,No,No,0,No,0,None,Yes,25.93,No,Yes,24,No,No,Yes,No,No,Yes,Yes,Yes,Month-to-Month,No,Bank Withdrawal,1,Yes,6
Female,48,No,Yes,No,0,Yes,3,Offer B,Yes,8.98,Yes,Yes,16,Yes,Yes,Yes,No,Yes,No,No,No,Month-to-Month,Yes,Bank Withdrawal,2,Yes,63
Male,55,No,Yes,No,0,Yes,6,Offer B,Yes,42.21,Yes,Yes,14,No,Yes,Yes,No,Yes,Yes,Yes,Yes,Month-to-Month,Yes,Bank Withdrawal,2,Yes,50
Female,39,No,No,No,0,No,0,None,No,0,No,Yes,12,No,No,No,No,No,No,No,Yes,Month-to-Month,No,Bank Withdrawal,2,Yes,1
Female,64,No,No,No,0,No,0,None,Yes,34.92,No,Yes,23,Yes,No,No,Yes,Yes,Yes,Yes,Yes,Month-to-Month,Yes,Bank Withdrawal,1,Yes,12
Female,27,No,No,No,0,No,0,None,Yes,38.76,Yes,Yes,82,No,No,Yes,No,Yes,Yes,Yes,Yes,Month-to-Month,No,Credit Card,2,Yes,9
Male,36,No,No,No,0,No,0,None,Yes,4.51,No,Yes,13,Yes,No,No,No,Yes,Yes,Yes,Yes,Month-to-Month,No,Bank Withdrawal,1,Yes,17
Female,37,No,No,No,0,No,0,None,Yes,3.84,No,Yes,4,No,Yes,Yes,No,No,No,No,Yes,Month-to-Month,Yes,Bank Withdrawal,1,Yes,13
Female,51,No,No,No,0,No,0,None,Yes,19.74,Yes,Yes,27,Yes,No,No,No,No,No,No,Yes,Month-to-Month,Yes,Bank Withdrawal,1,Yes,6
Female,32,No,No,No,0,No,0,None,Yes,23.82,Yes,Yes,24,No,No,No,No,No,No,No,Yes,Month-to-Month,No,Bank Withdrawal,3,Yes,3
Male,21,No,Yes,No,0,Yes,1,None,Yes,32.08,No,Yes,73,No,No,No,No,No,No,Yes,Yes,Month-to-Month,No,Credit Card,3,Yes,1
Male,36,No,No,No,0,No,0,None,Yes,10.41,No,Yes,17,No,No,No,No,No,No,No,Yes,Month-to-Month,Yes,Mailed Check,3,Yes,1
Male,53,No,No,No,0,No,0,None,Yes,9.14,No,No,0,No,No,No,No,No,No,No,No,Month-to-Month,No,Bank Withdrawal,3,Yes,7
Female,57,No,No,No,0,No,0,None,Yes,48.34,Yes,Yes,28,No,No,No,No,Yes,Yes,Yes,Yes,Month-to-Month,Yes,Bank Withdrawal,2,Yes,2
Female,30,No,No,No,0,No,0,Offer E,Yes,15.44,No,Yes,51,No,No,No,No,Yes,Yes,Yes,No,Month-to-Month,No,Bank Withdrawal,2,Yes,1
Male,30,No,No,No,0,No,0,Offer A,Yes,49.42,Yes,Yes,53,Yes,No,Yes,Yes,Yes,Yes,Yes,Yes,Two Year,Yes,Bank Withdrawal,1,Yes,71
Male,51,No,No,No,0,No,0,Offer E,Yes,45.66,No,Yes,28,No,No,No,No,No,No,No,Yes,Month-to-Month,Yes,Bank Withdrawal,3,Yes,1
Male,41,No,No,No,0,No,0,Offer E,Yes,5.43,Yes,Yes,18,No,No,No,No,No,Yes,Yes,Yes,Month-to-Month,Yes,Bank Withdrawal,3,Yes,1
Female,28,No,No,No,0,No,0,Offer C,Yes,45.14,Yes,Yes,41,No,Yes,No,Yes,No,No,Yes,No,Month-to-Month,No,Credit Card,2,Yes,35
Female,61,No,No,No,0,No,0,Offer C,Yes,4.66,No,Yes,21,No,No,No,No,No,No,No,Yes,Month-to-Month,Yes,Credit Card,2,Yes,34
Female,46,No,No,No,0,No,0,Offer E,Yes,48.36,No,Yes,15,No,No,Yes,No,Yes,Yes,Yes,Yes,Month-to-Month,Yes,Bank Withdrawal,2,Yes,7
Female,33,No,No,No,0,No,0,None,Yes,34.21,Yes,Yes,19,No,No,No,Yes,No,Yes,Yes,Yes,Month-to-Month,Yes,Bank Withdrawal,1,Yes,18
Female,26,No,No,No,0,No,0,None,Yes,30.73,No,Yes,39,No,No,No,No,No,No,Yes,Yes,Month-to-Month,No,Bank Withdrawal,1,Yes,2
Male,39,No,Yes,No,0,Yes,1,Offer C,Yes,33.57,Yes,Yes,26,Yes,No,No,No,Yes,Yes,Yes,No,Month-to-Month,Yes,Credit Card,1,Yes,32
Male,53,No,Yes,No,0,Yes,1,None,Yes,2.86,No,Yes,22,No,No,Yes,No,No,Yes,Yes,Yes,Month-to-Month,No,Bank Withdrawal,1,Yes,18
Male,27,No,Yes,No,0,Yes,1,None,Yes,27.82,No,Yes,26,No,No,No,No,No,Yes,Yes,Yes,One Year,No,Credit Card,1,Yes,12
Male,62,No,Yes,No,0,Yes,1,Offer C,Yes,35.9,Yes,Yes,26,No,No,No,No,Yes,No,No,Yes,Month-to-Month,Yes,Bank Withdrawal,3,Yes,26
Male,44,No,Yes,No,0,Yes,1,None,Yes,35.61,No,Yes,13,Yes,Yes,No,No,No,No,No,No,Month-to-Month,Yes,Bank Withdrawal,1,Yes,38
Male,37,No,Yes,No,0,Yes,1,None,Yes,5.99,No,Yes,5,No,No,No,No,No,No,No,Yes,Month-to-Month,Yes,Bank Withdrawal,2,Yes,32
Female,50,No,No,No,0,No,0,Offer E,Yes,6.08,No,No,0,No,No,No,No,No,No,No,No,Month-to-Month,No,Mailed Check,3,Yes,1
Female,55,No,No,No,0,No,0,Offer E,No,0,No,Yes,2,No,No,Yes,No,No,Yes,Yes,Yes,Month-to-Month,No,Bank Withdrawal,2,Yes,5
Male,58,No,Yes,No,0,Yes,1,Offer B,Yes,16.33,Yes,Yes,23,No,No,No,No,Yes,Yes,Yes,Yes,Month-to-Month,Yes,Bank Withdrawal,3,Yes,40
Female,26,No,No,No,0,No,0,Offer E,Yes,43.99,No,Yes,42,No,No,No,No,No,Yes,Yes,No,Month-to-Month,Yes,Bank Withdrawal,3,Yes,5
Female,40,No,No,No,0,No,0,None,Yes,45.69,No,Yes,18,Yes,No,No,No,Yes,No,No,Yes,Month-to-Month,Yes,Mailed Check,1,Yes,10
Male,49,No,Yes,No,0,Yes,1,Offer E,Yes,8.86,No,Yes,23,No,No,No,No,Yes,Yes,Yes,Yes,Month-to-Month,Yes,Bank Withdrawal,1,Yes,2
Male,21,No,No,No,0,No,0,None,Yes,38.69,Yes,Yes,69,No,No,No,Yes,Yes,No,Yes,Yes,Month-to-Month,Yes,Bank Withdrawal,2,Yes,23
Female,64,No,No,No,0,No,0,None,Yes,3.55,Yes,Yes,4,Yes,No,No,No,Yes,No,No,Yes,Month-to-Month,Yes,Bank Withdrawal,2,Yes,23
Male,54,No,Yes,No,0,Yes,1,Offer B,Yes,20.48,Yes,Yes,22,No,Yes,No,No,Yes,Yes,Yes,Yes,Month-to-Month,Yes,Bank Withdrawal,2,Yes,49
Female,46,No,No,No,0,No,0,None,Yes,26.44,No,Yes,24,No,No,No,No,No,No,No,Yes,Month-to-Month,No,Bank Withdrawal,1,Yes,2
Female,42,No,No,No,0,No,0,Offer E,Yes,14.7,No,Yes,13,No,Yes,No,No,No,No,No,No,Month-to-Month,Yes,Credit Card,1,Yes,2
Male,32,No,No,No,0,No,0,Offer E,Yes,9.25,Yes,Yes,29,No,No,Yes,No,Yes,Yes,Yes,Yes,Month-to-Month,Yes,Bank Withdrawal,1,Yes,7
Female,23,No,No,No,0,No,0,Offer B,Yes,21.56,Yes,Yes,59,Yes,Yes,Yes,Yes,Yes,Yes,Yes,Yes,Month-to-Month,Yes,Bank Withdrawal,1,Yes,41
Male,51,No,No,No,0,No,0,Offer E,Yes,17.33,No,Yes,14,No,No,No,No,No,Yes,Yes,Yes,Month-to-Month,Yes,Bank Withdrawal,3,Yes,2
Male,63,No,Yes,No,0,Yes,1,None,Yes,35.27,No,Yes,4,No,No,No,No,Yes,Yes,Yes,No,One Year,Yes,Bank Withdrawal,3,Yes,25
Male,21,No,Yes,No,0,Yes,1,Offer E,Yes,29.29,No,Yes,52,No,Yes,Yes,No,No,No,Yes,Yes,Month-to-Month,Yes,Mailed Check,1,Yes,3
Female,59,No,No,No,0,No,0,Offer E,Yes,39.68,No,Yes,18,Yes,No,Yes,Yes,No,Yes,Yes,Yes,Month-to-Month,Yes,Bank Withdrawal,1,Yes,4
Female,62,No,Yes,No,0,No,0,None,Yes,37.49,Yes,Yes,29,No,No,Yes,No,No,No,No,Yes,Month-to-Month,Yes,Credit Card,3,Yes,37
Female,27,No,No,No,0,No,0,None,No,0,No,Yes,48,No,No,No,No,Yes,Yes,Yes,Yes,One Year,Yes,Credit Card,3,Yes,19
Male,23,No,No,No,0,No,0,Offer E,Yes,21.58,No,Yes,71,No,No,Yes,No,No,No,Yes,No,Month-to-Month,No,Mailed Check,3,Yes,7
Female,51,No,Yes,No,0,Yes,1,Offer D,Yes,20.4,Yes,Yes,30,Yes,No,No,No,Yes,No,No,Yes,Month-to-Month,Yes,Bank Withdrawal,1,Yes,14
Male,38,No,No,No,0,No,0,None,No,0,No,Yes,26,No,No,No,No,No,Yes,Yes,Yes,Month-to-Month,Yes,Bank Withdrawal,1,Yes,1
Female,32,No,No,No,0,No,0,Offer E,Yes,38.51,Yes,Yes,25,No,No,No,No,Yes,Yes,Yes,Yes,Month-to-Month,Yes,Bank Withdrawal,2,Yes,2
Male,54,No,Yes,No,0,Yes,4,Offer D,Yes,45.6,No,Yes,11,No,No,Yes,No,Yes,Yes,Yes,Yes,Month-to-Month,Yes,Mailed Check,1,Yes,13
Male,41,No,No,No,0,No,0,Offer E,No,0,No,Yes,6,No,Yes,No,No,No,No,No,No,Month-to-Month,Yes,Mailed Check,2,Yes,1
Female,57,No,No,No,0,No,0,Offer D,Yes,14.38,Yes,Yes,6,No,Yes,No,No,Yes,No,No,Yes,Month-to-Month,Yes,Bank Withdrawal,3,Yes,12
Male,33,No,Yes,No,0,Yes,9,Offer B,Yes,47.4,No,Yes,29,No,Yes,No,No,Yes,Yes,Yes,Yes,One Year,Yes,Bank Withdrawal,2,Yes,60
Male,32,No,No,No,0,No,0,Offer E,Yes,31.77,No,No,0,No,No,No,No,No,No,No,No,Month-to-Month,Yes,Bank Withdrawal,2,Yes,1
Female,55,No,No,No,0,No,0,Offer E,Yes,20.36,Yes,Yes,10,No,Yes,Yes,Yes,Yes,Yes,Yes,Yes,Month-to-Month,Yes,Credit Card,1,Yes,6
Male,42,No,No,No,0,No,0,Offer D,Yes,45.92,No,Yes,12,No,No,Yes,Yes,Yes,Yes,Yes,Yes,Month-to-Month,Yes,Bank Withdrawal,2,Yes,15
Female,19,No,No,No,0,No,0,Offer E,Yes,33.48,Yes,Yes,59,No,No,No,No,No,Yes,Yes,No,Month-to-Month,Yes,Bank Withdrawal,3,Yes,1
Male,31,No,No,No,0,No,0,Offer E,Yes,35.91,Yes,Yes,27,No,No,Yes,No,Yes,No,No,Yes,Month-to-Month,Yes,Bank Withdrawal,2,Yes,7
Male,48,No,Yes,No,0,Yes,1,Offer B,Yes,15.77,No,Yes,9,No,Yes,No,No,Yes,Yes,Yes,Yes,One Year,Yes,Bank Withdrawal,3,Yes,53
Male,26,No,No,No,0,No,0,Offer E,Yes,1.84,Yes,Yes,76,No,No,No,No,No,No,Yes,Yes,Month-to-Month,Yes,Bank Withdrawal,3,Yes,1
Female,34,No,No,No,0,No,0,Offer E,Yes,32.92,No,Yes,3,No,No,No,No,Yes,No,No,Yes,Month-to-Month,Yes,Bank Withdrawal,2,Yes,1
Male,58,No,Yes,No,0,Yes,1,Offer D,Yes,44.97,No,Yes,11,No,No,No,No,No,No,No,Yes,Month-to-Month,Yes,Bank Withdrawal,2,Yes,17
Female,62,No,Yes,No,0,Yes,1,Offer D,Yes,15.69,Yes,Yes,12,No,No,No,Yes,No,Yes,Yes,Yes,Month-to-Month,Yes,Bank Withdrawal,1,Yes,11
Male,58,No,No,No,0,No,0,Offer D,Yes,20.41,Yes,Yes,11,No,No,No,No,No,Yes,Yes,No,Month-to-Month,Yes,Bank Withdrawal,1,Yes,19
Female,37,No,Yes,No,0,Yes,1,Offer E,Yes,48.38,No,Yes,14,No,No,No,No,No,Yes,Yes,Yes,Month-to-Month,Yes,Bank Withdrawal,1,Yes,3
Male,40,No,No,No,0,No,0,None,Yes,35.93,Yes,Yes,5,No,Yes,No,No,Yes,No,No,Yes,Month-to-Month,Yes,Credit Card,2,Yes,24
Female,30,No,No,No,0,No,0,None,Yes,26.87,Yes,Yes,52,No,No,No,No,No,No,No,Yes,Month-to-Month,Yes,Bank Withdrawal,1,Yes,2
Male,47,No,Yes,No,0,Yes,1,None,Yes,14.9,No,Yes,6,No,No,No,No,No,No,No,Yes,Month-to-Month,Yes,Credit Card,2,Yes,1
Female,36,No,Yes,No,0,Yes,1,Offer D,No,0,No,Yes,29,No,No,No,Yes,Yes,Yes,Yes,Yes,Month-to-Month,Yes,Bank Withdrawal,1,Yes,16
Male,36,No,Yes,No,0,Yes,1,None,Yes,13.45,No,Yes,12,No,No,No,No,Yes,No,No,Yes,Month-to-Month,No,Bank Withdrawal,3,Yes,34
Male,44,No,No,No,0,No,0,None,Yes,38.38,Yes,Yes,23,No,No,No,No,No,No,No,No,Month-to-Month,Yes,Bank Withdrawal,2,Yes,3
Male,49,No,No,No,0,No,0,None,Yes,34.37,No,Yes,28,No,No,No,No,No,No,No,Yes,Month-to-Month,No,Bank Withdrawal,3,Yes,1
Female,47,No,No,No,0,No,0,Offer D,Yes,33.14,No,No,0,No,No,No,No,No,No,No,No,Month-to-Month,No,Bank Withdrawal,1,Yes,15
Female,46,No,No,No,0,No,0,Offer D,Yes,22.36,Yes,Yes,3,No,No,No,Yes,Yes,No,No,Yes,Month-to-Month,No,Bank Withdrawal,1,Yes,11
Male,23,No,No,No,0,No,0,None,Yes,48.03,No,Yes,73,No,No,No,No,No,No,Yes,Yes,Month-to-Month,No,Credit Card,1,Yes,1
Female,53,No,No,No,0,No,0,None,Yes,14.48,No,Yes,26,No,Yes,No,No,No,No,No,Yes,Month-to-Month,No,Bank Withdrawal,1,Yes,1
Female,54,No,No,No,0,No,0,None,Yes,19.21,No,Yes,16,No,No,No,No,No,Yes,Yes,No,Month-to-Month,Yes,Bank Withdrawal,1,Yes,7
Female,53,No,No,No,0,No,0,None,No,0,No,Yes,18,No,No,No,Yes,No,No,No,Yes,Month-to-Month,Yes,Bank Withdrawal,2,Yes,2
Male,43,No,Yes,No,0,Yes,1,Offer B,Yes,22.71,Yes,Yes,26,Yes,Yes,Yes,No,Yes,Yes,Yes,Yes,One Year,Yes,Bank Withdrawal,1,Yes,59
Male,20,No,Yes,No,0,Yes,1,None,Yes,5.34,No,Yes,42,Yes,No,No,No,No,No,Yes,Yes,Month-to-Month,No,Bank Withdrawal,1,Yes,8
Male,35,No,No,No,0,No,0,None,Yes,41.16,No,Yes,10,No,No,No,No,No,No,No,No,Month-to-Month,No,Bank Withdrawal,2,Yes,6
Female,41,No,Yes,No,0,Yes,1,Offer D,Yes,24.83,No,Yes,30,No,No,No,No,No,No,No,Yes,Month-to-Month,Yes,Bank Withdrawal,1,Yes,11
Female,30,No,No,No,0,No,0,Offer A,Yes,10.21,Yes,Yes,52,Yes,Yes,Yes,Yes,Yes,Yes,Yes,Yes,One Year,No,Credit Card,1,Yes,70
Female,27,No,No,No,0,No,0,None,Yes,24.4,Yes,Yes,71,No,No,No,No,Yes,No,Yes,Yes,Month-to-Month,Yes,Bank Withdrawal,3,Yes,18
Female,35,No,Yes,No,0,Yes,1,None,Yes,43.33,Yes,Yes,16,No,No,No,No,Yes,Yes,Yes,Yes,Month-to-Month,Yes,Bank Withdrawal,2,Yes,34
Male,54,No,Yes,No,0,Yes,1,Offer B,Yes,7.62,Yes,Yes,20,No,Yes,Yes,Yes,Yes,Yes,Yes,No,Month-to-Month,Yes,Bank Withdrawal,2,Yes,47
Female,50,No,Yes,No,0,Yes,1,None,Yes,35.32,Yes,Yes,30,No,Yes,Yes,Yes,No,No,No,Yes,One Year,Yes,Bank Withdrawal,2,Yes,39
Male,42,No,No,No,0,No,0,Offer E,Yes,48.96,No,No,0,No,No,No,No,No,No,No,No,Month-to-Month,Yes,Credit Card,2,Yes,1
Female,34,No,Yes,No,0,No,0,Offer E,Yes,12.43,No,No,0,No,No,No,No,No,No,No,No,Month-to-Month,No,Credit Card,1,Yes,4
Male,33,No,Yes,No,0,Yes,1,Offer B,Yes,10.76,Yes,Yes,5,No,No,Yes,No,Yes,Yes,Yes,Yes,One Year,Yes,Bank Withdrawal,3,Yes,59
Male,44,No,No,No,0,No,0,None,Yes,17.25,No,Yes,3,No,No,No,No,No,No,No,No,Month-to-Month,Yes,Credit Card,1,Yes,2
Male,35,No,No,No,0,No,0,Offer E,Yes,40.51,No,No,0,No,No,No,No,No,No,No,No,Month-to-Month,No,Credit Card,2,Yes,1
Male,28,No,Yes,No,0,No,0,Offer A,Yes,7.28,Yes,Yes,51,No,Yes,Yes,No,Yes,Yes,Yes,Yes,Month-to-Month,Yes,Credit Card,1,Yes,66
Male,58,No,No,No,0,No,0,Offer E,Yes,2.88,No,Yes,17,No,No,No,No,Yes,No,No,Yes,Month-to-Month,Yes,Credit Card,1,Yes,3
Female,49,No,Yes,No,0,Yes,1,None,Yes,29.18,Yes,Yes,19,No,No,Yes,No,No,Yes,Yes,Yes,Month-to-Month,Yes,Bank Withdrawal,2,Yes,14
Male,38,No,Yes,No,0,Yes,1,None,Yes,11.3,No,Yes,4,No,No,No,No,Yes,No,No,Yes,Month-to-Month,Yes,Bank Withdrawal,1,Yes,10
Female,47,No,No,No,0,No,0,None,Yes,12.67,Yes,Yes,23,No,No,No,Yes,Yes,No,No,Yes,Month-to-Month,Yes,Bank Withdrawal,3,Yes,18
Female,34,No,No,No,0,No,0,Offer E,Yes,10.07,Yes,Yes,26,No,No,No,No,Yes,Yes,Yes,No,Month-to-Month,Yes,Bank Withdrawal,2,Yes,9
Male,28,No,No,No,0,No,0,Offer E,Yes,42.06,Yes,Yes,58,No,Yes,No,No,No,No,Yes,Yes,Month-to-Month,No,Bank Withdrawal,1,Yes,4
Male,43,No,No,No,0,No,0,None,Yes,13.02,No,Yes,15,No,No,No,No,No,No,No,Yes,Month-to-Month,Yes,Bank Withdrawal,1,Yes,4
Male,23,No,Yes,No,0,Yes,1,Offer B,No,0,No,Yes,69,No,Yes,No,No,No,Yes,Yes,Yes,Month-to-Month,Yes,Bank Withdrawal,2,Yes,59
Male,63,No,Yes,No,0,Yes,1,None,Yes,30.1,Yes,Yes,29,No,No,No,No,Yes,No,No,Yes,Month-to-Month,Yes,Bank Withdrawal,2,Yes,10
Male,39,No,No,No,0,No,0,None,Yes,45.25,No,Yes,22,No,No,Yes,No,Yes,Yes,Yes,No,One Year,Yes,Credit Card,2,Yes,5
Female,51,No,No,No,0,No,0,None,Yes,43.49,Yes,Yes,4,No,No,No,No,No,No,No,Yes,Month-to-Month,Yes,Bank Withdrawal,2,Yes,1
Female,19,No,Yes,No,0,Yes,1,None,Yes,32.11,No,Yes,52,No,No,No,No,No,No,No,Yes,Month-to-Month,Yes,Bank Withdrawal,1,Yes,22
Male,34,No,Yes,No,0,Yes,1,None,Yes,15.91,Yes,Yes,29,No,No,Yes,No,Yes,Yes,Yes,Yes,One Year,Yes,Bank Withdrawal,2,Yes,41
Female,39,No,No,No,0,No,0,None,Yes,28.13,Yes,Yes,18,No,No,Yes,No,Yes,Yes,Yes,Yes,One Year,Yes,Credit Card,1,Yes,64
Female,27,No,No,No,0,No,0,None,No,0,No,Yes,85,No,No,No,No,No,Yes,Yes,No,Month-to-Month,Yes,Bank Withdrawal,2,Yes,18
Female,20,No,No,No,0,No,0,None,Yes,35.01,Yes,Yes,52,No,No,No,No,No,No,No,Yes,Month-to-Month,No,Bank Withdrawal,1,Yes,1
Female,36,No,Yes,No,0,Yes,1,None,Yes,28.3,No,Yes,28,No,No,Yes,No,Yes,No,No,Yes,Month-to-Month,Yes,Bank Withdrawal,1,Yes,15
Male,62,No,Yes,No,0,Yes,1,None,Yes,40.7,Yes,Yes,29,No,No,Yes,No,Yes,Yes,Yes,Yes,Month-to-Month,Yes,Bank Withdrawal,2,Yes,15
Male,37,No,No,No,0,No,0,None,Yes,28.25,Yes,Yes,9,No,No,No,No,No,No,No,Yes,Month-to-Month,Yes,Bank Withdrawal,3,Yes,1
Male,20,No,No,No,0,No,0,None,Yes,28.16,Yes,Yes,42,No,No,No,Yes,Yes,Yes,Yes,No,Month-to-Month,Yes,Credit Card,1,Yes,12
Female,50,No,No,No,0,No,0,None,Yes,39.62,Yes,Yes,7,No,No,Yes,No,Yes,No,No,Yes,Month-to-Month,Yes,Bank Withdrawal,1,Yes,2
Male,28,No,No,No,0,No,0,None,Yes,42.33,Yes,Yes,76,No,No,No,Yes,No,No,Yes,Yes,Month-to-Month,No,Credit Card,2,Yes,4
Female,61,No,Yes,No,0,Yes,1,None,Yes,37.83,Yes,Yes,26,No,Yes,No,No,Yes,Yes,Yes,Yes,Month-to-Month,Yes,Bank Withdrawal,1,Yes,16
Male,53,No,No,No,0,No,0,None,Yes,15.91,No,No,0,No,No,No,No,No,No,No,No,Month-to-Month,No,Bank Withdrawal,2,Yes,1
Male,30,No,No,No,0,No,0,None,Yes,36.52,Yes,Yes,27,No,Yes,Yes,No,No,No,No,Yes,Month-to-Month,Yes,Bank Withdrawal,1,Yes,5
Female,19,No,No,No,0,No,0,None,Yes,41.12,No,Yes,42,No,No,No,No,No,No,Yes,No,Month-to-Month,No,Bank Withdrawal,1,Yes,4
Male,27,No,No,No,0,No,0,None,Yes,30.72,Yes,Yes,42,No,No,No,Yes,Yes,Yes,Yes,Yes,Month-to-Month,No,Bank Withdrawal,1,Yes,37
Male,36,No,Yes,No,0,Yes,1,None,Yes,2.92,Yes,Yes,21,No,No,No,No,No,No,No,Yes,Month-to-Month,Yes,Credit Card,1,Yes,13
Female,35,No,No,No,0,No,0,None,Yes,37.69,Yes,Yes,18,No,No,Yes,No,Yes,Yes,Yes,Yes,Month-to-Month,Yes,Bank Withdrawal,1,Yes,24
Male,52,No,Yes,No,0,Yes,1,None,Yes,46.95,Yes,Yes,21,Yes,Yes,No,No,Yes,Yes,Yes,Yes,One Year,Yes,Bank Withdrawal,1,Yes,61
Male,21,No,No,No,0,No,0,None,Yes,47.74,Yes,Yes,48,No,Yes,Yes,No,Yes,Yes,Yes,Yes,Month-to-Month,Yes,Bank Withdrawal,1,Yes,41
Female,47,No,No,No,0,No,0,Offer E,Yes,42.55,No,Yes,30,No,Yes,No,Yes,No,No,No,Yes,Month-to-Month,Yes,Credit Card,1,Yes,2
Female,44,No,Yes,No,0,Yes,1,Offer E,Yes,46.13,No,No,0,No,No,No,No,No,No,No,No,One Year,Yes,Credit Card,3,Yes,8
Male,62,No,No,No,0,No,0,None,Yes,30.61,No,Yes,7,No,No,Yes,No,No,No,No,Yes,Month-to-Month,Yes,Bank Withdrawal,2,Yes,17
Female,49,No,No,No,0,No,0,Offer E,No,0,No,Yes,21,Yes,Yes,No,No,No,Yes,Yes,Yes,Month-to-Month,Yes,Bank Withdrawal,2,Yes,2
Female,45,No,No,No,0,No,0,None,Yes,1.02,No,Yes,19,Yes,Yes,Yes,No,No,Yes,Yes,Yes,Month-to-Month,Yes,Bank Withdrawal,1,Yes,29
Male,51,No,Yes,No,0,Yes,1,None,Yes,46.92,No,Yes,7,No,No,Yes,Yes,No,Yes,Yes,Yes,Month-to-Month,No,Credit Card,2,Yes,2
Female,42,No,No,No,0,No,0,Offer D,Yes,18.74,No,Yes,20,No,No,Yes,No,No,No,No,Yes,Month-to-Month,No,Bank Withdrawal,2,Yes,14
Male,56,No,No,No,0,No,0,Offer E,Yes,3.27,Yes,Yes,6,No,Yes,No,No,Yes,Yes,Yes,Yes,Month-to-Month,No,Bank Withdrawal,2,Yes,8
Female,55,No,Yes,No,0,Yes,1,Offer E,Yes,17.08,No,Yes,10,No,No,No,No,No,No,No,Yes,Month-to-Month,No,Bank Withdrawal,2,Yes,5
Female,50,No,Yes,No,0,Yes,1,None,Yes,1.93,Yes,Yes,21,No,Yes,Yes,No,Yes,Yes,Yes,No,One Year,Yes,Bank Withdrawal,3,Yes,63
Male,58,No,No,No,0,No,0,Offer E,Yes,44.75,No,Yes,12,No,No,No,No,No,No,No,Yes,Month-to-Month,Yes,Credit Card,2,Yes,1
Female,44,No,Yes,No,0,Yes,1,None,Yes,30.09,No,Yes,11,Yes,Yes,Yes,No,Yes,Yes,Yes,Yes,One Year,Yes,Bank Withdrawal,3,Yes,53
Female,20,No,No,No,0,No,0,Offer E,Yes,17.23,No,Yes,52,No,Yes,No,Yes,Yes,No,Yes,Yes,Month-to-Month,No,Bank Withdrawal,3,Yes,1
Female,39,No,No,No,0,No,0,Offer D,Yes,18.99,Yes,Yes,30,No,Yes,Yes,No,No,Yes,Yes,Yes,Month-to-Month,Yes,Credit Card,1,Yes,16
Male,59,No,No,No,0,No,0,Offer E,Yes,30.07,Yes,Yes,26,No,No,No,No,No,No,No,Yes,Month-to-Month,Yes,Bank Withdrawal,1,Yes,1
Male,62,No,No,No,0,No,0,Offer A,Yes,25.82,No,Yes,26,No,Yes,Yes,No,Yes,Yes,Yes,Yes,Month-to-Month,No,Bank Withdrawal,2,Yes,66
Female,38,No,Yes,No,0,Yes,1,Offer D,Yes,5.4,No,Yes,8,No,No,Yes,Yes,Yes,Yes,Yes,Yes,One Year,No,Bank Withdrawal,2,Yes,17
Female,54,No,No,No,0,No,0,Offer E,Yes,2.24,No,Yes,22,No,No,No,Yes,Yes,No,No,Yes,Month-to-Month,Yes,Credit Card,3,Yes,7
Female,53,No,Yes,No,0,Yes,1,None,Yes,34.02,No,Yes,18,No,No,No,No,Yes,No,No,Yes,Month-to-Month,Yes,Credit Card,1,Yes,42
Male,33,No,No,No,0,No,0,None,Yes,30.06,No,Yes,19,No,No,No,No,Yes,Yes,Yes,Yes,Month-to-Month,Yes,Bank Withdrawal,2,Yes,30
Female,51,No,No,No,0,No,0,Offer D,Yes,47.57,Yes,Yes,26,Yes,No,No,No,No,Yes,Yes,Yes,Month-to-Month,Yes,Bank Withdrawal,1,Yes,15
Male,34,No,Yes,No,0,Yes,1,Offer A,Yes,28.4,Yes,Yes,10,No,Yes,Yes,No,No,No,No,Yes,One Year,No,Bank Withdrawal,2,Yes,67
Female,32,No,No,No,0,No,0,None,Yes,19.07,Yes,Yes,17,No,No,No,No,Yes,No,No,Yes,Month-to-Month,Yes,Bank Withdrawal,1,Yes,35
Female,21,No,Yes,No,0,Yes,1,None,Yes,19.16,Yes,Yes,48,No,Yes,No,No,Yes,Yes,Yes,No,One Year,Yes,Bank Withdrawal,1,Yes,56
Female,46,No,Yes,No,0,Yes,1,Offer E,Yes,31.75,No,Yes,25,No,No,Yes,No,No,No,No,Yes,Month-to-Month,Yes,Bank Withdrawal,3,Yes,9
Male,55,No,No,No,0,No,0,None,Yes,24.73,Yes,Yes,4,No,Yes,Yes,No,Yes,Yes,Yes,Yes,One Year,Yes,Credit Card,1,Yes,48
Female,23,No,No,No,0,No,0,None,Yes,7.99,Yes,Yes,76,Yes,Yes,Yes,No,Yes,Yes,Yes,Yes,Month-to-Month,Yes,Credit Card,1,Yes,34
Male,61,No,Yes,No,0,Yes,1,Offer D,Yes,13.33,No,Yes,19,No,No,No,No,Yes,No,No,No,Month-to-Month,Yes,Bank Withdrawal,1,Yes,11
Female,30,No,No,No,0,No,0,Offer E,Yes,34.47,Yes,Yes,59,No,No,No,No,No,Yes,Yes,Yes,Month-to-Month,No,Credit Card,3,Yes,1
Female,19,No,Yes,No,0,Yes,1,Offer E,Yes,44.46,No,Yes,51,No,No,No,No,No,No,Yes,Yes,Month-to-Month,No,Credit Card,2,Yes,3
Male,37,No,Yes,No,0,No,0,None,Yes,20.88,Yes,Yes,13,Yes,No,Yes,No,Yes,Yes,Yes,Yes,Month-to-Month,No,Credit Card,1,Yes,50
Male,32,No,No,No,0,No,0,Offer E,Yes,31.14,No,Yes,5,No,No,No,No,No,No,No,Yes,Month-to-Month,Yes,Bank Withdrawal,1,Yes,5
Male,44,No,Yes,No,0,Yes,1,None,Yes,21.08,Yes,Yes,9,No,No,No,No,Yes,Yes,Yes,Yes,Month-to-Month,Yes,Bank Withdrawal,1,Yes,51
Female,57,No,No,No,0,No,0,None,Yes,6.18,Yes,Yes,8,No,No,No,No,Yes,Yes,Yes,No,Month-to-Month,No,Bank Withdrawal,2,Yes,46
Female,41,No,Yes,No,0,Yes,1,None,Yes,5.01,Yes,Yes,10,Yes,Yes,Yes,Yes,Yes,Yes,Yes,Yes,Month-to-Month,Yes,Bank Withdrawal,1,Yes,41
Female,37,No,No,No,0,No,0,None,Yes,44.33,No,Yes,7,No,No,No,No,Yes,No,No,Yes,Month-to-Month,Yes,Bank Withdrawal,2,Yes,29
Female,35,No,Yes,No,0,Yes,1,None,Yes,22.33,Yes,Yes,13,No,Yes,No,Yes,No,No,No,Yes,Month-to-Month,Yes,Bank Withdrawal,2,Yes,26
Female,31,No,No,No,0,No,0,Offer E,No,0,No,Yes,8,No,No,No,No,Yes,No,No,Yes,Month-to-Month,Yes,Bank Withdrawal,3,Yes,1
Male,46,No,No,No,0,No,0,Offer E,Yes,14.28,Yes,Yes,21,No,No,No,No,No,Yes,Yes,Yes,Month-to-Month,Yes,Bank Withdrawal,1,Yes,3
Female,41,No,Yes,No,0,Yes,1,Offer A,Yes,48.77,Yes,Yes,12,No,Yes,Yes,No,Yes,Yes,Yes,No,One Year,Yes,Credit Card,1,Yes,66
Female,22,No,Yes,No,0,Yes,1,Offer D,Yes,38.52,Yes,Yes,59,Yes,No,Yes,No,Yes,Yes,Yes,Yes,Month-to-Month,Yes,Bank Withdrawal,1,Yes,21
Male,59,No,No,No,0,No,0,None,Yes,40.71,Yes,Yes,25,No,No,Yes,No,Yes,Yes,Yes,Yes,Month-to-Month,Yes,Bank Withdrawal,1,Yes,1
Male,39,No,No,No,0,No,0,None,Yes,28.89,No,Yes,3,No,No,Yes,Yes,Yes,Yes,Yes,Yes,Month-to-Month,Yes,Bank Withdrawal,2,Yes,4
Female,23,No,No,No,0,No,0,None,Yes,13.86,No,Yes,76,Yes,No,No,No,No,No,Yes,Yes,Month-to-Month,Yes,Credit Card,1,Yes,9
Male,50,No,No,No,0,No,0,None,Yes,22.05,Yes,Yes,28,No,No,No,No,Yes,No,No,Yes,Month-to-Month,Yes,Bank Withdrawal,2,Yes,1
Male,54,No,No,No,0,No,0,None,No,0,No,Yes,20,No,No,No,No,Yes,Yes,Yes,No,Month-to-Month,Yes,Bank Withdrawal,1,Yes,9
Female,54,No,No,No,0,No,0,None,Yes,32.45,No,No,0,No,No,No,No,No,No,No,No,Month-to-Month,No,Credit Card,2,Yes,1
Male,56,No,No,No,0,No,0,None,Yes,45.5,No,Yes,12,No,No,No,No,No,No,No,Yes,Month-to-Month,Yes,Bank Withdrawal,2,Yes,1
Female,50,No,No,No,0,No,0,None,Yes,6.2,No,Yes,6,No,Yes,No,No,Yes,No,No,Yes,Month-to-Month,Yes,Bank Withdrawal,2,Yes,2
Female,47,No,Yes,No,0,Yes,1,None,Yes,38.09,Yes,Yes,30,No,No,No,No,No,Yes,Yes,Yes,Month-to-Month,Yes,Bank Withdrawal,1,Yes,3
Male,40,No,No,No,0,No,0,Offer D,Yes,28.65,Yes,Yes,27,No,No,No,Yes,Yes,No,No,Yes,Month-to-Month,Yes,Bank Withdrawal,2,Yes,14
Male,33,No,No,No,0,No,0,None,Yes,48.66,No,Yes,21,No,No,No,No,Yes,No,No,Yes,Month-to-Month,No,Bank Withdrawal,3,Yes,2
Female,39,No,No,No,0,No,0,Offer D,Yes,8.95,No,No,0,No,No,No,No,No,No,No,No,One Year,No,Bank Withdrawal,3,Yes,18
Male,60,No,No,No,0,No,0,None,Yes,17.54,No,Yes,16,No,No,No,No,No,No,No,Yes,Month-to-Month,Yes,Bank Withdrawal,1,Yes,1
Female,35,No,No,No,0,No,0,None,Yes,37.66,No,No,0,No,No,No,No,No,No,No,No,Month-to-Month,No,Credit Card,3,Yes,4
Female,26,No,No,No,0,No,0,None,Yes,17.66,No,Yes,41,No,Yes,Yes,Yes,No,No,Yes,Yes,Month-to-Month,Yes,Credit Card,2,Yes,38
Female,32,No,No,No,0,No,0,Offer D,Yes,42.55,No,Yes,18,No,No,No,No,No,Yes,Yes,Yes,Month-to-Month,No,Bank Withdrawal,3,Yes,12
Female,20,No,Yes,No,0,Yes,1,Offer D,Yes,21.71,Yes,Yes,47,No,No,Yes,No,No,Yes,Yes,No,Month-to-Month,No,Credit Card,3,Yes,19
Female,35,No,No,No,0,No,0,Offer D,Yes,37.36,Yes,Yes,28,Yes,No,No,No,Yes,Yes,Yes,Yes,Month-to-Month,Yes,Bank Withdrawal,1,Yes,10
Female,63,No,No,No,0,No,0,None,Yes,7.26,No,Yes,9,No,No,Yes,No,No,No,No,Yes,Month-to-Month,No,Bank Withdrawal,2,Yes,1
Female,51,No,No,No,0,No,0,Offer D,Yes,33.44,Yes,Yes,11,No,Yes,No,No,No,No,No,Yes,Month-to-Month,Yes,Bank Withdrawal,1,Yes,23
Female,44,No,No,No,0,No,0,None,Yes,33.38,Yes,Yes,27,No,No,No,No,Yes,No,No,Yes,Month-to-Month,Yes,Credit Card,3,Yes,31
Male,47,No,No,No,0,No,0,Offer D,Yes,1.79,No,Yes,14,No,Yes,No,No,No,No,No,No,Month-to-Month,Yes,Credit Card,3,Yes,19
Male,44,No,No,No,0,No,0,None,Yes,24.76,No,Yes,2,No,No,No,Yes,Yes,Yes,Yes,Yes,Month-to-Month,Yes,Bank Withdrawal,1,Yes,24
Male,57,No,No,No,0,No,0,None,Yes,12,No,No,0,No,No,No,No,No,No,No,No,Month-to-Month,No,Bank Withdrawal,2,Yes,1
Male,53,No,Yes,No,0,No,0,None,Yes,41.88,Yes,Yes,7,Yes,No,Yes,Yes,Yes,Yes,Yes,Yes,Two Year,No,Bank Withdrawal,1,Yes,65
Male,28,No,No,No,0,No,0,Offer D,Yes,34.44,No,Yes,69,No,No,No,No,No,No,Yes,Yes,Month-to-Month,Yes,Bank Withdrawal,1,Yes,10
Female,36,No,Yes,No,0,Yes,1,Offer E,No,0,No,Yes,12,No,No,No,No,No,Yes,Yes,No,Month-to-Month,Yes,Bank Withdrawal,2,Yes,2
Male,47,No,No,No,0,No,0,Offer E,Yes,48.58,No,Yes,21,No,No,No,No,No,No,No,Yes,Month-to-Month,No,Credit Card,2,Yes,1
Female,29,No,No,No,0,No,0,Offer E,Yes,30.92,No,Yes,69,No,No,No,No,No,No,Yes,Yes,Month-to-Month,No,Bank Withdrawal,3,Yes,1
Female,31,No,Yes,No,0,Yes,1,Offer D,Yes,25.75,No,Yes,22,Yes,No,No,No,No,No,No,Yes,Month-to-Month,Yes,Bank Withdrawal,2,Yes,19
Male,46,No,No,No,0,No,0,None,Yes,48.13,No,Yes,12,No,Yes,No,No,No,Yes,Yes,No,Month-to-Month,Yes,Bank Withdrawal,3,Yes,52
Female,23,No,No,No,0,No,0,Offer E,Yes,5.12,No,Yes,30,No,No,No,No,No,No,Yes,Yes,Month-to-Month,No,Credit Card,2,Yes,1
Female,55,No,No,No,0,No,0,Offer E,Yes,46.36,No,Yes,4,No,Yes,No,No,Yes,No,No,Yes,Month-to-Month,No,Bank Withdrawal,2,Yes,3
Male,38,No,No,No,0,No,0,None,Yes,27.89,No,Yes,20,No,No,No,No,No,No,No,Yes,Month-to-Month,Yes,Bank Withdrawal,2,Yes,1
Male,61,No,No,No,0,No,0,Offer E,Yes,43.47,Yes,Yes,30,No,No,No,No,No,Yes,Yes,Yes,Month-to-Month,Yes,Bank Withdrawal,2,Yes,2
Female,35,No,No,No,0,No,0,Offer D,Yes,46.99,Yes,Yes,17,No,No,No,No,No,No,No,Yes,Month-to-Month,No,Bank Withdrawal,1,Yes,16
Female,30,No,Yes,No,0,Yes,1,Offer E,Yes,16.66,No,No,0,No,No,No,No,No,No,No,No,Month-to-Month,Yes,Bank Withdrawal,2,Yes,1
Male,21,No,No,No,0,No,0,None,Yes,25.41,Yes,Yes,51,No,Yes,No,Yes,No,Yes,Yes,Yes,Month-to-Month,Yes,Bank Withdrawal,3,Yes,56
Female,54,No,No,No,0,No,0,None,Yes,40.17,Yes,Yes,6,No,Yes,Yes,No,No,No,No,Yes,Month-to-Month,Yes,Bank Withdrawal,2,Yes,44
Male,50,No,No,No,0,No,0,Offer E,Yes,6.95,No,Yes,11,No,No,Yes,No,No,No,No,Yes,Month-to-Month,No,Credit Card,1,Yes,1
Male,27,No,Yes,No,0,Yes,1,None,Yes,46.94,Yes,Yes,73,No,No,Yes,No,Yes,Yes,Yes,No,Month-to-Month,Yes,Bank Withdrawal,1,Yes,49
Male,43,No,Yes,No,0,Yes,1,None,Yes,37.74,Yes,Yes,7,No,No,Yes,Yes,Yes,Yes,Yes,Yes,Month-to-Month,Yes,Bank Withdrawal,2,Yes,47
Female,45,No,Yes,No,0,Yes,1,None,Yes,30.07,No,No,0,No,No,No,No,No,No,No,No,Month-to-Month,Yes,Credit Card,3,Yes,31
Female,60,No,No,No,0,No,0,Offer E,Yes,32.43,No,Yes,2,Yes,Yes,No,No,No,No,No,Yes,Month-to-Month,Yes,Bank Withdrawal,1,Yes,3
Male,40,No,No,No,0,No,0,None,No,0,No,Yes,16,No,No,No,No,No,No,No,Yes,Month-to-Month,No,Mailed Check,2,Yes,8
Female,41,No,No,No,0,No,0,None,Yes,5.11,No,Yes,6,No,No,No,No,No,Yes,Yes,Yes,Month-to-Month,No,Bank Withdrawal,3,Yes,2
Male,29,No,Yes,No,0,No,0,None,Yes,36.75,Yes,Yes,73,No,Yes,No,No,Yes,No,Yes,Yes,Month-to-Month,Yes,Bank Withdrawal,3,Yes,65
Male,41,No,No,No,0,No,0,None,Yes,32.82,No,Yes,21,No,Yes,No,No,No,No,No,No,Month-to-Month,Yes,Bank Withdrawal,3,Yes,1
Male,55,No,No,No,0,No,0,None,Yes,11.58,Yes,Yes,15,No,No,No,No,No,No,No,Yes,Month-to-Month,Yes,Bank Withdrawal,3,Yes,1
Male,35,No,No,No,0,No,0,None,Yes,14.39,No,Yes,28,Yes,No,No,No,No,No,No,Yes,Month-to-Month,Yes,Bank Withdrawal,1,Yes,24
Male,51,No,No,No,0,No,0,Offer A,Yes,29.38,Yes,Yes,9,Yes,Yes,Yes,Yes,No,Yes,Yes,Yes,One Year,Yes,Credit Card,1,Yes,69
Female,35,No,Yes,No,0,Yes,1,None,Yes,11.58,No,Yes,27,No,No,No,No,Yes,No,No,Yes,Month-to-Month,Yes,Bank Withdrawal,2,Yes,7
Male,39,No,Yes,No,0,Yes,1,Offer D,Yes,21.58,Yes,Yes,30,No,No,No,No,No,No,No,Yes,Month-to-Month,Yes,Bank Withdrawal,1,Yes,11
Female,33,No,Yes,No,0,Yes,1,None,Yes,3.51,Yes,Yes,28,No,No,Yes,Yes,Yes,Yes,Yes,No,Month-to-Month,Yes,Credit Card,2,Yes,58
Female,64,No,Yes,No,0,Yes,1,Offer D,Yes,13.64,Yes,Yes,9,No,Yes,No,No,No,Yes,Yes,Yes,Month-to-Month,Yes,Bank Withdrawal,2,Yes,14
Female,46,No,Yes,No,0,Yes,1,None,No,0,No,Yes,27,No,Yes,No,No,No,No,No,Yes,Month-to-Month,No,Mailed Check,1,Yes,12
Female,36,No,Yes,No,0,Yes,1,None,Yes,24.64,No,Yes,5,No,Yes,Yes,No,Yes,No,No,Yes,Month-to-Month,Yes,Bank Withdrawal,2,Yes,25
Female,37,No,Yes,No,0,Yes,3,None,Yes,12.8,No,Yes,5,No,No,No,No,No,No,No,Yes,Month-to-Month,Yes,Bank Withdrawal,1,Yes,1
Female,23,No,Yes,No,0,Yes,1,None,No,0,No,Yes,51,No,No,No,No,Yes,Yes,Yes,Yes,Month-to-Month,No,Bank Withdrawal,3,Yes,2
Male,48,No,No,No,0,No,0,None,Yes,28.8,Yes,Yes,13,No,No,No,No,No,No,No,Yes,Month-to-Month,Yes,Bank Withdrawal,3,Yes,23
Female,39,No,No,No,0,No,0,None,Yes,17.55,No,Yes,15,No,No,Yes,No,Yes,Yes,Yes,Yes,Two Year,Yes,Bank Withdrawal,1,Yes,57
Male,23,No,No,No,0,No,0,None,Yes,27.97,Yes,Yes,58,No,No,Yes,No,Yes,No,Yes,Yes,Month-to-Month,Yes,Mailed Check,3,Yes,24
Female,35,No,Yes,No,0,Yes,1,None,Yes,26.37,Yes,Yes,19,No,Yes,No,No,Yes,Yes,Yes,Yes,One Year,No,Mailed Check,3,Yes,49
Male,25,No,No,No,0,No,0,None,Yes,22.01,Yes,Yes,85,No,No,No,No,No,No,Yes,Yes,Month-to-Month,No,Bank Withdrawal,2,Yes,5
Male,58,No,No,No,0,No,0,None,Yes,26.47,No,Yes,10,No,No,No,No,No,Yes,Yes,No,Month-to-Month,Yes,Bank Withdrawal,1,Yes,2
Female,33,No,No,No,0,No,0,None,Yes,32.46,Yes,Yes,3,No,No,Yes,Yes,No,No,No,Yes,Month-to-Month,Yes,Mailed Check,2,Yes,4
Male,30,No,No,No,0,No,0,None,Yes,46.88,Yes,Yes,59,No,No,No,No,No,No,No,Yes,Month-to-Month,Yes,Bank Withdrawal,2,Yes,5
Female,29,No,Yes,No,0,Yes,1,None,Yes,2.87,Yes,Yes,51,Yes,Yes,Yes,No,Yes,No,Yes,Yes,Month-to-Month,Yes,Bank Withdrawal,1,Yes,47
Female,57,No,No,No,0,No,0,None,Yes,17.65,Yes,Yes,20,No,No,No,No,No,Yes,Yes,Yes,Month-to-Month,No,Bank Withdrawal,2,Yes,10
Female,28,No,No,No,0,No,0,None,Yes,39.94,No,Yes,59,No,No,No,No,No,No,Yes,Yes,Month-to-Month,Yes,Mailed Check,1,Yes,1
Male,61,No,Yes,No,0,Yes,4,Offer A,Yes,8.18,Yes,Yes,3,No,Yes,Yes,No,Yes,Yes,Yes,Yes,One Year,No,Bank Withdrawal,2,Yes,67
Male,31,No,Yes,No,0,Yes,1,Offer A,Yes,30.75,No,Yes,5,Yes,Yes,No,No,No,Yes,Yes,Yes,One Year,Yes,Credit Card,1,Yes,67
Female,21,No,Yes,No,0,Yes,1,None,Yes,12.27,No,Yes,76,No,No,No,No,Yes,Yes,Yes,Yes,Month-to-Month,No,Bank Withdrawal,1,Yes,15
Male,55,No,No,No,0,No,0,None,Yes,13.27,No,No,0,No,No,No,No,No,No,No,No,Month-to-Month,Yes,Mailed Check,1,Yes,1
Female,47,No,Yes,No,0,Yes,1,None,Yes,15.37,No,Yes,11,No,No,No,No,Yes,Yes,Yes,Yes,Month-to-Month,Yes,Bank Withdrawal,1,Yes,26
Male,48,No,No,No,0,No,0,None,Yes,19.19,Yes,Yes,17,No,Yes,No,No,No,No,No,Yes,Month-to-Month,Yes,Bank Withdrawal,1,Yes,22
Male,26,No,Yes,No,0,Yes,1,Offer B,Yes,17.54,Yes,Yes,59,No,Yes,Yes,No,No,No,Yes,No,Month-to-Month,Yes,Bank Withdrawal,1,Yes,47
Female,27,No,No,No,0,No,0,None,Yes,24.83,Yes,Yes,52,No,No,No,No,No,No,Yes,Yes,Month-to-Month,Yes,Bank Withdrawal,1,Yes,2
Female,27,No,Yes,No,0,Yes,1,None,Yes,13.11,Yes,Yes,51,Yes,No,No,Yes,Yes,Yes,Yes,Yes,Month-to-Month,Yes,Bank Withdrawal,1,Yes,22
Male,61,No,Yes,No,0,Yes,1,None,Yes,5.13,No,Yes,4,No,No,Yes,No,No,No,No,Yes,Month-to-Month,No,Bank Withdrawal,2,Yes,7
Female,29,No,No,No,0,No,0,None,Yes,6.67,No,Yes,27,Yes,No,No,No,Yes,Yes,Yes,Yes,Month-to-Month,Yes,Bank Withdrawal,2,Yes,1
Female,40,No,No,No,0,No,0,Offer B,Yes,35.87,Yes,Yes,30,Yes,Yes,No,No,No,No,No,Yes,Month-to-Month,Yes,Credit Card,1,Yes,49
Female,43,No,No,No,0,No,0,None,Yes,40.4,No,Yes,13,No,No,No,No,No,No,No,No,Month-to-Month,No,Bank Withdrawal,3,Yes,1
Female,42,No,No,No,0,No,0,Offer E,Yes,21.59,No,No,0,No,No,No,No,No,No,No,No,Month-to-Month,Yes,Mailed Check,3,Yes,1
Male,35,No,No,No,0,No,0,Offer E,Yes,27.97,No,Yes,18,No,No,No,No,No,No,No,Yes,Month-to-Month,No,Bank Withdrawal,2,Yes,1
Male,41,No,Yes,No,0,Yes,1,None,Yes,16.61,No,Yes,3,No,No,No,No,Yes,No,No,Yes,Month-to-Month,No,Bank Withdrawal,1,Yes,17
Female,47,No,No,No,0,No,0,Offer E,No,0,No,Yes,4,Yes,Yes,No,No,No,No,No,Yes,Month-to-Month,Yes,Bank Withdrawal,2,Yes,4
Male,56,No,No,No,0,No,0,Offer E,Yes,3.13,No,Yes,5,No,No,No,No,Yes,No,No,Yes,Month-to-Month,Yes,Bank Withdrawal,3,Yes,1
Female,58,No,No,No,0,No,0,Offer E,Yes,25.62,No,No,0,No,No,No,No,No,No,No,No,Month-to-Month,No,Bank Withdrawal,2,Yes,1
Female,55,No,Yes,No,0,Yes,1,None,Yes,30.16,Yes,Yes,4,Yes,No,Yes,Yes,No,Yes,Yes,Yes,One Year,Yes,Bank Withdrawal,1,Yes,37
Female,32,No,Yes,No,0,No,0,Offer E,Yes,26.41,Yes,Yes,16,No,No,No,No,No,Yes,Yes,Yes,Month-to-Month,Yes,Credit Card,1,Yes,8
Female,40,No,No,No,0,No,0,None,Yes,17.87,Yes,Yes,25,No,No,No,No,No,No,No,Yes,Month-to-Month,No,Bank Withdrawal,3,Yes,3
Male,30,No,No,No,0,No,0,Offer E,Yes,25.39,Yes,Yes,52,No,No,Yes,No,No,No,No,Yes,Month-to-Month,No,Bank Withdrawal,3,Yes,1
Male,37,No,Yes,No,0,Yes,1,Offer E,No,0,No,Yes,7,No,No,No,No,No,No,No,Yes,Month-to-Month,Yes,Bank Withdrawal,1,Yes,5
Male,39,No,Yes,No,0,Yes,1,Offer B,No,0,No,Yes,21,Yes,Yes,Yes,No,No,No,No,Yes,One Year,Yes,Bank Withdrawal,1,Yes,40
Male,38,No,No,No,0,No,0,Offer E,Yes,39.44,Yes,Yes,18,No,No,No,No,No,No,No,No,Month-to-Month,Yes,Bank Withdrawal,3,Yes,1
Male,22,No,No,No,0,No,0,Offer B,Yes,44.77,Yes,Yes,58,Yes,Yes,No,No,Yes,No,Yes,Yes,One Year,Yes,Bank Withdrawal,3,Yes,51
Female,63,No,Yes,No,0,Yes,1,None,Yes,14.34,Yes,Yes,28,No,No,No,No,No,Yes,Yes,Yes,Month-to-Month,No,Credit Card,2,Yes,33
Female,25,No,Yes,No,0,Yes,1,Offer C,Yes,4.82,Yes,Yes,41,No,No,No,No,No,Yes,Yes,Yes,Month-to-Month,Yes,Bank Withdrawal,2,Yes,30
Female,29,No,No,No,0,No,0,Offer E,Yes,33.89,No,Yes,41,No,No,No,No,No,Yes,Yes,Yes,Month-to-Month,No,Bank Withdrawal,3,Yes,2
Female,37,No,No,No,0,No,0,Offer E,Yes,24.31,No,Yes,16,No,No,Yes,No,No,No,No,Yes,Month-to-Month,Yes,Bank Withdrawal,1,Yes,2
Female,45,No,No,No,0,No,0,Offer C,Yes,9.34,No,Yes,8,No,No,No,Yes,Yes,No,No,Yes,Month-to-Month,No,Bank Withdrawal,2,Yes,30
Male,63,No,Yes,Yes,2,Yes,1,Offer C,Yes,17.27,Yes,Yes,18,Yes,No,No,No,No,No,No,Yes,Month-to-Month,No,Bank Withdrawal,1,Yes,24
Male,60,No,No,No,0,No,0,Offer E,Yes,48.97,No,Yes,23,No,No,No,No,Yes,No,No,No,Month-to-Month,Yes,Bank Withdrawal,2,Yes,1
Male,58,No,Yes,No,0,No,0,Offer A,Yes,29.24,Yes,Yes,21,Yes,Yes,Yes,No,Yes,Yes,Yes,Yes,One Year,Yes,Bank Withdrawal,3,Yes,67
Female,63,No,Yes,No,0,Yes,1,Offer E,Yes,44.66,No,Yes,26,No,No,Yes,No,Yes,No,No,Yes,Month-to-Month,Yes,Bank Withdrawal,2,Yes,7
Female,64,No,No,No,0,No,0,None,Yes,29.3,No,Yes,26,No,Yes,No,No,No,Yes,Yes,No,Month-to-Month,Yes,Bank Withdrawal,2,Yes,14
Female,56,No,No,No,0,No,0,Offer C,Yes,30.28,Yes,Yes,30,No,Yes,No,No,No,Yes,Yes,Yes,Month-to-Month,Yes,Bank Withdrawal,1,Yes,28
Male,41,No,No,No,0,No,0,None,Yes,27.28,No,Yes,27,No,No,No,No,No,No,No,Yes,Month-to-Month,Yes,Bank Withdrawal,1,Yes,10
Female,53,No,No,No,0,No,0,Offer C,Yes,34.41,Yes,Yes,4,Yes,Yes,No,Yes,No,No,No,Yes,One Year,Yes,Mailed Check,2,Yes,34
Female,52,No,Yes,No,0,Yes,1,None,Yes,25.88,Yes,Yes,9,Yes,No,Yes,No,Yes,Yes,Yes,Yes,Month-to-Month,Yes,Bank Withdrawal,1,Yes,1
Female,30,No,No,No,0,No,0,Offer E,Yes,40.67,No,Yes,58,No,No,Yes,Yes,No,No,No,Yes,Month-to-Month,No,Credit Card,3,Yes,3
Female,51,No,No,No,0,No,0,Offer E,Yes,49.79,No,Yes,22,No,No,No,No,Yes,No,No,No,Month-to-Month,Yes,Bank Withdrawal,2,Yes,2
Female,20,No,No,No,0,No,0,Offer E,Yes,20.26,No,Yes,26,Yes,Yes,Yes,Yes,No,Yes,Yes,Yes,Month-to-Month,Yes,Bank Withdrawal,1,Yes,6
Male,60,No,No,No,0,No,0,None,Yes,16.45,Yes,Yes,23,No,Yes,Yes,Yes,Yes,Yes,Yes,Yes,Month-to-Month,Yes,Mailed Check,2,Yes,12
Female,43,No,No,No,0,No,0,Offer E,Yes,39.81,No,Yes,23,No,No,No,No,No,No,No,Yes,Month-to-Month,No,Mailed Check,1,Yes,1
Male,28,No,Yes,No,0,Yes,1,None,Yes,37.95,No,Yes,27,Yes,No,No,Yes,Yes,Yes,Yes,Yes,Month-to-Month,Yes,Bank Withdrawal,1,Yes,23
Male,41,No,Yes,No,0,No,0,None,Yes,36.44,Yes,Yes,16,No,No,No,No,No,No,No,Yes,Month-to-Month,Yes,Bank Withdrawal,3,Yes,1
Male,60,No,No,No,0,No,0,Offer B,Yes,9.36,Yes,Yes,4,No,Yes,Yes,Yes,Yes,Yes,Yes,No,Month-to-Month,Yes,Bank Withdrawal,2,Yes,65
Female,48,No,No,No,0,No,0,None,Yes,47.45,Yes,Yes,30,No,No,Yes,No,No,Yes,Yes,Yes,Month-to-Month,Yes,Credit Card,1,Yes,16
Male,42,No,No,No,0,No,0,Offer E,Yes,17.27,No,Yes,10,No,No,No,No,No,No,No,Yes,Month-to-Month,Yes,Mailed Check,1,Yes,1
Male,27,No,Yes,No,0,Yes,1,Offer B,Yes,31.24,Yes,Yes,73,Yes,No,Yes,No,No,Yes,Yes,Yes,Month-to-Month,No,Bank Withdrawal,1,Yes,53
Female,42,No,Yes,No,0,Yes,1,None,No,0,No,Yes,8,No,No,Yes,No,Yes,Yes,Yes,Yes,Month-to-Month,Yes,Bank Withdrawal,2,Yes,13
Female,63,No,No,No,0,No,0,Offer E,Yes,43.32,Yes,Yes,20,No,No,No,No,Yes,No,No,No,Month-to-Month,Yes,Bank Withdrawal,1,Yes,4
Male,44,No,No,No,0,No,0,None,Yes,25.19,Yes,Yes,12,No,Yes,Yes,No,Yes,Yes,Yes,Yes,Month-to-Month,Yes,Bank Withdrawal,2,Yes,12
Male,46,No,No,No,0,No,0,Offer E,No,0,No,Yes,5,No,No,No,No,No,No,No,Yes,Month-to-Month,Yes,Bank Withdrawal,1,Yes,1
Female,21,No,Yes,No,0,Yes,1,Offer B,Yes,2.18,Yes,Yes,71,No,Yes,Yes,Yes,Yes,Yes,Yes,Yes,One Year,No,Bank Withdrawal,1,Yes,54
Female,24,No,Yes,No,0,Yes,1,Offer B,Yes,6.36,Yes,Yes,47,Yes,Yes,No,No,Yes,Yes,Yes,Yes,One Year,Yes,Credit Card,1,Yes,48
Male,35,No,No,No,0,No,0,Offer E,Yes,13.73,No,Yes,11,Yes,No,No,No,No,No,No,Yes,Month-to-Month,Yes,Bank Withdrawal,1,Yes,2
Female,49,No,No,No,0,No,0,Offer C,Yes,27.75,Yes,Yes,2,No,No,Yes,No,Yes,Yes,Yes,Yes,Month-to-Month,Yes,Credit Card,1,Yes,29
Male,35,No,Yes,No,0,Yes,1,None,Yes,13.68,No,Yes,11,No,No,No,No,No,No,No,Yes,Month-to-Month,Yes,Bank Withdrawal,1,Yes,17
Female,49,No,No,Yes,1,No,0,Offer E,Yes,46.17,No,Yes,19,No,No,No,No,No,No,No,Yes,Month-to-Month,No,Mailed Check,1,Yes,1
Female,45,No,No,No,0,No,0,Offer E,Yes,33.34,No,Yes,4,No,No,Yes,No,Yes,No,No,Yes,Month-to-Month,Yes,Credit Card,2,Yes,1
Female,61,No,Yes,No,0,Yes,4,Offer C,Yes,10.43,No,Yes,4,No,No,No,No,No,No,No,No,Month-to-Month,Yes,Bank Withdrawal,3,Yes,35
Female,22,No,Yes,No,0,Yes,1,Offer C,Yes,41.61,Yes,Yes,73,Yes,No,Yes,No,Yes,Yes,Yes,Yes,One Year,Yes,Mailed Check,2,Yes,33
Male,23,No,No,No,0,No,0,None,Yes,14.26,No,Yes,46,No,No,No,No,Yes,Yes,Yes,Yes,Month-to-Month,Yes,Bank Withdrawal,1,Yes,1
Female,22,No,Yes,No,0,Yes,1,Offer E,Yes,38.83,No,Yes,76,No,No,Yes,No,Yes,Yes,Yes,Yes,Month-to-Month,Yes,Bank Withdrawal,1,Yes,8
Female,62,No,No,No,0,No,0,Offer E,Yes,32.12,No,Yes,10,No,Yes,No,No,Yes,Yes,Yes,Yes,Month-to-Month,Yes,Bank Withdrawal,2,Yes,5
Female,28,No,Yes,No,0,Yes,1,Offer E,Yes,9.76,No,Yes,27,No,No,No,No,No,No,No,Yes,Month-to-Month,Yes,Bank Withdrawal,2,Yes,2
Female,55,No,Yes,No,0,Yes,1,Offer B,No,0,No,Yes,5,No,Yes,No,Yes,No,No,No,No,One Year,No,Mailed Check,2,Yes,42
Female,38,No,No,No,0,No,0,None,Yes,48.86,Yes,Yes,6,Yes,Yes,Yes,No,Yes,Yes,Yes,Yes,Two Year,Yes,Bank Withdrawal,1,Yes,57
Male,54,No,No,No,0,No,0,Offer E,No,0,No,Yes,29,No,No,No,No,No,Yes,Yes,Yes,Month-to-Month,No,Bank Withdrawal,1,Yes,1
Male,30,No,No,No,0,No,0,Offer C,Yes,31.27,Yes,Yes,85,No,No,Yes,No,Yes,Yes,Yes,Yes,Month-to-Month,Yes,Bank Withdrawal,1,Yes,38
Female,26,No,No,No,0,No,0,Offer E,Yes,19.68,Yes,Yes,41,Yes,No,No,Yes,Yes,Yes,Yes,Yes,Month-to-Month,Yes,Bank Withdrawal,1,Yes,8
Female,55,No,No,No,0,No,0,None,Yes,13.65,Yes,Yes,5,No,Yes,No,No,Yes,No,No,Yes,Month-to-Month,Yes,Credit Card,1,Yes,18
Male,58,No,Yes,No,0,Yes,1,Offer C,Yes,9.62,Yes,Yes,24,Yes,Yes,No,No,Yes,Yes,Yes,Yes,One Year,No,Bank Withdrawal,1,Yes,28
Female,30,No,No,No,0,No,0,Offer E,Yes,10.11,No,Yes,69,No,Yes,No,Yes,No,Yes,Yes,Yes,Month-to-Month,Yes,Bank Withdrawal,3,Yes,5
Female,32,No,No,No,0,No,0,None,Yes,27.7,Yes,Yes,19,No,No,No,No,No,No,No,No,Month-to-Month,Yes,Bank Withdrawal,3,Yes,1
Male,53,No,No,No,0,No,0,None,No,0,No,Yes,9,No,No,No,No,No,Yes,Yes,Yes,Month-to-Month,Yes,Bank Withdrawal,2,Yes,1
Male,26,No,Yes,No,0,Yes,4,None,No,0,No,Yes,76,No,Yes,No,No,Yes,Yes,Yes,Yes,Month-to-Month,Yes,Bank Withdrawal,2,Yes,4
Female,45,No,Yes,No,0,Yes,1,None,Yes,41.74,Yes,Yes,24,No,Yes,No,No,Yes,Yes,Yes,Yes,Month-to-Month,Yes,Credit Card,2,Yes,53
Female,44,No,No,No,0,No,0,None,Yes,1.19,Yes,Yes,23,No,No,Yes,No,No,No,No,Yes,Month-to-Month,Yes,Bank Withdrawal,1,Yes,14
Male,60,No,No,No,0,No,0,Offer C,Yes,1.53,No,Yes,6,No,No,Yes,Yes,No,No,No,No,Month-to-Month,Yes,Bank Withdrawal,3,Yes,31
Male,28,No,Yes,No,0,Yes,1,None,No,0,No,Yes,71,Yes,No,No,Yes,Yes,Yes,Yes,Yes,Month-to-Month,Yes,Bank Withdrawal,1,Yes,13
Male,53,No,No,No,0,No,0,Offer C,Yes,25.04,Yes,Yes,21,No,No,No,No,No,No,No,Yes,Month-to-Month,No,Credit Card,3,Yes,35
Male,55,No,No,No,0,No,0,None,Yes,42.16,No,Yes,2,Yes,No,No,No,No,No,No,Yes,Month-to-Month,Yes,Bank Withdrawal,1,Yes,2
Male,28,No,No,No,0,No,0,None,Yes,21.8,Yes,Yes,42,No,No,No,No,No,No,No,Yes,Month-to-Month,Yes,Mailed Check,1,Yes,1
Male,52,No,No,No,0,No,0,None,Yes,3.14,No,No,0,No,No,No,No,No,No,No,No,Month-to-Month,No,Mailed Check,2,Yes,1
Female,46,No,No,No,0,No,0,None,Yes,29.7,Yes,Yes,17,No,No,No,No,No,Yes,Yes,Yes,Month-to-Month,Yes,Bank Withdrawal,2,Yes,9
Female,34,No,No,No,0,No,0,None,Yes,36.39,No,Yes,7,No,No,No,No,Yes,No,No,Yes,Month-to-Month,Yes,Bank Withdrawal,1,Yes,8
Male,62,No,No,No,0,No,0,Offer C,Yes,5.57,Yes,No,0,No,No,No,No,No,No,No,No,One Year,No,Bank Withdrawal,3,Yes,25
Male,46,No,No,No,0,No,0,None,Yes,3.36,Yes,Yes,15,Yes,No,No,No,Yes,Yes,Yes,No,Month-to-Month,No,Mailed Check,1,Yes,13
Male,48,No,No,No,0,No,0,None,Yes,15.78,Yes,Yes,3,Yes,Yes,No,No,No,Yes,Yes,Yes,Month-to-Month,Yes,Bank Withdrawal,1,Yes,46
Male,36,No,No,No,0,No,0,None,Yes,12.5,Yes,Yes,5,No,No,Yes,Yes,Yes,Yes,Yes,Yes,One Year,Yes,Credit Card,1,Yes,18
Male,59,No,Yes,No,0,Yes,1,None,Yes,35.22,Yes,Yes,16,No,Yes,Yes,No,Yes,No,No,Yes,Month-to-Month,Yes,Bank Withdrawal,2,Yes,60
Male,33,No,Yes,No,0,Yes,1,Offer C,Yes,10.5,Yes,Yes,22,No,No,No,No,Yes,Yes,Yes,Yes,Month-to-Month,Yes,Credit Card,3,Yes,30
Female,44,No,No,No,0,No,0,None,Yes,13.01,No,Yes,12,No,No,No,No,No,Yes,Yes,Yes,Month-to-Month,Yes,Mailed Check,3,Yes,1
Female,56,No,No,No,0,No,0,None,Yes,1.17,Yes,Yes,27,No,No,No,No,Yes,Yes,Yes,Yes,Month-to-Month,Yes,Bank Withdrawal,1,Yes,1
Male,61,No,Yes,Yes,6,Yes,2,None,No,0,No,Yes,30,Yes,No,No,Yes,No,No,No,Yes,Month-to-Month,Yes,Bank Withdrawal,1,Yes,7
Male,44,No,Yes,No,0,Yes,1,None,Yes,45.7,Yes,Yes,24,No,Yes,Yes,No,Yes,Yes,Yes,Yes,Month-to-Month,Yes,Bank Withdrawal,1,Yes,61
Female,56,No,No,Yes,2,No,0,None,No,0,No,Yes,24,No,No,Yes,No,No,No,No,No,Month-to-Month,No,Credit Card,3,Yes,39
Male,36,No,Yes,No,0,Yes,1,Offer D,Yes,31.72,No,Yes,23,No,No,No,No,No,No,No,Yes,Month-to-Month,Yes,Bank Withdrawal,3,Yes,10
Female,25,No,No,No,0,No,0,Offer E,Yes,1.23,Yes,Yes,69,No,Yes,No,No,No,No,No,Yes,Month-to-Month,Yes,Mailed Check,3,Yes,1
Female,41,No,Yes,No,0,Yes,1,Offer A,Yes,30.94,Yes,Yes,11,Yes,No,No,Yes,No,Yes,Yes,Yes,One Year,Yes,Credit Card,1,Yes,67
Male,61,No,Yes,Yes,1,Yes,5,Offer E,Yes,49.2,No,Yes,21,No,No,No,No,No,No,No,Yes,Month-to-Month,Yes,Bank Withdrawal,2,Yes,6
Female,24,No,No,No,0,No,0,Offer E,Yes,5.36,No,No,0,No,No,No,No,No,No,No,No,Month-to-Month,Yes,Credit Card,2,Yes,1
Male,21,No,No,No,0,No,0,None,Yes,36.06,No,Yes,85,No,No,No,No,No,No,No,Yes,Month-to-Month,No,Credit Card,1,Yes,2
Male,21,No,Yes,No,0,Yes,1,Offer E,Yes,37.83,No,Yes,51,No,No,No,Yes,Yes,No,No,Yes,Month-to-Month,Yes,Bank Withdrawal,3,Yes,1
Male,21,No,No,No,0,No,0,None,Yes,49.29,No,Yes,51,No,Yes,Yes,Yes,Yes,Yes,Yes,Yes,One Year,Yes,Bank Withdrawal,2,Yes,52
Male,62,No,No,No,0,No,0,Offer D,Yes,7.28,Yes,Yes,7,Yes,No,No,No,No,No,No,Yes,Month-to-Month,Yes,Bank Withdrawal,1,Yes,22
Female,40,No,Yes,No,0,Yes,1,None,Yes,44.26,No,Yes,23,No,No,Yes,No,No,Yes,Yes,Yes,Month-to-Month,Yes,Bank Withdrawal,2,Yes,47
Female,51,No,No,No,0,No,0,None,Yes,20.29,Yes,Yes,30,No,No,No,No,No,Yes,Yes,No,Month-to-Month,Yes,Bank Withdrawal,2,Yes,33
Male,59,No,No,No,0,No,0,Offer D,No,0,No,Yes,26,No,Yes,Yes,No,No,No,No,Yes,Month-to-Month,Yes,Credit Card,2,Yes,18
Male,64,No,No,No,0,No,0,None,Yes,32.49,No,Yes,23,No,No,No,No,Yes,Yes,Yes,Yes,Month-to-Month,Yes,Bank Withdrawal,1,Yes,24
Male,26,No,Yes,No,0,No,0,Offer E,Yes,23.06,No,Yes,52,No,No,No,No,Yes,Yes,Yes,Yes,Month-to-Month,Yes,Bank Withdrawal,3,Yes,1
Female,64,No,No,No,0,No,0,Offer E,Yes,36.76,Yes,Yes,20,No,Yes,No,No,Yes,No,No,Yes,Month-to-Month,No,Credit Card,1,Yes,4
Male,21,No,No,No,0,No,0,Offer E,No,0,No,Yes,51,No,No,Yes,No,Yes,Yes,Yes,Yes,Month-to-Month,Yes,Bank Withdrawal,3,Yes,2
Male,43,No,No,Yes,3,No,0,None,Yes,11.91,No,No,0,No,No,No,No,No,No,No,No,Month-to-Month,No,Credit Card,3,Yes,1
Female,64,No,No,No,0,No,0,Offer D,Yes,32.87,Yes,Yes,17,Yes,Yes,No,No,No,Yes,Yes,No,Month-to-Month,Yes,Bank Withdrawal,3,Yes,19
Male,44,No,No,No,0,No,0,Offer D,Yes,10.33,Yes,Yes,19,Yes,No,No,No,Yes,Yes,Yes,Yes,Month-to-Month,Yes,Bank Withdrawal,1,Yes,22
Female,46,No,No,No,0,No,0,None,Yes,12.58,No,Yes,19,No,No,No,No,No,No,No,Yes,Month-to-Month,Yes,Credit Card,1,Yes,4
Male,24,No,Yes,No,0,Yes,8,None,Yes,48.64,Yes,Yes,30,No,No,No,No,No,No,No,Yes,Month-to-Month,Yes,Bank Withdrawal,1,Yes,4
Male,60,No,No,No,0,No,0,None,Yes,30.44,Yes,Yes,10,No,No,No,No,No,No,No,Yes,Month-to-Month,No,Credit Card,1,Yes,4
Female,61,No,No,No,0,No,0,None,Yes,40.32,Yes,Yes,18,Yes,No,No,No,No,No,No,Yes,Month-to-Month,Yes,Credit Card,1,Yes,7
Male,55,No,Yes,No,0,Yes,1,None,Yes,1.16,Yes,Yes,7,No,Yes,No,No,No,No,No,No,Month-to-Month,Yes,Bank Withdrawal,2,Yes,5
Female,47,No,No,No,0,No,0,None,Yes,46.49,Yes,Yes,14,No,No,No,No,No,No,No,Yes,Month-to-Month,Yes,Credit Card,2,Yes,1
Male,19,No,Yes,No,0,Yes,1,Offer E,Yes,20.5,No,Yes,51,No,No,Yes,No,No,No,No,Yes,Month-to-Month,No,Bank Withdrawal,1,Yes,2
Male,28,No,No,No,0,No,0,Offer E,Yes,32.76,No,Yes,73,No,No,Yes,Yes,Yes,Yes,Yes,Yes,Month-to-Month,Yes,Bank Withdrawal,3,Yes,3
Female,37,No,Yes,No,0,Yes,1,None,Yes,18.31,No,Yes,13,No,No,No,No,Yes,Yes,Yes,Yes,One Year,Yes,Bank Withdrawal,3,Yes,28
Male,47,No,No,No,0,No,0,Offer D,Yes,3.15,Yes,Yes,26,No,No,No,No,No,No,No,No,Month-to-Month,No,Bank Withdrawal,2,Yes,15
Male,44,No,No,No,0,No,0,Offer E,Yes,40.15,Yes,Yes,19,No,No,No,No,Yes,Yes,Yes,Yes,Month-to-Month,Yes,Bank Withdrawal,3,Yes,5
Female,39,No,No,No,0,No,0,None,Yes,14.07,Yes,Yes,6,No,No,No,No,No,Yes,Yes,Yes,Month-to-Month,Yes,Bank Withdrawal,2,Yes,2
Female,58,No,No,No,0,No,0,Offer E,Yes,26.53,No,Yes,30,No,No,No,No,No,No,No,Yes,Month-to-Month,No,Credit Card,2,Yes,1
Male,44,No,No,No,0,No,0,Offer E,No,0,No,Yes,20,No,No,No,No,Yes,Yes,Yes,No,Month-to-Month,Yes,Bank Withdrawal,2,Yes,4
Male,41,No,Yes,Yes,3,Yes,1,None,No,0,No,Yes,23,Yes,No,No,Yes,No,No,No,Yes,Month-to-Month,No,Bank Withdrawal,1,Yes,31
Female,45,No,No,No,0,No,0,Offer E,Yes,32.33,Yes,Yes,9,No,No,No,No,Yes,Yes,Yes,Yes,Month-to-Month,No,Credit Card,2,Yes,1
Female,19,No,No,No,0,No,0,None,Yes,40.48,No,No,0,No,No,No,No,No,No,No,No,Month-to-Month,No,Credit Card,1,Yes,1
Female,54,No,No,No,0,No,0,Offer D,Yes,39.84,No,No,0,No,No,No,No,No,No,No,No,Month-to-Month,No,Bank Withdrawal,2,Yes,15
Male,42,No,Yes,No,0,Yes,1,Offer D,Yes,17.71,Yes,Yes,13,No,No,No,No,Yes,Yes,Yes,Yes,Month-to-Month,Yes,Bank Withdrawal,3,Yes,17
Male,28,No,No,No,0,No,0,Offer E,Yes,49.14,Yes,Yes,58,No,No,No,No,Yes,No,No,Yes,Month-to-Month,Yes,Bank Withdrawal,2,Yes,9
Female,48,No,No,No,0,No,0,None,Yes,1.37,No,Yes,21,Yes,Yes,Yes,Yes,Yes,No,No,Yes,One Year,No,Credit Card,1,Yes,25
Female,34,No,No,No,0,No,0,Offer E,Yes,5.63,No,Yes,18,No,No,Yes,Yes,Yes,Yes,Yes,Yes,Month-to-Month,Yes,Bank Withdrawal,1,Yes,4
Female,63,No,No,No,0,No,0,None,Yes,27.7,Yes,Yes,28,Yes,Yes,No,Yes,Yes,Yes,Yes,Yes,Two Year,Yes,Bank Withdrawal,1,Yes,50
Male,32,No,No,No,0,No,0,Offer E,Yes,11.94,Yes,Yes,30,No,No,Yes,No,Yes,Yes,Yes,No,Month-to-Month,Yes,Bank Withdrawal,1,Yes,3
Male,25,No,No,No,0,No,0,Offer D,Yes,40.22,No,Yes,41,No,No,Yes,No,Yes,Yes,Yes,Yes,Month-to-Month,Yes,Bank Withdrawal,1,Yes,10
Male,53,No,Yes,No,0,Yes,1,Offer E,No,0,No,Yes,15,No,No,No,No,No,No,No,Yes,One Year,No,Bank Withdrawal,2,Yes,9
Male,23,No,Yes,No,0,Yes,1,Offer A,Yes,20.07,Yes,Yes,85,No,Yes,No,Yes,Yes,Yes,Yes,Yes,One Year,Yes,Bank Withdrawal,2,Yes,66
Male,33,No,No,No,0,No,0,Offer E,Yes,49.4,No,Yes,10,No,No,Yes,Yes,Yes,No,No,Yes,Month-to-Month,Yes,Credit Card,2,Yes,3
Male,43,No,Yes,No,0,Yes,1,None,Yes,40.49,No,Yes,15,Yes,No,No,No,Yes,Yes,Yes,Yes,Month-to-Month,No,Credit Card,1,Yes,29
Female,42,No,Yes,Yes,3,Yes,1,None,Yes,45.26,Yes,Yes,56,Yes,Yes,Yes,Yes,No,Yes,Yes,Yes,Month-to-Month,No,Credit Card,1,Yes,41
Female,24,No,No,No,0,No,0,Offer E,Yes,26.12,No,No,0,No,No,No,No,No,No,No,No,Month-to-Month,No,Credit Card,2,Yes,1
Female,44,No,No,No,0,No,0,Offer E,Yes,44.94,No,Yes,16,No,No,No,No,No,Yes,Yes,Yes,Month-to-Month,Yes,Bank Withdrawal,1,Yes,1
Male,39,No,Yes,No,0,Yes,1,Offer E,Yes,14.75,No,Yes,28,No,No,No,No,No,No,No,No,Month-to-Month,Yes,Bank Withdrawal,1,Yes,7
Female,53,No,No,No,0,No,0,None,Yes,11.81,No,Yes,24,No,No,No,No,Yes,Yes,Yes,Yes,Month-to-Month,Yes,Bank Withdrawal,2,Yes,6
Male,20,No,Yes,No,0,Yes,1,Offer D,Yes,7.26,Yes,Yes,42,No,No,No,No,Yes,No,No,Yes,Month-to-Month,Yes,Bank Withdrawal,1,Yes,14
Male,41,No,No,No,0,No,0,None,Yes,34.88,Yes,Yes,8,No,No,No,No,Yes,Yes,Yes,Yes,Month-to-Month,Yes,Bank Withdrawal,1,Yes,25
Male,40,No,Yes,No,0,Yes,1,Offer D,Yes,16.2,Yes,Yes,17,No,No,No,No,No,Yes,Yes,Yes,Month-to-Month,Yes,Bank Withdrawal,1,Yes,22
Female,63,No,Yes,No,0,Yes,1,None,Yes,49.33,Yes,Yes,7,No,Yes,No,No,Yes,Yes,Yes,Yes,Month-to-Month,Yes,Bank Withdrawal,3,Yes,61
Male,31,No,No,No,0,No,0,None,Yes,13.84,No,Yes,26,No,No,No,No,No,No,No,No,Month-to-Month,Yes,Credit Card,3,Yes,1
Female,39,No,No,No,0,No,0,None,Yes,33.88,No,Yes,26,No,No,No,No,No,Yes,Yes,Yes,Month-to-Month,Yes,Bank Withdrawal,3,Yes,1
Male,46,No,No,No,0,No,0,Offer D,Yes,49.43,Yes,Yes,17,Yes,Yes,No,No,No,No,No,Yes,Month-to-Month,No,Bank Withdrawal,3,Yes,22
Female,51,No,No,No,0,No,0,None,Yes,33.91,No,Yes,13,Yes,No,Yes,Yes,No,No,No,Yes,One Year,Yes,Credit Card,1,Yes,48
Male,52,No,No,No,0,No,0,None,Yes,24.91,No,Yes,18,No,No,No,No,No,No,No,No,Month-to-Month,No,Credit Card,1,Yes,25
Male,35,No,Yes,No,0,Yes,1,Offer D,Yes,18.05,No,Yes,5,No,No,No,No,Yes,Yes,Yes,Yes,Month-to-Month,Yes,Credit Card,2,Yes,20
Male,51,No,Yes,No,0,Yes,1,None,Yes,11.3,Yes,Yes,16,Yes,No,No,No,Yes,Yes,Yes,Yes,Month-to-Month,Yes,Bank Withdrawal,1,Yes,18
Female,50,No,No,No,0,No,0,None,Yes,3.84,No,Yes,2,No,No,Yes,No,No,No,No,Yes,Month-to-Month,No,Bank Withdrawal,2,Yes,1
Male,45,No,No,No,0,No,0,None,Yes,19.22,Yes,Yes,10,No,No,No,No,Yes,Yes,Yes,Yes,Month-to-Month,Yes,Bank Withdrawal,2,Yes,9
Female,47,No,Yes,No,0,Yes,1,None,Yes,37.66,No,Yes,20,Yes,No,No,No,Yes,Yes,Yes,Yes,Month-to-Month,Yes,Credit Card,1,Yes,28
Male,20,No,No,No,0,No,0,None,Yes,5.4,No,Yes,41,No,Yes,No,No,No,No,No,Yes,Month-to-Month,Yes,Bank Withdrawal,2,Yes,11
Female,57,No,Yes,No,0,Yes,3,None,Yes,28.79,Yes,Yes,16,No,Yes,Yes,No,Yes,Yes,Yes,Yes,Month-to-Month,Yes,Bank Withdrawal,2,Yes,20
Female,35,No,No,No,0,No,0,None,Yes,18.1,Yes,Yes,15,No,No,No,No,No,No,No,Yes,Month-to-Month,No,Credit Card,1,Yes,7
Male,60,No,No,No,0,No,0,None,Yes,15.51,Yes,Yes,23,No,No,No,No,Yes,Yes,Yes,Yes,Month-to-Month,Yes,Bank Withdrawal,1,Yes,7
Male,51,No,No,No,0,No,0,None,Yes,35.93,Yes,Yes,17,Yes,No,No,No,Yes,Yes,Yes,Yes,Month-to-Month,Yes,Bank Withdrawal,2,Yes,22
Female,43,No,Yes,Yes,1,Yes,1,None,No,0,No,Yes,19,No,No,No,Yes,No,No,No,No,Month-to-Month,Yes,Credit Card,3,Yes,3
Male,38,No,No,No,0,No,0,None,Yes,5.62,Yes,Yes,16,No,No,Yes,No,No,No,No,Yes,Month-to-Month,No,Credit Card,3,Yes,51
Female,32,No,Yes,No,0,Yes,1,None,Yes,48.58,No,Yes,13,No,Yes,Yes,No,Yes,Yes,Yes,Yes,Month-to-Month,Yes,Bank Withdrawal,1,Yes,62
Male,52,No,No,No,0,No,0,None,Yes,35.52,Yes,Yes,26,Yes,Yes,No,No,No,Yes,Yes,Yes,Month-to-Month,Yes,Credit Card,1,Yes,28
Male,42,No,No,No,0,No,0,None,No,0,No,Yes,30,No,No,No,No,No,Yes,Yes,Yes,Month-to-Month,Yes,Credit Card,1,Yes,10
Male,41,No,No,No,0,No,0,None,Yes,12.36,Yes,Yes,23,No,No,No,No,Yes,No,No,Yes,Month-to-Month,Yes,Bank Withdrawal,2,Yes,12
Male,35,No,No,No,0,No,0,None,Yes,24.72,Yes,Yes,29,No,No,No,Yes,No,No,No,Yes,Month-to-Month,Yes,Bank Withdrawal,1,Yes,27
Male,44,No,Yes,No,0,Yes,1,None,Yes,32.35,No,Yes,18,No,No,No,No,Yes,Yes,Yes,Yes,Month-to-Month,No,Mailed Check,1,Yes,1
Female,45,No,No,No,0,No,0,None,Yes,25.96,No,Yes,7,No,No,No,No,No,Yes,Yes,Yes,Month-to-Month,Yes,Bank Withdrawal,1,Yes,3
Female,32,No,Yes,Yes,1,Yes,1,None,Yes,5.26,No,Yes,19,No,Yes,No,Yes,No,No,No,No,Month-to-Month,No,Bank Withdrawal,2,Yes,22
Female,34,No,Yes,No,0,Yes,1,None,Yes,6.82,Yes,Yes,7,No,No,No,No,Yes,No,No,Yes,Month-to-Month,Yes,Bank Withdrawal,3,Yes,16
Male,30,No,No,No,0,No,0,None,No,0,No,Yes,59,Yes,Yes,Yes,Yes,No,No,No,Yes,Month-to-Month,Yes,Mailed Check,2,Yes,5
Male,60,No,Yes,No,0,Yes,1,None,Yes,5.8,Yes,Yes,12,No,No,No,No,No,No,No,Yes,One Year,Yes,Credit Card,2,Yes,23
Male,59,No,No,No,0,No,0,None,Yes,4.04,No,Yes,6,No,No,No,No,Yes,No,No,Yes,Month-to-Month,Yes,Bank Withdrawal,2,Yes,1
Male,31,No,No,No,0,No,0,None,Yes,6.89,Yes,Yes,12,No,No,No,No,Yes,No,No,Yes,Month-to-Month,No,Bank Withdrawal,2,Yes,1
Male,57,No,Yes,No,0,Yes,1,Offer A,Yes,5.76,Yes,Yes,11,No,Yes,Yes,Yes,Yes,Yes,Yes,No,Two Year,Yes,Credit Card,1,Yes,71
Male,57,No,No,No,0,No,0,None,No,0,No,Yes,26,No,Yes,No,No,No,No,No,Yes,Month-to-Month,No,Bank Withdrawal,2,Yes,46
Female,32,No,No,No,0,No,0,None,Yes,38.31,No,Yes,26,No,No,No,No,No,No,No,Yes,Month-to-Month,Yes,Credit Card,2,Yes,1
Female,53,No,Yes,No,0,Yes,1,None,Yes,37.48,No,Yes,13,No,Yes,No,No,No,Yes,Yes,Yes,Month-to-Month,No,Bank Withdrawal,2,Yes,32
Female,41,No,No,No,0,No,0,Offer E,Yes,24.63,No,No,0,No,No,No,No,No,No,No,No,Month-to-Month,No,Bank Withdrawal,3,Yes,3
Female,62,No,No,No,0,No,0,Offer E,Yes,43.51,No,Yes,17,No,No,No,Yes,No,Yes,Yes,Yes,Month-to-Month,Yes,Credit Card,2,Yes,5
Male,62,No,No,No,0,No,0,None,Yes,19.08,Yes,Yes,24,No,No,No,No,No,No,No,No,Month-to-Month,No,Credit Card,2,Yes,49
Female,50,No,No,No,0,No,0,None,Yes,24.31,Yes,Yes,21,No,No,Yes,No,No,No,No,Yes,One Year,Yes,Mailed Check,2,Yes,17
Male,53,No,No,No,0,No,0,None,Yes,21.97,No,Yes,9,No,Yes,No,No,No,Yes,Yes,Yes,Month-to-Month,Yes,Bank Withdrawal,3,Yes,6
Female,44,No,No,No,0,No,0,Offer E,Yes,17.18,No,Yes,22,Yes,Yes,No,No,No,No,No,Yes,Month-to-Month,No,Bank Withdrawal,1,Yes,6
Female,51,No,No,No,0,No,0,Offer E,Yes,10.64,No,Yes,23,No,Yes,No,No,Yes,Yes,Yes,Yes,Month-to-Month,Yes,Bank Withdrawal,3,Yes,4
Male,48,No,No,No,0,No,0,Offer E,Yes,42.8,No,Yes,28,No,No,No,No,Yes,No,No,No,Month-to-Month,No,Bank Withdrawal,2,Yes,4
Male,50,No,No,No,0,No,0,Offer E,Yes,13.83,Yes,Yes,14,No,Yes,Yes,No,Yes,Yes,Yes,Yes,Month-to-Month,Yes,Bank Withdrawal,3,Yes,3
Female,48,No,No,No,0,No,0,Offer E,Yes,45.59,Yes,Yes,8,No,No,No,No,Yes,No,No,Yes,Month-to-Month,Yes,Bank Withdrawal,1,Yes,8
Male,22,No,No,No,0,No,0,None,Yes,14.58,No,Yes,73,No,No,No,No,Yes,No,No,Yes,Month-to-Month,Yes,Mailed Check,1,Yes,1
Female,35,No,No,No,0,No,0,None,No,0,No,Yes,28,No,No,No,No,No,No,No,Yes,Month-to-Month,Yes,Mailed Check,1,Yes,1
Female,21,No,No,No,0,No,0,None,Yes,3.61,No,Yes,69,Yes,No,No,Yes,No,No,No,Yes,Month-to-Month,No,Bank Withdrawal,1,Yes,5
Male,47,No,Yes,No,0,Yes,1,None,Yes,3.07,Yes,Yes,23,No,Yes,Yes,No,Yes,Yes,Yes,Yes,Two Year,Yes,Bank Withdrawal,3,Yes,72
Female,60,No,No,No,0,No,0,None,Yes,21.88,Yes,Yes,4,No,Yes,Yes,No,No,No,No,Yes,Month-to-Month,Yes,Bank Withdrawal,2,Yes,13
Female,53,No,No,No,0,No,0,None,No,0,No,Yes,7,No,Yes,No,No,No,No,No,Yes,Month-to-Month,Yes,Bank Withdrawal,2,Yes,29
Female,51,No,No,No,0,No,0,None,Yes,7.66,No,Yes,17,No,No,No,No,No,No,No,No,Month-to-Month,Yes,Bank Withdrawal,1,Yes,17
Female,37,No,No,No,0,No,0,None,Yes,26.41,No,Yes,26,No,No,No,No,No,No,No,Yes,Month-to-Month,Yes,Bank Withdrawal,1,Yes,1
Male,64,No,No,No,0,No,0,None,No,0,No,Yes,11,No,No,No,Yes,No,No,No,Yes,Month-to-Month,No,Bank Withdrawal,2,Yes,2
Male,40,No,No,No,0,No,0,None,Yes,9.66,No,No,0,No,No,No,No,No,No,No,No,Month-to-Month,No,Mailed Check,3,Yes,1
Female,36,No,No,No,0,No,0,None,Yes,24.09,No,Yes,17,No,Yes,No,No,No,No,No,Yes,Month-to-Month,Yes,Bank Withdrawal,1,Yes,4
Female,45,No,Yes,No,0,Yes,1,None,Yes,9.23,No,Yes,25,No,Yes,No,Yes,Yes,Yes,Yes,Yes,Month-to-Month,Yes,Mailed Check,2,Yes,5
Male,57,No,No,No,0,No,0,Offer E,Yes,2.88,No,Yes,26,No,No,No,No,No,No,No,No,Month-to-Month,No,Mailed Check,1,Yes,9
Male,53,No,Yes,No,0,Yes,1,None,Yes,19.05,No,Yes,26,No,No,Yes,No,No,No,No,Yes,Month-to-Month,Yes,Mailed Check,1,Yes,18
Male,55,No,No,No,0,No,0,None,Yes,5.27,No,Yes,4,No,Yes,No,No,Yes,Yes,Yes,Yes,Month-to-Month,Yes,Bank Withdrawal,1,Yes,25
Male,40,No,Yes,No,0,Yes,1,None,Yes,38.37,No,Yes,14,Yes,No,No,No,Yes,No,No,Yes,Month-to-Month,No,Bank Withdrawal,1,Yes,52
Female,48,No,No,No,0,No,0,None,Yes,37.79,No,Yes,25,Yes,No,No,No,No,No,No,No,Month-to-Month,Yes,Bank Withdrawal,3,Yes,8
Female,22,No,Yes,No,0,Yes,1,None,Yes,35.04,No,Yes,76,No,Yes,No,No,Yes,Yes,Yes,Yes,One Year,Yes,Bank Withdrawal,2,Yes,22
Male,47,No,Yes,No,0,Yes,1,None,Yes,35.46,Yes,Yes,23,No,Yes,Yes,No,Yes,Yes,Yes,Yes,Month-to-Month,Yes,Bank Withdrawal,1,Yes,54
Female,49,No,No,No,0,No,0,Offer E,Yes,16.15,Yes,Yes,12,No,No,No,No,Yes,Yes,Yes,Yes,Month-to-Month,Yes,Bank Withdrawal,3,Yes,1
Female,47,No,Yes,Yes,2,Yes,1,Offer E,Yes,9.73,No,Yes,29,No,No,Yes,No,No,No,No,Yes,Month-to-Month,No,Mailed Check,2,Yes,1
Female,33,No,No,No,0,No,0,Offer E,Yes,48.82,Yes,Yes,19,No,No,No,Yes,Yes,Yes,Yes,Yes,Month-to-Month,Yes,Bank Withdrawal,3,Yes,7
Female,53,No,No,No,0,No,0,None,Yes,12.75,Yes,Yes,24,No,No,No,No,Yes,Yes,Yes,No,Month-to-Month,Yes,Bank Withdrawal,3,Yes,12
Female,59,No,Yes,No,0,Yes,2,None,Yes,8.83,Yes,Yes,21,Yes,Yes,No,No,Yes,Yes,Yes,Yes,One Year,No,Bank Withdrawal,1,Yes,54
Male,33,No,No,No,0,No,0,Offer E,Yes,16.81,No,No,0,No,No,No,No,No,No,No,No,Month-to-Month,No,Credit Card,1,Yes,1
Female,45,No,Yes,No,0,No,0,None,Yes,38.81,No,Yes,28,No,Yes,Yes,Yes,No,No,No,Yes,Month-to-Month,No,Bank Withdrawal,1,Yes,23
Male,25,No,No,No,0,No,0,Offer E,Yes,22.77,No,Yes,51,No,No,No,No,Yes,No,Yes,Yes,Month-to-Month,No,Credit Card,2,Yes,3
Male,46,No,No,No,0,No,0,None,Yes,34.38,No,Yes,20,No,Yes,No,Yes,No,No,No,No,Month-to-Month,Yes,Bank Withdrawal,1,Yes,31
Female,39,No,Yes,No,0,Yes,1,None,Yes,40.78,Yes,Yes,4,No,No,Yes,No,Yes,No,No,Yes,Month-to-Month,No,Bank Withdrawal,3,Yes,34
Male,36,No,Yes,No,0,Yes,1,None,Yes,11.24,No,Yes,16,No,No,No,No,No,No,No,Yes,Month-to-Month,Yes,Bank Withdrawal,1,Yes,29
Male,31,No,No,No,0,No,0,Offer E,Yes,9.81,Yes,Yes,28,Yes,No,No,No,No,No,No,Yes,Month-to-Month,Yes,Bank Withdrawal,1,Yes,1
Male,37,No,No,No,0,No,0,None,Yes,28.84,No,Yes,23,No,No,No,No,No,No,No,Yes,Month-to-Month,No,Bank Withdrawal,2,Yes,33
Female,41,No,No,No,0,No,0,Offer E,Yes,36.91,No,Yes,23,No,No,No,No,No,Yes,Yes,Yes,Month-to-Month,Yes,Bank Withdrawal,1,Yes,4
Male,29,No,Yes,No,0,Yes,1,None,Yes,5.93,Yes,Yes,51,No,No,No,Yes,Yes,Yes,Yes,Yes,One Year,Yes,Bank Withdrawal,3,Yes,19
Female,46,No,Yes,No,0,Yes,1,Offer E,Yes,16.55,No,Yes,19,No,No,No,No,No,No,No,Yes,Month-to-Month,Yes,Credit Card,1,Yes,1
Male,53,No,No,No,0,No,0,None,Yes,9.27,Yes,Yes,30,No,Yes,Yes,No,Yes,Yes,Yes,Yes,One Year,Yes,Bank Withdrawal,3,Yes,31
Female,31,No,No,No,0,No,0,None,Yes,30.95,Yes,Yes,26,No,Yes,No,No,No,No,No,Yes,Month-to-Month,No,Bank Withdrawal,2,Yes,4
Male,46,No,No,No,0,No,0,Offer D,No,0,No,Yes,30,No,No,Yes,No,No,No,No,No,Month-to-Month,No,Credit Card,3,Yes,10
Female,64,No,No,No,0,No,0,None,Yes,26.93,No,Yes,10,Yes,No,No,No,Yes,Yes,Yes,Yes,Month-to-Month,Yes,Bank Withdrawal,1,Yes,2
Male,19,No,No,No,0,No,0,None,Yes,6.91,Yes,Yes,53,No,No,No,No,No,Yes,Yes,Yes,Month-to-Month,Yes,Bank Withdrawal,1,Yes,4
Male,39,No,No,No,0,No,0,None,Yes,48.22,No,Yes,21,No,No,No,No,No,No,No,Yes,Month-to-Month,No,Credit Card,1,Yes,1
Female,63,No,No,No,0,No,0,None,Yes,10.43,Yes,Yes,22,No,Yes,Yes,No,Yes,Yes,Yes,No,Month-to-Month,Yes,Bank Withdrawal,2,Yes,41
Female,36,No,No,No,0,No,0,Offer D,Yes,17.46,No,Yes,9,No,No,Yes,Yes,No,Yes,Yes,Yes,Month-to-Month,Yes,Bank Withdrawal,1,Yes,12
Male,28,No,No,No,0,No,0,Offer D,Yes,29.24,Yes,Yes,85,No,No,No,No,No,No,Yes,Yes,Month-to-Month,Yes,Credit Card,1,Yes,10
Female,43,No,Yes,No,0,Yes,1,Offer D,Yes,31.08,Yes,Yes,26,No,No,Yes,No,Yes,Yes,Yes,Yes,Month-to-Month,Yes,Bank Withdrawal,3,Yes,11
Male,44,No,No,No,0,No,0,None,Yes,8.77,No,Yes,10,No,No,No,No,No,No,No,Yes,Month-to-Month,Yes,Credit Card,1,Yes,1
Female,36,No,No,No,0,No,0,Offer D,Yes,6.86,No,Yes,8,No,Yes,No,Yes,No,No,No,No,Month-to-Month,Yes,Credit Card,3,Yes,16
Female,22,No,No,No,0,No,0,None,Yes,31.03,Yes,Yes,27,No,No,No,No,No,Yes,Yes,Yes,Month-to-Month,Yes,Credit Card,1,Yes,1
Female,36,No,Yes,Yes,1,Yes,1,None,Yes,12.88,Yes,Yes,22,No,No,No,No,No,No,No,Yes,Month-to-Month,No,Credit Card,1,Yes,4
Female,40,No,No,Yes,3,No,0,None,Yes,13.58,No,Yes,24,No,No,Yes,No,No,Yes,Yes,Yes,Month-to-Month,No,Bank Withdrawal,1,Yes,1
Male,42,No,No,No,0,No,0,Offer D,Yes,35.4,No,Yes,18,No,No,Yes,No,Yes,No,No,Yes,Month-to-Month,Yes,Bank Withdrawal,2,Yes,13
Female,19,No,No,No,0,No,0,None,Yes,44.36,No,Yes,58,Yes,Yes,No,No,No,No,Yes,Yes,Month-to-Month,Yes,Bank Withdrawal,1,Yes,1
Female,57,No,Yes,No,0,Yes,1,Offer D,Yes,1.21,Yes,Yes,16,Yes,No,Yes,No,Yes,Yes,Yes,Yes,Month-to-Month,Yes,Bank Withdrawal,1,Yes,21
Female,35,No,Yes,Yes,3,Yes,1,Offer D,Yes,29.01,No,No,0,No,No,No,No,No,No,No,No,Month-to-Month,Yes,Credit Card,1,Yes,11
Male,33,No,Yes,No,0,Yes,4,None,Yes,21.23,Yes,Yes,13,No,No,No,No,No,No,No,Yes,Month-to-Month,Yes,Bank Withdrawal,1,Yes,6
Female,25,No,Yes,No,0,Yes,5,None,Yes,48.48,No,Yes,58,No,No,Yes,No,No,No,Yes,Yes,Month-to-Month,Yes,Bank Withdrawal,1,Yes,4
Male,39,No,No,No,0,No,0,Offer D,Yes,44.71,Yes,Yes,25,No,No,No,No,Yes,Yes,Yes,Yes,Month-to-Month,Yes,Bank Withdrawal,1,Yes,12
Female,30,No,No,No,0,No,0,None,Yes,48.32,Yes,Yes,51,No,Yes,No,No,No,Yes,Yes,No,Month-to-Month,Yes,Bank Withdrawal,1,Yes,4
Female,42,No,No,No,0,No,0,None,Yes,9.81,No,Yes,30,No,Yes,No,No,No,No,No,Yes,Month-to-Month,No,Credit Card,3,Yes,4
Male,23,No,No,No,0,No,0,None,Yes,47.68,No,Yes,82,No,No,No,No,Yes,No,Yes,Yes,Month-to-Month,No,Credit Card,2,Yes,3
Female,42,No,Yes,No,0,Yes,1,None,Yes,44.24,Yes,Yes,5,No,No,No,No,Yes,No,No,Yes,One Year,Yes,Bank Withdrawal,1,Yes,68
Male,47,No,No,Yes,2,No,0,None,Yes,11.86,No,Yes,13,Yes,No,No,No,No,No,No,Yes,Month-to-Month,No,Credit Card,1,Yes,1
Male,55,No,No,No,0,No,0,Offer D,Yes,12.78,No,Yes,2,No,No,No,No,Yes,Yes,Yes,Yes,Month-to-Month,Yes,Bank Withdrawal,3,Yes,10
Male,50,No,No,No,0,No,0,None,Yes,22.86,No,Yes,25,No,No,No,No,No,No,No,No,Month-to-Month,Yes,Bank Withdrawal,2,Yes,1
Male,44,No,Yes,No,0,Yes,1,None,Yes,34.62,Yes,Yes,23,No,No,Yes,No,Yes,Yes,Yes,Yes,Month-to-Month,Yes,Bank Withdrawal,1,Yes,24
Male,53,No,Yes,No,0,Yes,1,Offer D,Yes,31.49,Yes,Yes,20,No,No,No,No,Yes,Yes,Yes,Yes,Month-to-Month,Yes,Bank Withdrawal,1,Yes,18
Male,44,No,Yes,Yes,1,Yes,4,None,Yes,27.24,No,Yes,21,No,No,No,Yes,No,Yes,Yes,Yes,Month-to-Month,No,Credit Card,2,Yes,4
Male,20,No,No,No,0,No,0,Offer E,Yes,7.15,No,Yes,48,No,No,No,No,Yes,Yes,Yes,Yes,Month-to-Month,Yes,Bank Withdrawal,1,Yes,1
Female,58,No,No,No,0,No,0,None,Yes,38.09,No,Yes,22,No,No,No,No,Yes,Yes,Yes,No,Month-to-Month,Yes,Bank Withdrawal,2,Yes,26
Male,23,No,No,No,0,No,0,Offer E,Yes,18.83,Yes,Yes,26,No,No,No,No,No,Yes,Yes,Yes,Month-to-Month,Yes,Credit Card,1,Yes,7
Male,54,No,Yes,No,0,Yes,1,None,Yes,2.41,Yes,Yes,21,No,No,Yes,Yes,Yes,Yes,Yes,Yes,Month-to-Month,Yes,Bank Withdrawal,1,Yes,42
Female,36,No,No,No,0,No,0,Offer E,Yes,39.9,No,Yes,20,No,No,No,No,No,No,No,Yes,Month-to-Month,Yes,Credit Card,2,Yes,4
Male,37,No,No,No,0,No,0,None,Yes,2.96,Yes,Yes,15,No,No,No,No,No,No,No,Yes,Month-to-Month,Yes,Credit Card,1,Yes,2
Male,47,No,Yes,Yes,1,Yes,1,Offer E,Yes,3.85,No,Yes,20,No,No,Yes,No,No,No,No,Yes,Month-to-Month,Yes,Bank Withdrawal,1,Yes,8
Female,63,No,Yes,No,0,Yes,1,Offer E,Yes,14.21,Yes,Yes,5,No,No,No,No,Yes,No,No,No,Month-to-Month,Yes,Bank Withdrawal,3,Yes,9
Male,63,No,No,No,0,No,0,None,Yes,34,No,Yes,11,Yes,No,No,No,No,No,No,Yes,Month-to-Month,Yes,Bank Withdrawal,1,Yes,43
Female,54,No,No,No,0,No,0,Offer E,Yes,15.51,No,No,0,No,No,No,No,No,No,No,No,Month-to-Month,No,Credit Card,3,Yes,1
Male,23,No,No,No,0,No,0,Offer E,Yes,48.84,No,Yes,41,No,No,No,No,No,No,Yes,Yes,Month-to-Month,Yes,Bank Withdrawal,3,Yes,3
Male,38,No,Yes,No,0,Yes,1,None,Yes,39.63,No,Yes,26,Yes,Yes,Yes,Yes,Yes,Yes,Yes,Yes,One Year,Yes,Bank Withdrawal,2,Yes,70
Male,63,No,Yes,No,0,Yes,1,Offer E,Yes,44.73,Yes,Yes,3,No,No,No,No,No,No,No,Yes,Month-to-Month,Yes,Bank Withdrawal,1,Yes,1
Male,35,No,No,No,0,No,0,Offer D,Yes,5.74,No,No,0,No,No,No,No,No,No,No,No,Month-to-Month,Yes,Credit Card,1,Yes,16
Female,25,No,No,No,0,No,0,Offer D,Yes,36.34,No,Yes,48,No,No,Yes,No,No,Yes,Yes,Yes,Month-to-Month,Yes,Bank Withdrawal,1,Yes,15
Female,23,No,No,No,0,No,0,None,Yes,43.04,No,Yes,71,Yes,Yes,No,Yes,Yes,Yes,Yes,Yes,One Year,Yes,Bank Withdrawal,2,Yes,46
Male,59,No,No,No,0,No,0,None,Yes,35.53,No,Yes,5,No,No,No,No,No,No,No,Yes,Month-to-Month,Yes,Credit Card,2,Yes,8
Male,62,No,Yes,No,0,Yes,1,None,Yes,2.12,Yes,Yes,17,No,Yes,Yes,No,Yes,No,No,No,Month-to-Month,No,Bank Withdrawal,1,Yes,31
Male,45,No,No,No,0,No,0,None,Yes,25.21,No,Yes,26,No,No,No,Yes,Yes,Yes,Yes,Yes,Month-to-Month,Yes,Bank Withdrawal,3,Yes,32
Female,20,No,No,No,0,No,0,Offer E,Yes,21.72,No,Yes,52,No,No,No,No,No,Yes,Yes,Yes,Month-to-Month,Yes,Bank Withdrawal,2,Yes,1
Male,49,No,No,No,0,No,0,Offer D,Yes,1.36,Yes,Yes,25,No,No,No,No,Yes,No,No,Yes,Month-to-Month,Yes,Bank Withdrawal,2,Yes,20
Male,34,No,No,No,0,No,0,None,Yes,24.16,Yes,Yes,22,No,No,No,Yes,No,No,No,Yes,Month-to-Month,Yes,Bank Withdrawal,3,Yes,26
Male,61,No,No,No,0,No,0,Offer E,Yes,43.03,No,Yes,3,No,Yes,No,No,No,No,No,Yes,Month-to-Month,Yes,Bank Withdrawal,2,Yes,1
Female,57,No,Yes,No,0,Yes,1,Offer D,Yes,7.62,No,Yes,3,No,Yes,No,Yes,No,Yes,Yes,No,Month-to-Month,Yes,Credit Card,1,Yes,14
Male,25,No,No,No,0,No,0,None,Yes,26.51,No,Yes,85,No,Yes,No,Yes,No,Yes,Yes,Yes,One Year,Yes,Credit Card,1,Yes,36
Female,50,No,No,Yes,2,No,0,None,Yes,35.49,No,Yes,11,No,No,Yes,Yes,Yes,Yes,Yes,Yes,Month-to-Month,Yes,Credit Card,1,Yes,9
Male,25,No,No,No,0,No,0,None,No,0,No,Yes,59,Yes,No,Yes,Yes,No,No,Yes,Yes,Month-to-Month,No,Credit Card,1,Yes,5
Female,40,No,No,No,0,No,0,None,Yes,36.81,No,Yes,16,Yes,Yes,No,Yes,No,No,No,Yes,Month-to-Month,Yes,Bank Withdrawal,2,Yes,2
Female,43,No,No,No,0,No,0,None,Yes,36.99,No,Yes,22,No,No,No,No,No,No,No,Yes,Month-to-Month,Yes,Bank Withdrawal,2,Yes,1
Male,30,No,No,No,0,No,0,None,Yes,13.04,No,Yes,85,No,No,No,No,No,No,No,No,Month-to-Month,Yes,Credit Card,1,Yes,8
Female,19,No,No,No,0,No,0,None,Yes,1.24,No,Yes,52,Yes,Yes,No,No,No,No,Yes,Yes,Month-to-Month,No,Bank Withdrawal,2,Yes,3
Male,34,No,No,No,0,No,0,None,Yes,19.52,No,Yes,16,No,No,No,No,No,No,No,Yes,Month-to-Month,No,Credit Card,1,Yes,2
Male,64,No,No,No,0,No,0,Offer C,Yes,36.17,Yes,Yes,5,No,No,No,No,No,No,No,Yes,Month-to-Month,No,Bank Withdrawal,3,Yes,39
Female,24,No,No,No,0,No,0,Offer D,Yes,30.54,Yes,Yes,47,No,No,Yes,No,Yes,Yes,Yes,Yes,Month-to-Month,Yes,Bank Withdrawal,2,Yes,12
Female,53,No,Yes,Yes,3,No,0,None,No,0,No,Yes,52,No,No,No,No,No,No,No,Yes,Month-to-Month,Yes,Credit Card,3,Yes,2
Female,36,No,No,No,0,No,0,None,Yes,2.01,No,No,0,No,No,No,No,No,No,No,No,Month-to-Month,No,Bank Withdrawal,1,Yes,4
Male,37,No,No,No,0,No,0,None,Yes,8.91,No,No,0,No,No,No,No,No,No,No,No,Month-to-Month,No,Credit Card,1,Yes,9
Female,38,No,No,No,0,No,0,None,Yes,15.62,No,Yes,2,No,No,No,No,No,No,No,Yes,Month-to-Month,No,Bank Withdrawal,1,Yes,9
Female,59,No,Yes,No,0,Yes,1,None,Yes,35.33,Yes,Yes,17,No,No,No,No,Yes,No,No,Yes,Month-to-Month,Yes,Bank Withdrawal,1,Yes,50
Female,36,No,No,No,0,No,0,None,Yes,5.94,Yes,Yes,8,No,No,No,No,No,No,No,Yes,Month-to-Month,Yes,Bank Withdrawal,2,Yes,1
Female,50,No,Yes,No,0,Yes,1,None,Yes,42.1,Yes,Yes,12,No,No,No,No,Yes,Yes,Yes,Yes,One Year,Yes,Credit Card,3,Yes,54
Male,64,No,No,No,0,No,0,None,Yes,18.79,Yes,Yes,16,No,Yes,No,No,Yes,Yes,Yes,Yes,Month-to-Month,Yes,Bank Withdrawal,2,Yes,42
Female,41,No,No,No,0,No,0,Offer E,Yes,22.11,No,Yes,18,No,No,No,No,No,No,No,No,Month-to-Month,No,Bank Withdrawal,1,Yes,1
Male,63,No,No,No,0,No,0,Offer E,Yes,40.83,No,No,0,No,No,No,No,No,No,No,No,Month-to-Month,Yes,Credit Card,3,Yes,1
Male,64,No,Yes,No,0,Yes,2,Offer E,No,0,No,Yes,26,No,No,No,Yes,Yes,No,No,Yes,Month-to-Month,No,Mailed Check,1,Yes,9
Male,62,No,No,No,0,No,0,Offer E,Yes,38.66,No,Yes,18,No,No,No,No,No,No,No,Yes,Month-to-Month,Yes,Bank Withdrawal,1,Yes,1
Female,25,No,No,No,0,No,0,Offer D,Yes,6.03,Yes,Yes,48,No,No,No,No,No,No,Yes,Yes,Month-to-Month,Yes,Mailed Check,2,Yes,13
Male,56,No,Yes,No,0,Yes,1,None,Yes,43.95,No,Yes,20,No,Yes,No,Yes,Yes,Yes,Yes,Yes,One Year,No,Bank Withdrawal,2,Yes,19
Female,25,No,No,No,0,No,0,Offer C,No,0,No,Yes,52,No,Yes,Yes,No,Yes,Yes,Yes,Yes,Month-to-Month,Yes,Credit Card,1,Yes,24
Female,59,No,Yes,No,0,Yes,1,None,Yes,32.15,Yes,Yes,28,Yes,No,Yes,Yes,Yes,Yes,Yes,Yes,Two Year,Yes,Credit Card,1,Yes,67
Female,59,No,Yes,No,0,Yes,1,Offer E,Yes,6.94,No,Yes,28,No,No,No,Yes,No,No,No,Yes,Month-to-Month,Yes,Bank Withdrawal,1,Yes,6
Male,30,No,No,Yes,3,No,0,None,Yes,22.78,No,No,0,No,No,No,No,No,No,No,No,Month-to-Month,Yes,Bank Withdrawal,2,Yes,20
Female,36,No,Yes,No,0,Yes,1,None,Yes,7.89,Yes,Yes,10,No,Yes,No,No,Yes,Yes,Yes,Yes,Month-to-Month,Yes,Bank Withdrawal,1,Yes,11
Female,60,No,No,No,0,No,0,Offer E,Yes,24.71,No,No,0,No,No,No,No,No,No,No,No,Month-to-Month,No,Mailed Check,2,Yes,2
Female,23,No,No,No,0,No,0,Offer E,Yes,30.6,No,Yes,27,No,No,No,No,No,No,Yes,Yes,Month-to-Month,Yes,Mailed Check,3,Yes,1
Male,37,No,No,No,0,No,0,None,Yes,11.96,Yes,Yes,18,No,No,No,Yes,No,Yes,Yes,Yes,Month-to-Month,Yes,Credit Card,3,Yes,16
Female,48,No,No,No,0,No,0,Offer E,Yes,9.95,Yes,Yes,13,No,No,No,No,Yes,Yes,Yes,Yes,Month-to-Month,Yes,Bank Withdrawal,1,Yes,3
Female,47,No,Yes,No,0,Yes,1,None,Yes,40.13,Yes,Yes,25,No,Yes,Yes,No,Yes,Yes,Yes,Yes,Month-to-Month,Yes,Credit Card,1,Yes,57
Female,54,No,No,No,0,No,0,Offer E,Yes,37.1,Yes,Yes,2,No,No,No,No,No,No,No,No,Month-to-Month,Yes,Mailed Check,2,Yes,5
Male,40,No,No,Yes,1,No,0,Offer E,Yes,26.04,No,Yes,27,Yes,No,No,No,No,No,No,Yes,Month-to-Month,No,Bank Withdrawal,1,Yes,4
Male,22,No,No,No,0,No,0,Offer E,Yes,12.05,No,Yes,69,No,Yes,No,No,Yes,Yes,Yes,Yes,Month-to-Month,Yes,Bank Withdrawal,3,Yes,7
Female,64,No,Yes,No,0,Yes,1,Offer E,Yes,21.65,No,Yes,13,No,No,No,No,No,No,No,Yes,Month-to-Month,Yes,Bank Withdrawal,2,Yes,1
Male,62,No,No,No,0,No,0,None,Yes,42.44,Yes,Yes,29,No,No,No,No,No,No,No,Yes,Month-to-Month,Yes,Bank Withdrawal,1,Yes,4
Male,44,No,No,No,0,No,0,None,No,0,No,Yes,2,No,No,No,No,No,No,No,Yes,Month-to-Month,Yes,Mailed Check,3,Yes,1
Male,35,No,No,No,0,No,0,None,Yes,36.84,Yes,Yes,17,No,No,Yes,No,Yes,No,No,No,Month-to-Month,Yes,Credit Card,1,Yes,7
Male,60,No,Yes,No,0,Yes,3,None,Yes,32.43,No,Yes,13,No,No,No,No,Yes,No,No,Yes,Month-to-Month,Yes,Bank Withdrawal,1,Yes,4
Male,24,No,No,No,0,No,0,None,Yes,31.34,No,Yes,52,No,No,No,No,Yes,No,Yes,Yes,Month-to-Month,Yes,Bank Withdrawal,1,Yes,1
Male,42,No,Yes,No,0,Yes,1,None,Yes,12.04,No,Yes,5,Yes,No,No,No,Yes,Yes,Yes,Yes,Month-to-Month,Yes,Bank Withdrawal,1,Yes,1
Female,29,No,No,No,0,No,0,None,No,0,No,Yes,73,No,No,No,No,No,No,Yes,Yes,Month-to-Month,No,Mailed Check,2,Yes,1
Male,34,No,Yes,No,0,Yes,1,None,Yes,42.09,No,Yes,9,Yes,Yes,Yes,Yes,Yes,Yes,Yes,Yes,Two Year,No,Bank Withdrawal,2,Yes,54
Male,56,No,No,No,0,No,0,None,Yes,15.79,No,No,0,No,No,No,No,No,No,No,No,One Year,No,Credit Card,3,Yes,2
Female,33,No,No,No,0,No,0,None,Yes,9.71,Yes,Yes,26,No,No,No,No,No,No,No,Yes,Month-to-Month,Yes,Bank Withdrawal,1,Yes,15
Female,29,No,No,No,0,No,0,Offer C,Yes,31.14,Yes,Yes,52,Yes,No,Yes,Yes,No,No,No,No,Month-to-Month,No,Credit Card,1,Yes,31
Male,46,No,Yes,No,0,Yes,9,Offer B,Yes,26.94,Yes,Yes,11,No,Yes,No,Yes,Yes,No,No,Yes,Two Year,Yes,Bank Withdrawal,3,Yes,61
Male,51,No,Yes,No,0,Yes,2,Offer C,Yes,3,Yes,Yes,15,No,Yes,Yes,No,Yes,Yes,Yes,Yes,Month-to-Month,Yes,Bank Withdrawal,3,Yes,24
Female,44,No,No,No,0,No,0,None,Yes,35.54,Yes,Yes,27,No,No,No,No,No,No,No,Yes,Month-to-Month,Yes,Bank Withdrawal,3,Yes,3
Male,57,No,Yes,No,0,Yes,1,None,Yes,28.22,Yes,Yes,10,No,Yes,No,No,Yes,Yes,Yes,Yes,Month-to-Month,Yes,Bank Withdrawal,2,Yes,4
Female,46,No,Yes,No,0,Yes,1,Offer B,Yes,36.65,No,Yes,7,Yes,No,No,No,Yes,Yes,Yes,Yes,One Year,Yes,Bank Withdrawal,1,Yes,57
Female,29,No,No,No,0,No,0,None,Yes,43.45,No,Yes,52,No,Yes,Yes,Yes,Yes,Yes,Yes,Yes,One Year,Yes,Bank Withdrawal,2,Yes,4
Female,27,No,No,No,0,No,0,Offer C,Yes,8.8,Yes,Yes,46,Yes,No,Yes,Yes,Yes,Yes,Yes,No,One Year,Yes,Credit Card,1,Yes,35
Male,50,No,No,No,0,No,0,Offer E,Yes,33.65,No,Yes,30,No,No,Yes,No,No,No,No,Yes,Month-to-Month,Yes,Bank Withdrawal,1,Yes,4
Female,39,No,Yes,No,0,Yes,1,Offer B,Yes,27.99,Yes,Yes,24,Yes,Yes,Yes,No,Yes,Yes,Yes,Yes,Two Year,Yes,Bank Withdrawal,1,Yes,58
Female,21,No,No,No,0,No,0,Offer C,Yes,11.73,Yes,Yes,82,No,Yes,No,No,Yes,Yes,Yes,Yes,Month-to-Month,Yes,Bank Withdrawal,1,Yes,30
Female,32,No,Yes,No,0,Yes,1,None,Yes,5.07,No,Yes,26,No,Yes,No,No,No,No,No,Yes,Month-to-Month,Yes,Bank Withdrawal,3,Yes,21
Male,57,No,No,No,0,No,0,Offer E,Yes,21.86,Yes,Yes,6,No,No,Yes,No,Yes,Yes,Yes,Yes,Month-to-Month,Yes,Bank Withdrawal,3,Yes,3
Female,30,No,Yes,No,0,Yes,1,None,No,0,No,Yes,69,Yes,No,Yes,No,Yes,Yes,Yes,No,One Year,Yes,Bank Withdrawal,1,Yes,21
Male,36,No,No,No,0,No,0,None,Yes,24.24,No,Yes,28,No,No,No,No,No,No,No,Yes,Month-to-Month,No,Bank Withdrawal,1,Yes,1
Male,41,No,No,No,0,No,0,None,Yes,25.24,No,Yes,29,No,Yes,No,No,No,No,No,Yes,Month-to-Month,No,Bank Withdrawal,1,Yes,11
Female,53,No,No,No,0,No,0,Offer E,Yes,4.67,No,Yes,11,No,No,No,No,No,Yes,Yes,Yes,Month-to-Month,No,Credit Card,1,Yes,1
Female,57,No,Yes,No,0,Yes,1,None,Yes,31.13,Yes,Yes,11,No,Yes,Yes,Yes,Yes,Yes,Yes,Yes,One Year,Yes,Bank Withdrawal,1,Yes,72
Female,20,No,No,No,0,No,0,Offer E,No,0,No,Yes,30,No,No,No,No,Yes,No,No,Yes,Month-to-Month,No,Credit Card,1,Yes,3
Female,55,No,Yes,No,0,Yes,1,Offer E,Yes,28.04,No,Yes,30,No,No,No,No,Yes,No,No,Yes,Month-to-Month,No,Bank Withdrawal,3,Yes,1
Female,42,No,No,No,0,No,0,Offer B,Yes,35.97,Yes,Yes,25,No,Yes,Yes,No,Yes,Yes,Yes,No,Month-to-Month,Yes,Bank Withdrawal,1,Yes,47
Male,31,No,No,No,0,No,0,None,Yes,20.86,No,Yes,3,Yes,No,No,No,No,No,No,Yes,Month-to-Month,No,Bank Withdrawal,1,Yes,18
Male,63,No,Yes,No,0,Yes,1,None,Yes,49.69,No,Yes,10,No,No,No,No,Yes,Yes,Yes,Yes,Month-to-Month,Yes,Bank Withdrawal,1,Yes,20
Female,42,No,No,No,0,No,0,Offer E,Yes,43.8,Yes,Yes,5,No,No,No,No,Yes,Yes,Yes,Yes,Month-to-Month,Yes,Bank Withdrawal,2,Yes,6
Male,64,No,No,No,0,No,0,None,Yes,14.91,No,Yes,21,No,No,No,No,No,Yes,Yes,Yes,Month-to-Month,Yes,Credit Card,1,Yes,1
Female,41,No,Yes,No,0,Yes,1,Offer B,Yes,23.95,Yes,Yes,30,No,No,No,No,No,Yes,Yes,Yes,One Year,Yes,Mailed Check,2,Yes,48
Male,41,No,Yes,No,0,Yes,1,Offer E,Yes,37.61,No,No,0,No,No,No,No,No,No,No,No,Month-to-Month,Yes,Credit Card,1,Yes,3
Female,41,No,No,No,0,No,0,Offer E,Yes,46.09,No,Yes,10,No,No,No,No,No,Yes,Yes,Yes,Month-to-Month,No,Bank Withdrawal,1,Yes,1
Male,47,No,No,No,0,No,0,Offer E,Yes,4.02,No,Yes,11,No,No,No,No,No,No,No,Yes,Month-to-Month,Yes,Bank Withdrawal,1,Yes,1
Female,26,No,No,No,0,No,0,Offer E,No,0,No,Yes,52,Yes,No,No,Yes,No,No,No,Yes,Month-to-Month,No,Mailed Check,1,Yes,3
Female,30,No,No,No,0,No,0,Offer E,No,0,No,Yes,48,Yes,No,Yes,Yes,Yes,Yes,Yes,Yes,Month-to-Month,No,Mailed Check,1,Yes,9
Female,23,No,Yes,No,0,Yes,1,Offer E,Yes,27.44,Yes,Yes,58,No,Yes,Yes,No,Yes,Yes,Yes,Yes,Month-to-Month,Yes,Bank Withdrawal,1,Yes,6
Male,32,No,Yes,No,0,Yes,1,None,Yes,17.96,Yes,Yes,30,No,No,No,No,No,No,No,Yes,Month-to-Month,Yes,Bank Withdrawal,1,Yes,16
Female,61,No,No,No,0,No,0,Offer C,Yes,19.75,Yes,No,0,No,No,No,No,No,No,No,No,Two Year,No,Credit Card,3,Yes,25
Female,31,No,No,No,0,No,0,Offer E,No,0,No,Yes,9,No,No,No,No,No,No,No,Yes,Month-to-Month,Yes,Bank Withdrawal,1,Yes,4
Male,33,No,No,No,0,No,0,Offer C,Yes,30.48,Yes,Yes,13,No,Yes,Yes,No,Yes,Yes,Yes,No,Month-to-Month,Yes,Bank Withdrawal,3,Yes,28
Male,64,No,No,No,0,No,0,Offer E,No,0,No,Yes,7,No,No,No,No,No,No,No,Yes,Month-to-Month,Yes,Bank Withdrawal,1,Yes,1
Female,48,No,No,No,0,No,0,None,Yes,15.6,Yes,Yes,4,No,No,No,No,No,No,No,Yes,Month-to-Month,Yes,Bank Withdrawal,3,Yes,11
Female,47,No,No,No,0,No,0,Offer E,Yes,7.39,Yes,Yes,4,No,Yes,No,Yes,No,Yes,Yes,Yes,Month-to-Month,Yes,Bank Withdrawal,2,Yes,4
Male,60,No,No,No,0,No,0,Offer C,Yes,44.28,No,Yes,5,Yes,No,No,No,No,No,No,Yes,Month-to-Month,Yes,Bank Withdrawal,1,Yes,28
Male,21,No,No,No,0,No,0,None,Yes,20.26,Yes,No,0,No,No,No,No,No,No,No,No,Month-to-Month,Yes,Mailed Check,2,Yes,1
Female,36,No,No,No,0,No,0,None,Yes,30.96,No,Yes,5,No,Yes,No,No,No,No,No,Yes,Month-to-Month,No,Bank Withdrawal,1,Yes,1
Male,56,No,No,No,0,No,0,None,Yes,36.97,Yes,Yes,27,No,Yes,No,No,Yes,Yes,Yes,Yes,Month-to-Month,Yes,Bank Withdrawal,2,Yes,14
Female,47,No,Yes,Yes,3,No,0,None,Yes,34.57,No,No,0,No,No,No,No,No,No,No,No,Month-to-Month,Yes,Mailed Check,1,Yes,1
Male,51,No,No,No,0,No,0,None,Yes,7.26,No,Yes,29,No,No,Yes,No,No,No,No,Yes,Month-to-Month,Yes,Bank Withdrawal,1,Yes,4
Female,44,No,Yes,No,0,Yes,1,None,No,0,No,Yes,10,No,No,No,No,No,No,No,Yes,Month-to-Month,Yes,Bank Withdrawal,3,Yes,20
Female,27,No,No,No,0,No,0,None,Yes,36.25,No,Yes,52,No,No,No,No,No,No,No,Yes,Month-to-Month,Yes,Credit Card,1,Yes,14
Female,56,No,No,No,0,No,0,None,No,0,No,Yes,25,No,Yes,No,No,Yes,Yes,Yes,Yes,Month-to-Month,Yes,Bank Withdrawal,1,Yes,3
Female,64,No,Yes,No,0,Yes,1,Offer B,Yes,2.03,Yes,Yes,19,No,No,Yes,Yes,No,No,No,Yes,Month-to-Month,Yes,Bank Withdrawal,2,Yes,40
Female,21,No,Yes,Yes,2,Yes,1,None,Yes,27.27,No,Yes,51,No,No,No,No,Yes,Yes,Yes,Yes,Month-to-Month,No,Credit Card,1,Yes,2
Female,53,No,No,No,0,No,0,None,Yes,41.39,No,Yes,3,No,No,No,No,No,No,No,Yes,Month-to-Month,No,Bank Withdrawal,2,Yes,1
Female,34,No,No,No,0,No,0,None,Yes,43.26,Yes,Yes,21,No,Yes,Yes,No,No,Yes,Yes,Yes,Month-to-Month,Yes,Bank Withdrawal,3,Yes,10
Male,21,No,No,No,0,No,0,None,Yes,29.33,No,No,0,No,No,No,No,No,No,No,No,Month-to-Month,No,Credit Card,3,Yes,1
Male,42,No,Yes,Yes,1,Yes,1,None,Yes,45.6,No,Yes,19,Yes,Yes,No,No,Yes,No,No,Yes,Month-to-Month,Yes,Bank Withdrawal,1,Yes,14
Male,49,No,Yes,No,0,Yes,1,None,Yes,19.8,No,Yes,17,Yes,No,Yes,Yes,Yes,No,No,Yes,One Year,Yes,Bank Withdrawal,1,Yes,22
Female,25,No,No,No,0,No,0,None,Yes,14.19,No,Yes,59,No,No,No,No,No,No,Yes,Yes,Month-to-Month,Yes,Bank Withdrawal,1,Yes,1
Male,61,No,Yes,No,0,Yes,1,Offer B,Yes,39.55,Yes,Yes,10,Yes,No,Yes,Yes,Yes,Yes,Yes,Yes,One Year,No,Bank Withdrawal,2,Yes,49
Female,20,No,No,No,0,No,0,None,Yes,29.41,No,Yes,59,No,No,No,No,Yes,No,Yes,No,Month-to-Month,No,Bank Withdrawal,1,Yes,1
Male,63,No,No,No,0,No,0,None,Yes,38.07,Yes,Yes,28,No,No,No,No,No,No,No,Yes,Month-to-Month,No,Bank Withdrawal,1,Yes,7
Female,55,No,No,No,0,No,0,Offer E,Yes,16.48,Yes,Yes,12,No,No,No,No,No,No,No,Yes,Month-to-Month,Yes,Bank Withdrawal,2,Yes,9
Male,38,No,No,No,0,No,0,Offer E,Yes,45.49,No,No,0,No,No,No,No,No,No,No,No,Month-to-Month,Yes,Credit Card,1,Yes,1
Male,22,No,No,No,0,No,0,Offer E,No,0,No,Yes,73,No,No,No,No,No,No,Yes,Yes,Month-to-Month,Yes,Bank Withdrawal,1,Yes,2
Male,23,No,No,No,0,No,0,Offer B,No,0,No,Yes,59,No,Yes,No,No,Yes,No,Yes,No,Month-to-Month,Yes,Bank Withdrawal,1,Yes,57
Female,64,No,No,No,0,No,0,Offer E,Yes,10.71,No,No,0,No,No,No,No,No,No,No,No,Month-to-Month,Yes,Credit Card,2,Yes,1
Female,30,No,No,No,0,No,0,None,No,0,No,Yes,53,No,No,No,No,No,No,No,Yes,Month-to-Month,Yes,Bank Withdrawal,3,Yes,13
Female,48,No,No,No,0,No,0,Offer E,Yes,22.97,No,Yes,23,No,No,Yes,No,Yes,No,No,Yes,Month-to-Month,Yes,Bank Withdrawal,2,Yes,1
Female,22,No,No,No,0,No,0,Offer B,Yes,8.38,Yes,Yes,59,No,Yes,No,No,Yes,Yes,Yes,Yes,One Year,No,Bank Withdrawal,3,Yes,63
Male,64,No,No,No,0,No,0,Offer C,Yes,8.31,Yes,Yes,22,No,No,No,No,No,Yes,Yes,Yes,Month-to-Month,Yes,Bank Withdrawal,1,Yes,25
Male,48,No,Yes,No,0,Yes,1,Offer C,Yes,48.47,Yes,Yes,12,No,No,No,No,No,No,No,Yes,Month-to-Month,Yes,Bank Withdrawal,2,Yes,35
Male,44,No,Yes,No,0,Yes,1,None,No,0,No,Yes,25,No,Yes,No,No,Yes,Yes,Yes,No,Two Year,No,Bank Withdrawal,1,Yes,71
Male,49,No,No,No,0,No,0,None,Yes,6.32,Yes,Yes,11,No,No,No,No,No,No,No,Yes,Month-to-Month,Yes,Bank Withdrawal,1,Yes,6
Female,43,No,No,No,0,No,0,None,Yes,16.82,No,Yes,26,No,Yes,Yes,No,Yes,Yes,Yes,Yes,Month-to-Month,Yes,Bank Withdrawal,3,Yes,15
Male,59,No,No,No,0,No,0,Offer E,Yes,49.74,No,No,0,No,No,No,No,No,No,No,No,Month-to-Month,Yes,Credit Card,3,Yes,9
Female,31,No,No,No,0,No,0,None,No,0,No,Yes,10,No,No,No,Yes,No,No,No,Yes,Month-to-Month,No,Credit Card,2,Yes,37
Female,60,No,Yes,No,0,Yes,5,None,Yes,26.88,Yes,Yes,19,Yes,No,No,Yes,Yes,No,No,Yes,Month-to-Month,Yes,Credit Card,1,Yes,11
Male,21,No,Yes,No,0,Yes,1,Offer B,Yes,10.61,Yes,Yes,76,No,No,Yes,Yes,Yes,Yes,Yes,Yes,One Year,Yes,Bank Withdrawal,1,Yes,55
Female,41,No,No,No,0,No,0,Offer E,Yes,31.68,No,Yes,22,No,No,No,No,Yes,Yes,Yes,Yes,Month-to-Month,No,Bank Withdrawal,1,Yes,1
Female,51,No,No,No,0,No,0,Offer E,Yes,21.91,No,Yes,12,No,No,No,Yes,No,No,No,Yes,Month-to-Month,Yes,Bank Withdrawal,2,Yes,6
Male,42,No,No,No,0,No,0,Offer E,Yes,12.24,Yes,Yes,11,No,Yes,No,No,No,Yes,Yes,No,Month-to-Month,Yes,Bank Withdrawal,3,Yes,4
Female,61,No,Yes,No,0,Yes,1,Offer E,Yes,44.34,Yes,Yes,29,No,No,No,No,No,No,No,Yes,Month-to-Month,Yes,Bank Withdrawal,2,Yes,3
Male,39,No,Yes,No,0,Yes,1,Offer E,Yes,30.62,No,Yes,11,No,No,No,No,No,No,No,Yes,Month-to-Month,Yes,Bank Withdrawal,3,Yes,1
Male,30,No,No,No,0,No,0,None,Yes,38.88,No,Yes,30,Yes,No,No,No,No,No,No,Yes,Month-to-Month,Yes,Bank Withdrawal,1,Yes,11
Female,29,No,No,No,0,No,0,Offer E,Yes,13.04,No,Yes,46,No,No,No,No,No,No,No,Yes,Month-to-Month,Yes,Credit Card,3,Yes,1
Male,52,No,No,No,0,No,0,None,Yes,14.26,No,Yes,26,No,No,Yes,No,Yes,Yes,Yes,Yes,Month-to-Month,Yes,Bank Withdrawal,1,Yes,5
Male,59,No,No,No,0,No,0,None,Yes,23.89,Yes,Yes,14,No,Yes,Yes,No,Yes,No,No,Yes,Month-to-Month,Yes,Bank Withdrawal,1,Yes,8
Female,21,No,Yes,Yes,3,Yes,1,Offer D,Yes,42.98,No,Yes,30,Yes,Yes,Yes,No,No,No,No,No,Month-to-Month,No,Credit Card,1,Yes,22
Male,37,No,Yes,No,0,No,0,None,Yes,28.37,Yes,Yes,12,Yes,Yes,No,No,No,No,No,Yes,Month-to-Month,Yes,Bank Withdrawal,1,Yes,29
Male,20,No,Yes,No,0,Yes,1,Offer D,Yes,41.22,Yes,Yes,82,No,No,Yes,No,Yes,Yes,Yes,Yes,One Year,Yes,Credit Card,3,Yes,13
Female,38,No,No,No,0,No,0,Offer E,Yes,13.28,No,No,0,No,No,No,No,No,No,No,No,Month-to-Month,Yes,Credit Card,3,Yes,3
Male,63,No,No,No,0,No,0,Offer B,Yes,8.08,Yes,Yes,21,Yes,Yes,No,Yes,No,Yes,Yes,No,One Year,No,Bank Withdrawal,1,Yes,62
Male,62,No,Yes,No,0,Yes,1,Offer D,Yes,12.06,Yes,Yes,9,Yes,Yes,Yes,No,No,No,No,Yes,Month-to-Month,No,Credit Card,1,Yes,17
Male,19,No,Yes,No,0,Yes,1,Offer B,Yes,13.2,Yes,No,0,No,No,No,No,No,No,No,No,Two Year,Yes,Credit Card,3,Yes,56
Female,58,No,No,No,0,No,0,None,Yes,16.63,Yes,Yes,12,No,No,No,Yes,No,No,No,Yes,Month-to-Month,Yes,Credit Card,1,Yes,31
Female,26,No,No,No,0,No,0,Offer E,Yes,21.28,No,Yes,26,No,Yes,No,No,No,No,No,Yes,Month-to-Month,Yes,Credit Card,1,Yes,2
Male,53,No,No,No,0,No,0,None,Yes,43.72,Yes,Yes,21,No,No,Yes,No,No,Yes,Yes,Yes,Month-to-Month,No,Bank Withdrawal,1,Yes,3
Female,42,No,Yes,Yes,2,Yes,1,None,No,0,No,Yes,12,No,No,No,Yes,Yes,No,No,No,Month-to-Month,No,Bank Withdrawal,1,Yes,1
Female,57,No,No,No,0,No,0,Offer D,Yes,10.3,No,Yes,29,No,No,No,No,Yes,Yes,Yes,Yes,Month-to-Month,Yes,Credit Card,1,Yes,14
Female,28,No,Yes,Yes,2,Yes,1,None,Yes,25.27,Yes,Yes,82,Yes,No,Yes,Yes,Yes,No,No,Yes,Month-to-Month,No,Bank Withdrawal,1,Yes,35
Female,36,No,No,No,0,No,0,None,No,0,No,Yes,19,No,Yes,No,No,No,Yes,Yes,Yes,Month-to-Month,Yes,Credit Card,2,Yes,7
Female,58,No,No,No,0,No,0,None,Yes,32.13,No,Yes,15,No,No,No,No,Yes,No,No,No,Month-to-Month,No,Bank Withdrawal,2,Yes,1
Female,44,No,No,No,0,No,0,None,Yes,40.26,Yes,Yes,14,No,No,No,No,Yes,No,No,Yes,One Year,No,Bank Withdrawal,2,Yes,32
Male,44,No,No,No,0,No,0,None,Yes,16.06,No,Yes,3,No,No,No,No,Yes,Yes,Yes,Yes,Month-to-Month,Yes,Bank Withdrawal,2,Yes,1
Female,57,No,Yes,No,0,Yes,1,Offer D,Yes,25.79,Yes,Yes,12,Yes,No,Yes,No,Yes,No,No,Yes,Month-to-Month,No,Bank Withdrawal,1,Yes,17
Male,59,No,No,No,0,No,0,Offer D,Yes,20.26,No,Yes,25,No,Yes,Yes,No,No,No,No,Yes,Month-to-Month,Yes,Bank Withdrawal,1,Yes,19
Female,35,No,No,No,0,No,0,None,Yes,34.79,No,No,0,No,No,No,No,No,No,No,No,Month-to-Month,Yes,Credit Card,2,Yes,1
Female,26,No,No,No,0,No,0,None,Yes,35.25,No,Yes,30,No,No,Yes,No,No,No,No,Yes,Month-to-Month,Yes,Bank Withdrawal,1,Yes,1
Male,36,No,No,No,0,No,0,None,No,0,No,Yes,18,No,No,No,No,No,No,No,Yes,Month-to-Month,No,Bank Withdrawal,2,Yes,3
Female,25,No,Yes,No,0,Yes,1,None,Yes,28.86,No,Yes,26,No,Yes,Yes,No,No,No,No,Yes,Month-to-Month,No,Bank Withdrawal,1,Yes,2
Male,28,No,Yes,No,0,Yes,1,Offer B,Yes,8.8,No,Yes,48,Yes,Yes,No,Yes,No,No,No,No,Two Year,No,Bank Withdrawal,1,Yes,55
Female,50,No,Yes,No,0,Yes,3,Offer D,Yes,42.22,Yes,Yes,29,No,No,No,No,No,Yes,Yes,Yes,Month-to-Month,Yes,Bank Withdrawal,3,Yes,21
Female,42,No,Yes,No,0,Yes,1,None,Yes,37.2,Yes,Yes,27,No,Yes,Yes,No,Yes,Yes,Yes,Yes,Month-to-Month,Yes,Bank Withdrawal,2,Yes,69
Male,27,No,No,No,0,No,0,None,No,0,No,Yes,48,Yes,Yes,No,Yes,Yes,No,No,Yes,Month-to-Month,Yes,Credit Card,1,Yes,39
Male,47,No,Yes,No,0,Yes,1,None,Yes,26.91,No,Yes,6,No,Yes,No,No,No,Yes,Yes,Yes,Month-to-Month,Yes,Credit Card,1,Yes,6
Male,42,No,No,No,0,No,0,None,Yes,42.87,No,Yes,8,No,No,No,No,No,No,No,No,Month-to-Month,Yes,Credit Card,1,Yes,1
Male,31,No,Yes,No,0,Yes,1,Offer B,Yes,17.22,No,Yes,21,Yes,Yes,Yes,No,No,No,No,Yes,One Year,No,Credit Card,2,Yes,58
Male,56,No,No,Yes,3,No,0,None,No,0,No,Yes,57,No,No,No,No,No,No,No,Yes,Month-to-Month,No,Bank Withdrawal,1,Yes,1
Male,34,No,Yes,No,0,Yes,1,Offer D,Yes,28.04,Yes,Yes,22,No,No,Yes,Yes,Yes,Yes,Yes,Yes,Month-to-Month,No,Bank Withdrawal,3,Yes,19
Male,39,No,No,No,0,No,0,None,Yes,31.88,No,Yes,7,No,No,No,No,Yes,No,No,Yes,Month-to-Month,Yes,Bank Withdrawal,2,Yes,3
Female,24,No,No,No,0,No,0,Offer E,Yes,25.75,No,No,0,No,No,No,No,No,No,No,No,Month-to-Month,No,Credit Card,1,Yes,3
Male,29,No,No,No,0,No,0,Offer D,Yes,14.79,Yes,Yes,59,No,Yes,No,Yes,No,No,No,Yes,Month-to-Month,Yes,Credit Card,2,Yes,15
Male,35,No,Yes,No,0,Yes,1,Offer D,Yes,1.09,Yes,Yes,18,No,No,Yes,No,Yes,Yes,Yes,Yes,Month-to-Month,Yes,Bank Withdrawal,2,Yes,10
Female,39,No,No,No,0,No,0,Offer E,Yes,23.7,No,Yes,17,No,No,Yes,No,No,No,No,Yes,Month-to-Month,Yes,Mailed Check,3,Yes,1
Male,25,No,Yes,No,0,Yes,1,None,Yes,49.7,Yes,Yes,30,No,Yes,Yes,No,Yes,No,No,Yes,Month-to-Month,Yes,Bank Withdrawal,2,Yes,38
Female,45,No,No,No,0,No,0,Offer E,Yes,20.23,Yes,Yes,17,No,Yes,No,No,Yes,Yes,Yes,Yes,Month-to-Month,Yes,Credit Card,1,Yes,1
Female,44,No,No,No,0,No,0,Offer D,Yes,17.8,Yes,Yes,5,No,No,Yes,No,No,Yes,Yes,No,Month-to-Month,Yes,Bank Withdrawal,2,Yes,16
Male,51,No,No,No,0,No,0,Offer E,Yes,12.13,No,Yes,19,No,No,No,No,No,No,No,Yes,Month-to-Month,Yes,Bank Withdrawal,1,Yes,1
Male,44,No,No,No,0,No,0,Offer D,Yes,18.38,No,Yes,3,Yes,No,Yes,No,No,No,No,Yes,Month-to-Month,No,Bank Withdrawal,1,Yes,12
Male,27,No,No,No,0,No,0,Offer E,Yes,43.06,No,Yes,46,No,No,No,No,No,Yes,Yes,Yes,Month-to-Month,Yes,Bank Withdrawal,1,Yes,4
Female,22,No,No,No,0,No,0,Offer D,Yes,45.84,Yes,No,0,No,No,No,No,No,No,No,No,Month-to-Month,Yes,Credit Card,1,Yes,15
Female,21,No,No,No,0,No,0,Offer E,Yes,15.73,No,No,0,No,No,No,No,No,No,No,No,Month-to-Month,No,Mailed Check,3,Yes,1
Female,47,No,Yes,No,0,Yes,1,Offer E,Yes,33.46,No,Yes,12,No,No,No,No,No,No,No,No,Month-to-Month,Yes,Mailed Check,1,Yes,1
Female,62,No,No,No,0,No,0,Offer E,Yes,46.79,Yes,Yes,25,No,No,No,No,No,No,No,Yes,Month-to-Month,Yes,Bank Withdrawal,1,Yes,7
Female,58,No,No,No,0,No,0,Offer E,Yes,46.17,No,Yes,30,No,No,No,No,No,No,No,Yes,Month-to-Month,Yes,Bank Withdrawal,3,Yes,1
Female,34,No,No,No,0,No,0,Offer D,Yes,35.8,Yes,Yes,25,Yes,No,No,No,No,No,No,Yes,Month-to-Month,Yes,Bank Withdrawal,1,Yes,12
Male,40,No,No,No,0,No,0,Offer B,Yes,47.38,Yes,Yes,29,No,No,No,No,Yes,Yes,Yes,Yes,Month-to-Month,Yes,Bank Withdrawal,1,Yes,55
Female,57,No,No,No,0,No,0,Offer D,Yes,21.82,Yes,Yes,23,Yes,Yes,No,No,Yes,No,No,Yes,Month-to-Month,Yes,Bank Withdrawal,1,Yes,17
Female,27,No,No,No,0,No,0,None,Yes,1.63,No,Yes,59,No,Yes,No,No,Yes,No,No,No,Month-to-Month,No,Bank Withdrawal,1,Yes,1
Male,52,No,Yes,Yes,3,Yes,1,None,Yes,8.03,No,No,0,No,No,No,No,No,No,No,No,Month-to-Month,No,Bank Withdrawal,1,Yes,1
Male,33,No,Yes,No,0,Yes,1,Offer D,Yes,19.2,Yes,Yes,7,Yes,Yes,Yes,No,Yes,No,No,Yes,Month-to-Month,Yes,Bank Withdrawal,1,Yes,23
Female,39,No,No,No,0,No,0,None,Yes,24.45,No,Yes,27,No,No,Yes,Yes,No,No,No,Yes,Two Year,Yes,Bank Withdrawal,3,Yes,39
Male,30,No,Yes,No,0,Yes,1,None,Yes,31.67,Yes,Yes,59,No,No,Yes,No,No,No,No,No,Month-to-Month,Yes,Bank Withdrawal,3,Yes,9
Female,42,No,No,No,0,No,0,Offer D,Yes,42.83,Yes,Yes,21,No,Yes,No,No,No,No,No,Yes,Month-to-Month,Yes,Bank Withdrawal,3,Yes,15
Female,64,No,Yes,No,0,Yes,1,None,Yes,39.74,Yes,Yes,22,No,No,Yes,No,Yes,Yes,Yes,Yes,Month-to-Month,Yes,Bank Withdrawal,1,Yes,30
Male,64,No,No,No,0,No,0,None,Yes,45.86,No,Yes,27,No,No,No,No,No,No,No,Yes,Month-to-Month,Yes,Bank Withdrawal,2,Yes,1
Female,20,No,No,No,0,No,0,None,Yes,10.6,No,Yes,73,No,No,No,Yes,No,Yes,Yes,Yes,Month-to-Month,No,Bank Withdrawal,1,Yes,3
Male,49,No,Yes,No,0,No,0,None,Yes,42.77,Yes,Yes,3,Yes,No,Yes,No,Yes,Yes,Yes,Yes,Two Year,Yes,Bank Withdrawal,1,Yes,67
Male,25,No,Yes,No,0,Yes,1,None,Yes,43.67,No,Yes,73,No,No,No,No,Yes,No,Yes,No,Month-to-Month,Yes,Bank Withdrawal,1,Yes,1
Female,28,No,Yes,No,0,Yes,1,None,Yes,40.63,Yes,Yes,59,No,Yes,Yes,No,No,No,Yes,Yes,Month-to-Month,Yes,Bank Withdrawal,1,Yes,12
Female,25,No,No,No,0,No,0,None,Yes,29.07,No,Yes,52,No,Yes,No,No,No,Yes,Yes,Yes,Month-to-Month,Yes,Mailed Check,1,Yes,22
Male,58,No,No,No,0,No,0,None,Yes,11.75,No,Yes,4,No,No,No,No,No,No,No,Yes,Month-to-Month,Yes,Bank Withdrawal,2,Yes,2
Female,60,No,No,No,0,No,0,None,Yes,49.7,Yes,Yes,10,No,Yes,No,No,No,No,No,Yes,Month-to-Month,Yes,Bank Withdrawal,1,Yes,10
Male,30,No,No,No,0,No,0,None,Yes,46.77,No,No,0,No,No,No,No,No,No,No,No,Month-to-Month,No,Mailed Check,2,Yes,1
Female,32,No,No,No,0,No,0,None,Yes,3.95,No,Yes,30,Yes,No,No,No,No,No,No,No,Month-to-Month,Yes,Credit Card,1,Yes,22
Female,52,No,Yes,No,0,Yes,1,None,Yes,16.67,No,Yes,3,No,Yes,Yes,Yes,Yes,Yes,Yes,Yes,Month-to-Month,Yes,Bank Withdrawal,1,Yes,21
Female,26,No,No,No,0,No,0,None,Yes,5.16,No,Yes,59,No,No,Yes,Yes,Yes,Yes,Yes,Yes,Month-to-Month,Yes,Mailed Check,2,Yes,6
Male,31,No,Yes,No,0,Yes,1,None,Yes,34.87,Yes,Yes,8,Yes,Yes,Yes,Yes,Yes,Yes,Yes,Yes,One Year,Yes,Bank Withdrawal,2,Yes,72
Male,33,No,Yes,No,0,Yes,1,None,Yes,43.27,Yes,Yes,17,No,No,No,Yes,No,No,No,Yes,Month-to-Month,Yes,Bank Withdrawal,1,Yes,3
Male,44,No,No,No,0,No,0,None,Yes,19.49,No,Yes,10,No,No,Yes,No,Yes,Yes,Yes,No,Month-to-Month,Yes,Bank Withdrawal,1,Yes,8
Male,33,No,No,No,0,No,0,None,Yes,3.25,Yes,Yes,25,No,No,Yes,No,Yes,No,No,Yes,Month-to-Month,Yes,Bank Withdrawal,2,Yes,5
Female,54,No,Yes,Yes,2,Yes,1,None,Yes,28.73,No,No,0,No,No,No,No,No,No,No,No,Month-to-Month,No,Mailed Check,2,Yes,1
Female,32,No,No,No,0,No,0,None,Yes,41.37,Yes,Yes,28,No,No,No,No,No,No,No,Yes,Month-to-Month,Yes,Bank Withdrawal,2,Yes,2
Male,38,No,Yes,No,0,Yes,1,None,Yes,38.8,No,Yes,4,No,No,No,No,No,No,No,Yes,Month-to-Month,Yes,Bank Withdrawal,2,Yes,1
Male,56,No,Yes,No,0,Yes,1,Offer B,Yes,40.47,No,Yes,30,Yes,No,No,Yes,Yes,Yes,Yes,Yes,Two Year,Yes,Bank Withdrawal,1,Yes,65
Female,46,No,Yes,No,0,Yes,1,None,Yes,11.32,Yes,Yes,12,No,Yes,Yes,No,Yes,Yes,Yes,Yes,Month-to-Month,Yes,Bank Withdrawal,1,Yes,33
Female,21,No,No,No,0,No,0,None,Yes,20.03,No,Yes,59,Yes,No,No,No,Yes,No,Yes,No,Month-to-Month,No,Bank Withdrawal,1,Yes,15
Female,57,No,Yes,Yes,2,Yes,1,None,No,0,No,Yes,12,No,No,No,Yes,Yes,Yes,Yes,Yes,Month-to-Month,No,Credit Card,3,Yes,30
Female,23,No,No,No,0,No,0,None,Yes,28.02,No,No,0,No,No,No,No,No,No,No,No,Month-to-Month,No,Mailed Check,3,Yes,2
Female,37,No,No,No,0,No,0,None,Yes,38.28,Yes,Yes,18,No,No,No,No,No,No,No,Yes,Month-to-Month,No,Credit Card,1,Yes,2
Female,59,No,No,No,0,No,0,None,Yes,36.24,Yes,Yes,3,No,Yes,No,No,Yes,Yes,Yes,Yes,Month-to-Month,Yes,Bank Withdrawal,1,Yes,25
Male,56,No,No,No,0,No,0,Offer B,Yes,39.37,Yes,Yes,23,No,No,No,Yes,Yes,Yes,Yes,No,One Year,Yes,Bank Withdrawal,1,Yes,43
Male,58,No,Yes,No,0,Yes,5,None,Yes,43.28,No,Yes,12,No,Yes,No,Yes,Yes,Yes,Yes,Yes,Month-to-Month,Yes,Bank Withdrawal,1,Yes,10
Female,34,No,No,No,0,No,0,None,Yes,42.89,Yes,Yes,13,No,No,No,No,Yes,Yes,Yes,Yes,Month-to-Month,Yes,Bank Withdrawal,2,Yes,2
Male,50,No,No,No,0,No,0,None,Yes,2.52,No,Yes,24,No,Yes,Yes,Yes,Yes,Yes,Yes,Yes,One Year,Yes,Bank Withdrawal,3,Yes,69
Male,52,No,Yes,No,0,Yes,7,None,Yes,37.8,No,Yes,15,No,No,Yes,No,Yes,Yes,Yes,Yes,Month-to-Month,Yes,Credit Card,2,Yes,22
Female,63,No,No,No,0,No,0,Offer E,Yes,48.31,No,Yes,22,No,No,No,No,No,No,No,Yes,Month-to-Month,Yes,Mailed Check,3,Yes,1
Male,46,No,No,No,0,No,0,None,Yes,24.66,Yes,Yes,22,No,No,No,No,No,Yes,Yes,Yes,Month-to-Month,Yes,Bank Withdrawal,1,Yes,36
Male,41,No,No,No,0,No,0,Offer E,Yes,23.16,No,No,0,No,No,No,No,No,No,No,No,Month-to-Month,No,Mailed Check,1,Yes,1
Male,56,No,No,No,0,No,0,None,Yes,4.8,No,Yes,11,No,Yes,No,No,No,No,No,Yes,Month-to-Month,Yes,Bank Withdrawal,3,Yes,1
Male,58,No,No,No,0,No,0,Offer E,Yes,47.83,Yes,Yes,12,No,No,Yes,Yes,No,No,No,No,Month-to-Month,No,Mailed Check,2,Yes,1
Male,42,No,Yes,No,0,Yes,1,None,Yes,35.7,No,Yes,9,Yes,No,Yes,Yes,Yes,Yes,Yes,Yes,One Year,No,Credit Card,1,Yes,39
Male,43,No,No,No,0,No,0,Offer E,Yes,38.89,Yes,Yes,8,No,Yes,Yes,No,Yes,Yes,Yes,Yes,Month-to-Month,No,Mailed Check,3,Yes,5
Male,30,No,No,No,0,No,0,Offer E,Yes,17.22,Yes,Yes,30,No,No,No,No,No,No,No,Yes,Month-to-Month,Yes,Bank Withdrawal,1,Yes,2
Male,47,No,No,No,0,No,0,Offer E,Yes,7.31,No,Yes,18,No,No,No,Yes,No,No,No,Yes,Month-to-Month,Yes,Bank Withdrawal,1,Yes,5
Male,42,No,No,No,0,No,0,None,Yes,30.91,Yes,No,0,No,No,No,No,No,No,No,No,Month-to-Month,No,Credit Card,1,Yes,11
Female,22,No,Yes,No,0,Yes,1,Offer E,Yes,44.28,No,Yes,59,No,No,No,No,No,Yes,Yes,No,Month-to-Month,No,Bank Withdrawal,1,Yes,4
Male,26,No,No,No,0,No,0,Offer E,Yes,23.63,Yes,Yes,85,No,Yes,No,Yes,No,No,No,Yes,Month-to-Month,No,Mailed Check,1,Yes,1
Male,62,No,No,No,0,No,0,Offer E,Yes,23.96,No,Yes,22,No,No,No,No,Yes,No,No,Yes,Month-to-Month,Yes,Bank Withdrawal,2,Yes,1
Male,56,No,No,No,0,No,0,Offer E,Yes,6.47,No,Yes,21,No,No,No,No,No,No,No,Yes,Month-to-Month,Yes,Bank Withdrawal,2,Yes,2
Female,28,No,No,No,0,No,0,Offer E,Yes,46.6,No,Yes,76,No,No,No,No,Yes,No,No,Yes,Month-to-Month,Yes,Bank Withdrawal,1,Yes,3
Male,38,No,No,No,0,No,0,Offer B,No,0,No,Yes,4,No,Yes,Yes,No,Yes,Yes,Yes,Yes,One Year,Yes,Credit Card,2,Yes,44
Female,63,No,Yes,No,0,No,0,None,Yes,44.96,No,Yes,28,No,Yes,Yes,No,Yes,Yes,Yes,Yes,Month-to-Month,Yes,Credit Card,3,Yes,24
Male,58,No,No,No,0,No,0,None,Yes,38.87,Yes,Yes,7,No,Yes,No,No,No,No,No,No,Month-to-Month,Yes,Bank Withdrawal,2,Yes,18
Female,41,No,No,No,0,No,0,Offer E,Yes,10.19,No,Yes,9,No,No,No,No,No,No,No,Yes,Month-to-Month,No,Mailed Check,2,Yes,1
Female,25,No,Yes,No,0,Yes,1,Offer B,Yes,37.85,No,No,0,No,No,No,No,No,No,No,No,One Year,No,Bank Withdrawal,3,Yes,53
Female,48,No,No,No,0,No,0,None,Yes,15.07,No,Yes,16,No,No,No,No,No,No,No,Yes,Month-to-Month,Yes,Mailed Check,1,Yes,4
Female,27,No,No,No,0,No,0,None,Yes,24.81,No,Yes,69,No,Yes,No,Yes,Yes,No,No,No,Month-to-Month,No,Mailed Check,3,Yes,9
Female,60,No,No,No,0,No,0,None,Yes,12.19,Yes,Yes,23,No,No,No,Yes,Yes,No,No,Yes,Month-to-Month,Yes,Bank Withdrawal,2,Yes,22
Male,39,No,No,No,0,No,0,None,Yes,33.71,No,Yes,17,No,No,No,No,No,No,No,Yes,One Year,Yes,Bank Withdrawal,3,Yes,38
Male,62,No,No,No,0,No,0,Offer B,Yes,26.21,No,No,0,No,No,No,No,No,No,No,No,Two Year,No,Bank Withdrawal,3,Yes,53
Male,49,No,No,No,0,No,0,None,Yes,31.16,No,Yes,11,Yes,No,No,Yes,No,No,No,Yes,Month-to-Month,Yes,Bank Withdrawal,1,Yes,1
Female,40,No,No,No,0,No,0,None,Yes,12.92,No,Yes,12,No,No,No,No,Yes,No,No,No,Month-to-Month,Yes,Bank Withdrawal,1,Yes,16
Female,34,No,Yes,No,0,Yes,1,None,Yes,11.08,No,Yes,13,No,No,No,No,No,No,No,Yes,Month-to-Month,Yes,Bank Withdrawal,3,Yes,1
Female,44,No,No,No,0,No,0,None,Yes,46.45,Yes,Yes,10,No,No,No,No,Yes,Yes,Yes,Yes,Month-to-Month,Yes,Mailed Check,1,Yes,5
Female,39,No,Yes,No,0,Yes,1,None,Yes,38.67,Yes,Yes,13,No,Yes,No,No,No,Yes,Yes,No,Month-to-Month,Yes,Bank Withdrawal,2,Yes,31
Female,45,No,No,No,0,No,0,None,Yes,15.33,No,Yes,26,No,No,No,No,No,No,No,Yes,Month-to-Month,Yes,Bank Withdrawal,1,Yes,2
Female,26,No,Yes,No,0,Yes,1,None,Yes,36.29,Yes,Yes,27,No,No,Yes,No,Yes,Yes,Yes,Yes,Month-to-Month,Yes,Bank Withdrawal,1,Yes,37
Female,26,No,No,No,0,No,0,None,Yes,36.18,No,Yes,48,Yes,Yes,Yes,No,No,No,Yes,Yes,Month-to-Month,Yes,Credit Card,1,Yes,38
Male,37,No,No,No,0,No,0,None,Yes,8.38,No,Yes,2,Yes,Yes,Yes,No,Yes,Yes,Yes,Yes,Month-to-Month,Yes,Bank Withdrawal,1,Yes,10
Male,46,No,No,No,0,No,0,None,Yes,24.9,No,Yes,11,No,No,No,No,No,No,No,No,Month-to-Month,No,Mailed Check,1,Yes,2
Female,62,No,No,No,0,No,0,None,No,0,No,Yes,27,No,No,No,No,No,No,No,Yes,Month-to-Month,No,Bank Withdrawal,1,Yes,3
Female,21,No,No,No,0,No,0,None,Yes,41.72,Yes,Yes,69,No,Yes,Yes,No,No,No,Yes,Yes,Month-to-Month,No,Bank Withdrawal,3,Yes,4
Female,23,No,No,No,0,No,0,Offer E,Yes,44.11,No,Yes,69,No,Yes,No,No,No,No,Yes,Yes,Month-to-Month,Yes,Bank Withdrawal,1,Yes,1
Female,25,No,No,No,0,No,0,Offer E,Yes,1.49,Yes,Yes,51,No,Yes,No,No,Yes,No,Yes,Yes,Month-to-Month,Yes,Bank Withdrawal,3,Yes,5
Female,59,No,No,No,0,No,0,None,Yes,43.01,No,Yes,4,Yes,Yes,Yes,Yes,Yes,Yes,Yes,No,One Year,No,Bank Withdrawal,2,Yes,30
Female,47,No,No,No,0,No,0,Offer E,No,0,No,Yes,2,No,No,No,No,Yes,No,No,Yes,Month-to-Month,Yes,Bank Withdrawal,3,Yes,1
Male,54,No,Yes,No,0,Yes,1,None,Yes,19.19,No,Yes,22,Yes,No,Yes,No,Yes,No,No,Yes,Month-to-Month,Yes,Bank Withdrawal,1,Yes,17
Male,33,No,No,No,0,No,0,Offer E,Yes,15.12,No,No,0,No,No,No,No,No,No,No,No,Month-to-Month,Yes,Mailed Check,1,Yes,3
Male,55,No,Yes,Yes,3,Yes,1,Offer E,Yes,8.58,Yes,Yes,57,No,No,No,No,No,No,No,Yes,Month-to-Month,Yes,Bank Withdrawal,3,Yes,4
Male,25,No,No,No,0,No,0,Offer E,Yes,21.62,No,Yes,59,No,No,No,No,Yes,No,Yes,No,Month-to-Month,Yes,Bank Withdrawal,2,Yes,4
Male,55,No,No,No,0,No,0,None,Yes,40.17,Yes,Yes,27,No,No,Yes,No,Yes,Yes,Yes,Yes,Month-to-Month,Yes,Bank Withdrawal,1,Yes,26
Male,20,No,No,No,0,No,0,None,No,0,No,Yes,59,No,Yes,No,No,Yes,Yes,Yes,Yes,Month-to-Month,Yes,Mailed Check,2,Yes,5
Female,55,No,Yes,No,0,Yes,1,Offer E,Yes,21.81,Yes,Yes,14,No,Yes,No,No,Yes,No,No,Yes,Month-to-Month,Yes,Bank Withdrawal,2,Yes,4
Male,47,No,No,No,0,No,0,Offer E,Yes,1.13,No,Yes,6,No,No,No,No,Yes,Yes,Yes,Yes,Month-to-Month,Yes,Bank Withdrawal,3,Yes,1
Male,62,No,No,No,0,No,0,Offer E,Yes,38.53,No,Yes,20,No,No,No,No,No,No,No,Yes,Month-to-Month,No,Mailed Check,1,Yes,1
Female,55,No,Yes,Yes,1,Yes,1,Offer E,Yes,3.09,No,No,0,No,No,No,No,No,No,No,No,Month-to-Month,Yes,Credit Card,2,Yes,1
Female,48,No,No,No,0,No,0,None,Yes,17.53,Yes,Yes,15,No,No,No,No,No,No,No,Yes,Month-to-Month,Yes,Bank Withdrawal,2,Yes,26
Female,23,No,No,No,0,No,0,Offer E,No,0,No,Yes,71,No,No,Yes,No,Yes,Yes,Yes,Yes,Month-to-Month,Yes,Bank Withdrawal,1,Yes,6
Female,57,No,No,No,0,No,0,Offer E,Yes,3.64,Yes,Yes,25,No,No,No,Yes,Yes,No,No,Yes,Month-to-Month,Yes,Bank Withdrawal,1,Yes,3
Male,44,No,No,No,0,No,0,Offer E,No,0,No,Yes,21,No,Yes,No,Yes,No,No,No,Yes,Month-to-Month,Yes,Mailed Check,1,Yes,3
Female,31,No,No,No,0,No,0,Offer E,Yes,4.41,No,Yes,30,No,No,No,No,No,No,No,Yes,Month-to-Month,Yes,Bank Withdrawal,3,Yes,1
Male,38,No,No,No,0,No,0,Offer D,No,0,No,Yes,6,No,No,Yes,No,Yes,Yes,Yes,No,Month-to-Month,Yes,Bank Withdrawal,1,Yes,14
Female,57,No,No,No,0,No,0,Offer B,Yes,14.99,No,Yes,12,Yes,Yes,Yes,No,Yes,Yes,Yes,Yes,One Year,Yes,Bank Withdrawal,1,Yes,58
Female,23,No,No,No,0,No,0,Offer D,Yes,35.7,No,Yes,26,Yes,No,No,No,Yes,Yes,Yes,Yes,Month-to-Month,Yes,Bank Withdrawal,1,Yes,18
Female,35,No,No,No,0,No,0,Offer E,Yes,18.99,Yes,Yes,23,No,No,No,No,No,No,No,Yes,Month-to-Month,Yes,Bank Withdrawal,2,Yes,7
Male,55,No,No,No,0,No,0,Offer D,Yes,4.3,No,Yes,23,No,No,Yes,Yes,No,No,No,No,Month-to-Month,Yes,Credit Card,2,Yes,19
Male,35,No,Yes,No,0,Yes,1,Offer D,Yes,9.14,Yes,Yes,19,No,No,No,No,No,No,No,Yes,Month-to-Month,Yes,Bank Withdrawal,2,Yes,11
Female,35,No,Yes,No,0,Yes,1,None,Yes,9.51,No,Yes,7,Yes,No,Yes,Yes,Yes,Yes,Yes,Yes,One Year,Yes,Credit Card,2,Yes,39
Female,60,No,No,No,0,No,0,Offer D,Yes,40.66,Yes,Yes,8,Yes,No,No,No,No,No,No,Yes,Month-to-Month,Yes,Mailed Check,2,Yes,15
Female,57,No,No,No,0,No,0,None,Yes,6.17,No,No,0,No,No,No,No,No,No,No,No,Month-to-Month,No,Credit Card,1,Yes,5
Female,57,No,No,No,0,No,0,Offer E,Yes,15.92,No,Yes,11,No,No,No,No,No,No,No,Yes,Month-to-Month,Yes,Bank Withdrawal,1,Yes,1
Male,53,No,No,No,0,No,0,Offer E,Yes,16.58,No,Yes,17,No,No,Yes,No,Yes,Yes,Yes,No,Month-to-Month,No,Mailed Check,2,Yes,6
Female,56,No,No,No,0,No,0,Offer E,Yes,29.04,No,Yes,21,No,No,No,No,Yes,No,No,Yes,Month-to-Month,Yes,Mailed Check,2,Yes,2
Female,48,No,No,No,0,No,0,None,Yes,43.52,No,No,0,No,No,No,No,No,No,No,No,Month-to-Month,Yes,Bank Withdrawal,2,Yes,1
Male,30,No,Yes,No,0,No,0,None,Yes,23.51,Yes,Yes,52,Yes,No,Yes,No,Yes,Yes,Yes,Yes,Two Year,Yes,Credit Card,2,Yes,66
Female,54,No,No,No,0,No,0,None,Yes,13.35,Yes,Yes,7,No,Yes,No,No,Yes,Yes,Yes,No,Month-to-Month,Yes,Bank Withdrawal,1,Yes,36
Female,50,No,Yes,No,0,Yes,3,None,No,0,No,Yes,13,Yes,No,Yes,No,Yes,Yes,Yes,Yes,Month-to-Month,No,Bank Withdrawal,1,Yes,39
Male,25,No,No,No,0,No,0,Offer D,Yes,12.76,Yes,Yes,48,No,Yes,No,No,No,No,Yes,Yes,Month-to-Month,Yes,Bank Withdrawal,1,Yes,21
Male,34,No,No,No,0,No,0,Offer E,No,0,No,Yes,8,No,Yes,Yes,Yes,No,No,No,Yes,Month-to-Month,Yes,Credit Card,3,Yes,2
Female,42,No,No,No,0,No,0,Offer E,Yes,29.11,Yes,Yes,9,No,No,No,No,No,No,No,Yes,Month-to-Month,No,Bank Withdrawal,1,Yes,4
Male,37,No,No,No,0,No,0,None,Yes,25.51,No,Yes,16,No,No,Yes,No,Yes,No,No,Yes,One Year,Yes,Bank Withdrawal,1,Yes,35
Female,48,No,Yes,No,0,Yes,5,None,Yes,20.02,No,Yes,27,No,No,Yes,No,Yes,Yes,Yes,Yes,One Year,Yes,Bank Withdrawal,3,Yes,33
Male,49,No,No,No,0,No,0,Offer B,Yes,25.4,No,No,0,No,No,No,No,No,No,No,No,One Year,Yes,Bank Withdrawal,3,Yes,45
Male,47,No,No,No,0,No,0,Offer E,No,0,No,Yes,14,No,Yes,No,No,No,No,No,Yes,Month-to-Month,Yes,Credit Card,1,Yes,6
Female,62,No,No,Yes,3,No,0,Offer D,Yes,33.06,No,No,0,No,No,No,No,No,No,No,No,Month-to-Month,No,Credit Card,2,Yes,11
Female,53,No,No,No,0,No,0,Offer E,Yes,26.06,No,Yes,3,No,No,Yes,No,No,No,No,Yes,Month-to-Month,No,Bank Withdrawal,1,Yes,1
Female,62,No,No,No,0,No,0,Offer E,Yes,48.22,No,No,0,No,No,No,No,No,No,No,No,Month-to-Month,No,Mailed Check,2,Yes,7
Male,40,No,No,No,0,No,0,Offer E,Yes,29.63,No,Yes,15,No,No,No,No,No,No,No,Yes,Month-to-Month,No,Bank Withdrawal,1,Yes,1
Male,24,No,Yes,No,0,Yes,4,Offer E,Yes,36.14,No,Yes,85,Yes,No,No,No,No,No,Yes,Yes,One Year,Yes,Bank Withdrawal,1,Yes,7
Female,64,No,Yes,No,0,Yes,1,Offer D,Yes,25.67,Yes,Yes,18,No,No,No,No,Yes,Yes,Yes,Yes,Month-to-Month,Yes,Bank Withdrawal,1,Yes,11
Male,53,No,No,No,0,No,0,None,Yes,22.66,Yes,Yes,27,Yes,Yes,Yes,Yes,Yes,Yes,Yes,Yes,One Year,Yes,Bank Withdrawal,1,Yes,67
Male,55,No,No,No,0,No,0,Offer E,No,0,No,Yes,4,Yes,No,No,No,No,No,No,No,Month-to-Month,Yes,Bank Withdrawal,1,Yes,8
Female,19,No,Yes,No,0,Yes,4,None,Yes,11.24,Yes,Yes,59,No,No,No,No,Yes,Yes,Yes,Yes,Month-to-Month,Yes,Bank Withdrawal,2,Yes,44
Female,38,No,Yes,No,0,Yes,1,Offer D,Yes,4.91,Yes,Yes,15,Yes,No,Yes,No,Yes,Yes,Yes,Yes,Month-to-Month,Yes,Bank Withdrawal,1,Yes,17
Male,39,No,No,No,0,No,0,None,Yes,20.34,No,Yes,7,No,No,No,No,No,Yes,Yes,Yes,Month-to-Month,Yes,Bank Withdrawal,3,Yes,9
Female,21,No,No,No,0,No,0,None,Yes,39.21,No,Yes,42,No,No,No,No,Yes,No,Yes,No,Month-to-Month,Yes,Mailed Check,2,Yes,7
Male,48,No,No,No,0,No,0,None,Yes,35.64,No,Yes,6,No,No,No,Yes,Yes,Yes,Yes,Yes,Month-to-Month,Yes,Bank Withdrawal,2,Yes,3
Male,39,No,No,No,0,No,0,Offer D,Yes,39.58,No,Yes,12,No,Yes,Yes,No,Yes,No,No,Yes,Month-to-Month,Yes,Bank Withdrawal,2,Yes,22
Male,61,No,Yes,No,0,Yes,1,None,No,0,No,Yes,13,No,Yes,Yes,Yes,Yes,Yes,Yes,Yes,One Year,Yes,Bank Withdrawal,2,Yes,53
Female,58,No,Yes,No,0,Yes,1,None,Yes,29,Yes,Yes,30,No,No,No,No,No,Yes,Yes,Yes,Month-to-Month,Yes,Bank Withdrawal,1,Yes,8
Female,27,No,Yes,No,0,Yes,1,None,Yes,8.5,No,Yes,59,No,Yes,No,No,No,No,Yes,Yes,Month-to-Month,Yes,Bank Withdrawal,1,Yes,2
Female,24,No,Yes,No,0,Yes,1,None,Yes,11.35,No,No,0,No,No,No,No,No,No,No,No,Month-to-Month,No,Bank Withdrawal,3,Yes,8
Female,31,No,Yes,No,0,Yes,1,None,No,0,No,Yes,22,No,Yes,Yes,No,No,No,No,Yes,One Year,No,Mailed Check,2,Yes,48
Female,47,No,Yes,No,0,Yes,1,None,Yes,16.88,No,Yes,6,No,Yes,Yes,No,Yes,Yes,Yes,Yes,Month-to-Month,No,Bank Withdrawal,2,Yes,8
Male,20,No,No,No,0,No,0,Offer D,Yes,5.54,Yes,Yes,59,No,No,Yes,No,Yes,No,No,Yes,Month-to-Month,Yes,Bank Withdrawal,1,Yes,20
Female,44,No,No,No,0,No,0,None,Yes,8.32,No,Yes,16,No,No,No,No,Yes,No,No,Yes,Month-to-Month,Yes,Bank Withdrawal,3,Yes,2
Female,48,No,No,No,0,No,0,None,Yes,11.09,Yes,Yes,6,No,No,No,No,Yes,Yes,Yes,Yes,Month-to-Month,Yes,Mailed Check,2,Yes,27
Male,63,No,Yes,No,0,Yes,1,None,Yes,46.59,Yes,Yes,26,No,No,Yes,Yes,No,Yes,Yes,No,Two Year,Yes,Bank Withdrawal,3,Yes,52
Male,52,No,No,No,0,No,0,Offer A,Yes,20.44,Yes,Yes,3,No,Yes,No,Yes,Yes,Yes,Yes,Yes,One Year,Yes,Bank Withdrawal,3,Yes,69
Male,20,No,No,Yes,1,No,0,None,Yes,8.08,No,Yes,76,Yes,Yes,No,No,No,No,No,Yes,Month-to-Month,Yes,Mailed Check,1,Yes,40
Female,53,No,No,No,0,No,0,None,Yes,1.15,Yes,Yes,3,No,Yes,No,No,Yes,No,No,Yes,Month-to-Month,Yes,Bank Withdrawal,1,Yes,6
Male,60,No,No,No,0,No,0,Offer D,Yes,15.03,Yes,Yes,13,No,No,Yes,No,No,No,No,Yes,Month-to-Month,No,Bank Withdrawal,1,Yes,11
Female,43,No,No,No,0,No,0,None,Yes,2.6,No,Yes,22,No,No,No,No,Yes,Yes,Yes,Yes,Month-to-Month,No,Bank Withdrawal,1,Yes,6
Female,21,No,Yes,No,0,Yes,5,None,Yes,23.26,Yes,Yes,42,No,No,No,No,Yes,Yes,Yes,No,Month-to-Month,Yes,Bank Withdrawal,1,Yes,3
Male,51,No,Yes,No,0,Yes,1,None,Yes,47.91,No,Yes,23,Yes,No,No,No,No,No,No,Yes,Month-to-Month,Yes,Bank Withdrawal,2,Yes,8
Female,57,No,No,No,0,No,0,None,Yes,22.48,No,Yes,5,No,No,No,No,Yes,No,No,Yes,Month-to-Month,Yes,Bank Withdrawal,3,Yes,1
Female,53,No,Yes,No,0,Yes,1,None,Yes,39.79,No,Yes,7,No,No,No,No,Yes,No,No,Yes,Month-to-Month,Yes,Mailed Check,3,Yes,1
Male,25,No,Yes,No,0,Yes,1,None,Yes,4,Yes,Yes,48,No,No,Yes,No,No,Yes,Yes,Yes,Month-to-Month,Yes,Bank Withdrawal,1,Yes,29
Male,59,No,Yes,No,0,Yes,1,None,Yes,14.09,Yes,Yes,25,No,No,No,No,No,Yes,Yes,No,Month-to-Month,Yes,Bank Withdrawal,2,Yes,19
Female,62,No,Yes,No,0,Yes,1,None,Yes,31.7,No,No,0,No,No,No,No,No,No,No,No,Month-to-Month,No,Bank Withdrawal,3,Yes,6
Male,58,No,No,No,0,No,0,None,Yes,6.44,No,Yes,4,No,No,No,Yes,No,No,No,Yes,Month-to-Month,No,Mailed Check,1,Yes,1
Male,31,No,No,No,0,No,0,Offer E,Yes,11.73,No,Yes,24,No,No,No,No,No,No,No,Yes,Month-to-Month,Yes,Bank Withdrawal,1,Yes,1
Female,49,No,No,No,0,No,0,Offer E,Yes,48.89,No,Yes,22,No,No,No,Yes,No,No,No,Yes,Month-to-Month,Yes,Bank Withdrawal,2,Yes,6
Male,59,No,Yes,Yes,3,Yes,1,None,Yes,31.14,No,No,0,No,No,No,No,No,No,No,No,Month-to-Month,Yes,Bank Withdrawal,1,Yes,15
Female,19,No,Yes,No,0,Yes,1,Offer C,No,0,No,Yes,82,No,No,No,No,Yes,No,No,Yes,Month-to-Month,Yes,Bank Withdrawal,1,Yes,25
Female,52,No,Yes,No,0,Yes,1,None,Yes,17.83,No,Yes,10,No,No,No,No,Yes,Yes,Yes,Yes,Month-to-Month,No,Bank Withdrawal,2,Yes,13
Female,38,No,Yes,No,0,Yes,1,None,Yes,6.45,Yes,Yes,10,No,Yes,Yes,Yes,Yes,Yes,Yes,Yes,Two Year,Yes,Bank Withdrawal,2,Yes,49
Female,26,No,No,No,0,No,0,Offer C,Yes,3.27,No,Yes,71,No,No,No,No,Yes,Yes,Yes,Yes,Month-to-Month,Yes,Bank Withdrawal,1,Yes,37
Male,49,No,No,No,0,No,0,Offer C,Yes,6.24,No,Yes,25,No,Yes,Yes,No,Yes,No,No,Yes,Month-to-Month,No,Bank Withdrawal,1,Yes,26
Female,61,No,No,No,0,No,0,None,Yes,34.81,No,Yes,16,No,No,Yes,No,Yes,Yes,Yes,Yes,One Year,No,Mailed Check,2,Yes,12
Male,64,No,Yes,No,0,Yes,3,Offer E,Yes,36.88,Yes,Yes,8,Yes,No,Yes,No,No,No,No,Yes,Month-to-Month,Yes,Bank Withdrawal,1,Yes,5
Male,26,No,No,No,0,No,0,None,Yes,28.59,Yes,Yes,26,No,No,Yes,No,No,Yes,Yes,Yes,Month-to-Month,Yes,Credit Card,1,Yes,18
Female,20,No,No,No,0,No,0,None,Yes,43.47,Yes,Yes,82,Yes,No,Yes,No,Yes,Yes,Yes,Yes,One Year,Yes,Bank Withdrawal,3,Yes,54
Female,39,No,No,No,0,No,0,None,Yes,5.63,Yes,Yes,26,No,No,No,No,No,No,No,Yes,Month-to-Month,Yes,Bank Withdrawal,1,Yes,10
Female,20,No,No,No,0,No,0,None,Yes,22.82,No,Yes,27,No,No,No,Yes,No,No,No,Yes,Month-to-Month,Yes,Bank Withdrawal,2,Yes,1
Male,42,No,No,No,0,No,0,Offer E,Yes,39.03,No,Yes,30,No,No,No,No,Yes,No,No,No,Month-to-Month,Yes,Bank Withdrawal,1,Yes,2
Male,62,No,Yes,No,0,Yes,1,Offer C,Yes,22.57,Yes,Yes,11,No,No,Yes,No,No,No,No,Yes,Month-to-Month,Yes,Bank Withdrawal,3,Yes,32
Male,22,No,No,No,0,No,0,Offer C,Yes,43.97,Yes,Yes,42,No,No,No,No,No,Yes,Yes,Yes,Month-to-Month,Yes,Bank Withdrawal,3,Yes,36
Male,38,No,No,No,0,No,0,None,Yes,16.43,Yes,Yes,29,No,No,No,No,Yes,No,No,Yes,Month-to-Month,No,Bank Withdrawal,1,Yes,53
Male,46,No,Yes,Yes,1,Yes,4,Offer E,Yes,45.77,No,No,0,No,No,No,No,No,No,No,No,Month-to-Month,No,Mailed Check,1,Yes,1
Female,48,No,No,No,0,No,0,None,Yes,27.12,No,Yes,23,No,No,No,No,No,No,No,Yes,Month-to-Month,Yes,Bank Withdrawal,3,Yes,1
Female,61,No,No,No,0,No,0,Offer E,Yes,20.2,No,Yes,23,No,No,No,No,Yes,No,No,No,Month-to-Month,Yes,Credit Card,2,Yes,5
Male,61,No,No,No,0,No,0,Offer E,Yes,39.32,No,Yes,12,No,Yes,No,No,Yes,No,No,Yes,Month-to-Month,Yes,Bank Withdrawal,2,Yes,6
Male,30,No,No,No,0,No,0,None,Yes,24.23,Yes,Yes,73,No,Yes,No,Yes,Yes,Yes,Yes,Yes,One Year,Yes,Credit Card,1,Yes,64
Male,40,No,No,No,0,No,0,None,Yes,12.54,No,Yes,20,No,No,No,No,No,Yes,Yes,Yes,Month-to-Month,Yes,Bank Withdrawal,1,Yes,13
Female,62,No,Yes,No,0,Yes,3,Offer E,Yes,26.51,No,Yes,18,No,No,No,No,Yes,Yes,Yes,Yes,Month-to-Month,No,Bank Withdrawal,2,Yes,9
Male,49,No,No,No,0,No,0,None,Yes,33.75,Yes,Yes,11,No,No,No,No,Yes,Yes,Yes,No,Month-to-Month,Yes,Credit Card,2,Yes,10
Female,39,No,No,No,0,No,0,Offer E,Yes,41.64,No,Yes,25,No,No,Yes,Yes,Yes,Yes,Yes,Yes,Month-to-Month,No,Bank Withdrawal,2,Yes,2
Male,35,No,Yes,No,0,No,0,Offer E,Yes,19.18,No,Yes,27,No,Yes,Yes,No,No,No,No,Yes,Month-to-Month,Yes,Bank Withdrawal,2,Yes,9
Female,57,No,Yes,No,0,Yes,1,Offer A,Yes,42.67,Yes,Yes,24,Yes,No,Yes,Yes,No,No,No,Yes,Two Year,No,Credit Card,1,Yes,70
Male,43,No,No,No,0,No,0,Offer E,Yes,17.25,No,No,0,No,No,No,No,No,No,No,No,Month-to-Month,No,Mailed Check,2,Yes,1
Male,25,No,No,No,0,No,0,None,Yes,22.3,Yes,Yes,51,No,No,No,No,Yes,No,No,No,Month-to-Month,Yes,Mailed Check,1,Yes,1
Female,46,No,No,No,0,No,0,None,No,0,No,Yes,16,No,Yes,No,No,No,No,No,Yes,Month-to-Month,Yes,Bank Withdrawal,2,Yes,13
Male,56,No,No,No,0,No,0,None,Yes,34.49,No,Yes,22,Yes,No,No,No,No,No,No,Yes,Month-to-Month,Yes,Mailed Check,1,Yes,7
Female,27,No,Yes,Yes,3,No,0,None,Yes,40.42,No,Yes,59,No,No,No,No,No,No,No,Yes,Month-to-Month,Yes,Bank Withdrawal,2,Yes,1
Female,31,No,No,No,0,No,0,None,Yes,28.92,No,Yes,16,No,No,No,No,Yes,No,No,Yes,Month-to-Month,Yes,Bank Withdrawal,2,Yes,7
Male,43,No,No,Yes,2,No,0,None,Yes,6.7,Yes,Yes,16,No,Yes,No,No,No,No,No,Yes,Month-to-Month,Yes,Credit Card,1,Yes,54
Male,33,No,Yes,No,0,Yes,3,Offer C,Yes,33.32,No,Yes,4,No,No,Yes,Yes,Yes,Yes,Yes,Yes,One Year,Yes,Mailed Check,1,Yes,33
Female,38,No,Yes,No,0,Yes,5,None,Yes,19.41,Yes,Yes,4,No,No,Yes,No,No,No,No,Yes,Month-to-Month,Yes,Bank Withdrawal,2,Yes,55
Female,35,No,No,No,0,No,0,None,Yes,32.31,No,Yes,6,Yes,No,No,No,Yes,No,No,Yes,Month-to-Month,No,Bank Withdrawal,1,Yes,8
Male,40,No,No,No,0,No,0,None,Yes,44.94,No,Yes,25,No,No,No,Yes,No,No,No,Yes,Month-to-Month,Yes,Bank Withdrawal,2,Yes,11
Male,57,No,Yes,No,0,Yes,2,None,No,0,No,Yes,5,No,Yes,No,No,Yes,Yes,Yes,No,One Year,Yes,Bank Withdrawal,2,Yes,49
Female,56,No,No,Yes,1,No,0,None,Yes,23.89,No,Yes,14,No,No,No,No,No,No,No,Yes,Month-to-Month,No,Mailed Check,1,Yes,5
Male,39,No,No,No,0,No,0,None,Yes,9.98,Yes,Yes,13,No,No,No,No,No,No,No,Yes,Month-to-Month,No,Credit Card,1,Yes,4
Male,52,No,Yes,No,0,Yes,1,Offer C,Yes,28.85,Yes,Yes,6,Yes,Yes,No,No,Yes,No,No,No,Month-to-Month,Yes,Bank Withdrawal,1,Yes,30
Female,34,No,No,No,0,No,0,None,Yes,2.24,No,Yes,6,No,No,No,No,No,No,No,Yes,Month-to-Month,Yes,Mailed Check,3,Yes,1
Male,43,No,No,No,0,No,0,None,No,0,No,Yes,9,No,No,No,No,Yes,No,No,Yes,Month-to-Month,Yes,Credit Card,1,Yes,9
Female,53,No,No,No,0,No,0,None,Yes,22.86,No,Yes,24,No,No,No,No,No,Yes,Yes,Yes,Month-to-Month,Yes,Bank Withdrawal,3,Yes,1
Female,25,No,Yes,Yes,2,Yes,1,None,Yes,37.92,No,No,0,No,No,No,No,No,No,No,No,Month-to-Month,No,Credit Card,3,Yes,1
Female,39,No,No,No,0,No,0,None,Yes,41.23,Yes,Yes,28,No,No,Yes,Yes,Yes,Yes,Yes,Yes,Two Year,Yes,Bank Withdrawal,3,Yes,61
Male,47,No,Yes,No,0,Yes,7,None,Yes,49.31,Yes,Yes,21,Yes,Yes,Yes,Yes,Yes,No,No,No,Month-to-Month,Yes,Bank Withdrawal,1,Yes,59
Female,56,No,No,No,0,No,0,None,Yes,16.15,No,Yes,13,No,No,No,No,Yes,Yes,Yes,Yes,Month-to-Month,Yes,Bank Withdrawal,3,Yes,3
Female,40,No,No,No,0,No,0,None,Yes,30.18,No,Yes,7,No,Yes,No,Yes,Yes,Yes,Yes,Yes,Month-to-Month,Yes,Bank Withdrawal,3,Yes,3
Male,62,No,No,No,0,No,0,None,Yes,48.22,No,Yes,22,No,No,No,No,No,Yes,Yes,Yes,Month-to-Month,Yes,Credit Card,1,Yes,1
Male,61,No,No,No,0,No,0,None,Yes,30.88,No,Yes,3,No,Yes,Yes,No,No,No,No,Yes,Month-to-Month,Yes,Bank Withdrawal,2,Yes,13
Female,46,No,Yes,No,0,Yes,1,None,No,0,No,Yes,30,No,No,Yes,No,Yes,No,No,Yes,Month-to-Month,Yes,Bank Withdrawal,3,Yes,18
Female,61,No,No,No,0,No,0,None,Yes,1.59,No,Yes,14,No,No,No,No,Yes,No,No,Yes,Month-to-Month,Yes,Credit Card,1,Yes,1
Female,38,No,Yes,No,0,Yes,1,Offer A,Yes,5.48,Yes,Yes,14,Yes,Yes,Yes,Yes,No,No,No,Yes,Two Year,No,Bank Withdrawal,1,Yes,70
Male,48,No,Yes,No,0,Yes,1,Offer A,Yes,23.67,Yes,Yes,22,Yes,Yes,Yes,Yes,Yes,Yes,Yes,Yes,Two Year,Yes,Bank Withdrawal,1,Yes,68
Male,42,No,Yes,No,0,Yes,3,Offer D,Yes,11.5,Yes,Yes,27,No,Yes,No,No,No,No,No,Yes,Month-to-Month,Yes,Bank Withdrawal,1,Yes,11
Male,61,No,No,No,0,No,0,None,Yes,49.2,No,No,0,No,No,No,No,No,No,No,No,Month-to-Month,Yes,Credit Card,3,Yes,1
Male,60,No,No,No,0,No,0,None,Yes,4.18,No,Yes,8,No,No,Yes,No,No,No,No,No,Month-to-Month,Yes,Credit Card,3,Yes,1
Female,52,No,No,No,0,No,0,None,Yes,45.2,No,Yes,17,No,No,Yes,Yes,No,No,No,Yes,Two Year,No,Credit Card,3,Yes,46
Male,32,No,No,No,0,No,0,None,Yes,49.14,No,Yes,15,No,No,No,No,Yes,Yes,Yes,Yes,Month-to-Month,Yes,Bank Withdrawal,3,Yes,4
Male,54,No,Yes,No,0,Yes,1,None,Yes,17.47,No,Yes,6,No,Yes,Yes,Yes,Yes,No,No,Yes,Month-to-Month,Yes,Credit Card,2,Yes,9
Male,49,No,Yes,No,0,Yes,9,None,Yes,35.42,No,Yes,3,No,No,No,No,No,No,No,Yes,Month-to-Month,Yes,Bank Withdrawal,2,Yes,7
Female,22,No,No,No,0,No,0,Offer E,Yes,6.54,No,Yes,52,Yes,No,No,No,No,No,No,Yes,Month-to-Month,Yes,Credit Card,1,Yes,1
Male,29,No,Yes,No,0,Yes,1,Offer C,Yes,26.03,Yes,Yes,47,No,Yes,No,No,No,No,No,Yes,Month-to-Month,Yes,Bank Withdrawal,3,Yes,29
Female,30,No,No,No,0,No,0,Offer E,Yes,47.51,Yes,Yes,85,No,No,No,No,No,No,No,Yes,Month-to-Month,Yes,Bank Withdrawal,2,Yes,3
Male,28,No,No,No,0,No,0,Offer E,Yes,10.98,No,No,0,No,No,No,No,No,No,No,No,Month-to-Month,Yes,Bank Withdrawal,1,Yes,1
Female,39,No,Yes,No,0,Yes,1,Offer E,Yes,35.18,Yes,Yes,13,No,No,No,No,No,No,No,Yes,Month-to-Month,Yes,Credit Card,1,Yes,3
Male,49,No,No,No,0,No,0,Offer D,Yes,16.28,Yes,Yes,2,No,No,Yes,Yes,Yes,Yes,Yes,Yes,Month-to-Month,Yes,Credit Card,1,Yes,23
Female,28,No,No,No,0,No,0,Offer D,Yes,17.02,Yes,Yes,41,Yes,Yes,No,No,Yes,No,No,Yes,Month-to-Month,Yes,Bank Withdrawal,1,Yes,13
Female,52,No,No,No,0,No,0,Offer C,Yes,34.74,Yes,Yes,28,No,Yes,Yes,No,Yes,Yes,Yes,Yes,Month-to-Month,Yes,Bank Withdrawal,2,Yes,39
Female,33,No,Yes,Yes,1,Yes,1,None,Yes,7.49,No,No,0,No,No,No,No,No,No,No,No,Month-to-Month,Yes,Bank Withdrawal,3,Yes,1
Male,53,No,Yes,No,0,Yes,1,Offer D,No,0,No,Yes,12,No,No,No,No,Yes,Yes,Yes,Yes,Month-to-Month,No,Bank Withdrawal,3,Yes,14
Male,62,No,No,No,0,No,0,None,Yes,17.61,No,No,0,No,No,No,No,No,No,No,No,Month-to-Month,No,Bank Withdrawal,2,Yes,1
Male,40,No,No,No,0,No,0,None,Yes,19.32,No,Yes,22,No,No,No,No,No,Yes,Yes,Yes,Month-to-Month,No,Bank Withdrawal,3,Yes,1
Male,23,No,No,No,0,No,0,None,Yes,44.56,No,Yes,27,No,No,No,Yes,No,No,No,Yes,Month-to-Month,Yes,Bank Withdrawal,3,Yes,1
Male,53,No,Yes,No,0,Yes,1,None,Yes,35.15,No,Yes,14,No,No,Yes,No,No,No,No,No,Month-to-Month,No,Bank Withdrawal,3,Yes,1
Male,35,No,No,Yes,7,No,0,None,Yes,12.81,No,No,0,No,No,No,No,No,No,No,No,Month-to-Month,No,Credit Card,3,Yes,1
Female,58,No,Yes,No,0,Yes,1,None,Yes,10.73,Yes,Yes,22,No,No,Yes,Yes,No,No,No,Yes,Month-to-Month,Yes,Bank Withdrawal,3,Yes,42
Female,63,No,No,No,0,No,0,None,Yes,26.09,No,Yes,2,No,No,No,No,Yes,No,No,Yes,Month-to-Month,Yes,Bank Withdrawal,2,Yes,7
Female,27,No,No,No,0,No,0,Offer E,Yes,23,No,Yes,59,No,No,No,No,No,No,No,Yes,Month-to-Month,Yes,Bank Withdrawal,1,Yes,1
Female,31,No,Yes,Yes,2,Yes,1,Offer D,Yes,18.26,Yes,No,0,No,No,No,No,No,No,No,No,Month-to-Month,No,Credit Card,1,Yes,17
Female,64,No,No,Yes,2,No,0,Offer E,Yes,43.48,No,Yes,16,Yes,Yes,No,Yes,No,No,No,No,Month-to-Month,Yes,Bank Withdrawal,1,Yes,1
Male,47,No,No,No,0,No,0,Offer E,Yes,24.76,Yes,Yes,2,No,No,No,No,No,Yes,Yes,Yes,Month-to-Month,Yes,Bank Withdrawal,3,Yes,8
Female,35,No,No,No,0,No,0,Offer C,No,0,No,Yes,4,No,No,Yes,No,Yes,Yes,Yes,Yes,Month-to-Month,Yes,Bank Withdrawal,3,Yes,39
Male,48,No,Yes,No,0,Yes,1,Offer D,Yes,27.24,No,Yes,21,Yes,No,No,Yes,No,No,No,Yes,Month-to-Month,Yes,Bank Withdrawal,2,Yes,22
Female,21,No,Yes,No,0,Yes,1,Offer A,Yes,41.88,Yes,Yes,59,No,Yes,Yes,Yes,Yes,Yes,Yes,No,One Year,Yes,Bank Withdrawal,2,Yes,70
Male,45,No,Yes,No,0,Yes,1,Offer D,Yes,42.65,Yes,Yes,3,No,Yes,Yes,No,Yes,Yes,Yes,Yes,Month-to-Month,No,Bank Withdrawal,2,Yes,21
Female,39,No,No,No,0,No,0,Offer E,Yes,9.05,No,Yes,21,No,Yes,No,No,No,No,No,Yes,Month-to-Month,Yes,Bank Withdrawal,3,Yes,1
Female,21,No,Yes,No,0,Yes,4,Offer E,Yes,9.98,Yes,Yes,51,No,Yes,No,No,Yes,Yes,Yes,Yes,Month-to-Month,Yes,Bank Withdrawal,3,Yes,4
Male,22,No,No,No,0,No,0,Offer C,Yes,27.69,Yes,Yes,73,Yes,Yes,No,Yes,Yes,Yes,Yes,Yes,Month-to-Month,Yes,Credit Card,1,Yes,32
Male,45,No,No,No,0,No,0,None,Yes,6.4,No,Yes,26,No,No,No,No,Yes,No,No,No,Month-to-Month,Yes,Credit Card,2,Yes,6
Male,23,No,No,No,0,No,0,None,Yes,35.28,No,Yes,51,No,No,No,No,No,No,Yes,Yes,Month-to-Month,Yes,Credit Card,3,Yes,1
Female,42,No,No,No,0,No,0,Offer D,Yes,8.59,Yes,Yes,15,No,Yes,Yes,Yes,No,No,No,Yes,Month-to-Month,No,Bank Withdrawal,1,Yes,13
Male,56,No,No,No,0,No,0,Offer E,Yes,47.26,No,No,0,No,No,No,No,No,No,No,No,Month-to-Month,No,Credit Card,1,Yes,1
Male,54,No,No,No,0,No,0,Offer D,Yes,2.19,Yes,Yes,18,No,Yes,No,No,Yes,Yes,Yes,Yes,Month-to-Month,Yes,Bank Withdrawal,1,Yes,19
Female,46,No,No,No,0,No,0,Offer D,Yes,49.5,Yes,Yes,19,No,Yes,No,No,No,No,No,Yes,Month-to-Month,Yes,Credit Card,2,Yes,10
Female,53,No,No,No,0,No,0,Offer E,Yes,42.09,No,Yes,9,No,No,No,No,No,No,No,Yes,Month-to-Month,Yes,Credit Card,1,Yes,1
Female,29,No,No,No,0,No,0,Offer C,Yes,4.48,No,Yes,71,Yes,No,Yes,Yes,Yes,No,Yes,Yes,One Year,Yes,Bank Withdrawal,1,Yes,39
Female,42,No,No,No,0,No,0,None,Yes,27.72,No,Yes,24,No,No,Yes,Yes,No,Yes,Yes,Yes,Month-to-Month,Yes,Bank Withdrawal,1,Yes,36
Female,26,No,No,No,0,No,0,Offer E,Yes,34.49,Yes,Yes,46,No,No,No,No,Yes,No,Yes,Yes,Month-to-Month,Yes,Bank Withdrawal,3,Yes,5
Female,28,No,No,No,0,No,0,Offer D,No,0,No,Yes,53,No,No,No,No,No,Yes,Yes,Yes,Month-to-Month,Yes,Bank Withdrawal,3,Yes,13
Male,33,No,Yes,No,0,No,0,Offer E,Yes,25.11,Yes,Yes,26,No,Yes,No,No,No,No,No,Yes,Month-to-Month,Yes,Bank Withdrawal,2,Yes,5
Female,31,No,No,Yes,5,No,0,None,Yes,29.81,No,No,0,No,No,No,No,No,No,No,No,Month-to-Month,Yes,Bank Withdrawal,3,Yes,2
Female,29,No,Yes,No,0,Yes,1,None,Yes,47.76,Yes,Yes,26,No,No,No,No,No,Yes,Yes,Yes,Month-to-Month,Yes,Bank Withdrawal,3,Yes,17
Male,57,No,Yes,No,0,Yes,1,Offer E,Yes,18.84,No,Yes,19,No,No,No,No,No,No,No,Yes,Month-to-Month,Yes,Bank Withdrawal,2,Yes,1
Male,29,No,No,Yes,3,No,0,Offer E,Yes,7.14,No,Yes,52,No,No,No,No,No,No,Yes,Yes,Month-to-Month,Yes,Bank Withdrawal,3,Yes,1
Female,30,No,Yes,No,0,Yes,2,Offer E,Yes,23.63,No,Yes,52,No,No,No,No,Yes,No,No,Yes,Month-to-Month,Yes,Bank Withdrawal,2,Yes,1
Female,53,No,No,No,0,No,0,Offer E,Yes,1.34,No,Yes,9,No,No,No,No,Yes,Yes,Yes,Yes,Month-to-Month,Yes,Bank Withdrawal,3,Yes,9
Male,47,No,Yes,No,0,Yes,1,None,Yes,16.49,No,Yes,8,No,No,No,No,No,No,No,Yes,Month-to-Month,Yes,Bank Withdrawal,1,Yes,20
Female,63,No,No,No,0,No,0,Offer E,Yes,5.2,Yes,Yes,23,No,No,No,No,No,No,No,No,Month-to-Month,Yes,Bank Withdrawal,1,Yes,3
Female,31,No,Yes,No,0,Yes,7,None,Yes,17.91,Yes,Yes,9,No,No,Yes,No,Yes,No,No,Yes,Month-to-Month,No,Bank Withdrawal,2,Yes,17
Female,31,No,No,No,0,No,0,Offer E,Yes,37.76,No,Yes,10,No,No,No,No,No,No,No,Yes,Month-to-Month,No,Bank Withdrawal,3,Yes,2
Female,63,No,No,No,0,No,0,None,Yes,9.06,Yes,Yes,10,No,No,No,No,Yes,Yes,Yes,Yes,Month-to-Month,Yes,Bank Withdrawal,3,Yes,21
Male,34,No,Yes,Yes,1,Yes,1,Offer E,Yes,40.05,Yes,No,0,No,No,No,No,No,No,No,No,Month-to-Month,Yes,Bank Withdrawal,1,Yes,5
Male,43,No,No,No,0,No,0,None,Yes,8.99,Yes,Yes,5,Yes,No,No,No,No,No,No,No,Month-to-Month,Yes,Bank Withdrawal,1,Yes,24
Female,52,No,No,No,0,No,0,Offer E,Yes,49.24,No,Yes,8,No,No,No,No,No,No,No,Yes,Month-to-Month,Yes,Bank Withdrawal,2,Yes,1
Female,41,No,No,No,0,No,0,None,Yes,45.21,Yes,Yes,3,No,No,Yes,No,Yes,Yes,Yes,Yes,Month-to-Month,Yes,Bank Withdrawal,1,Yes,10
Female,44,No,No,No,0,No,0,None,Yes,29.8,Yes,Yes,4,Yes,No,Yes,No,Yes,Yes,Yes,Yes,One Year,Yes,Credit Card,1,Yes,53
Male,46,No,No,No,0,No,0,Offer E,No,0,No,Yes,3,No,Yes,No,No,No,No,No,Yes,Month-to-Month,Yes,Bank Withdrawal,1,Yes,3
Female,53,No,Yes,No,0,Yes,2,None,Yes,49.63,Yes,Yes,9,No,No,No,No,Yes,Yes,Yes,Yes,Month-to-Month,Yes,Bank Withdrawal,1,Yes,49
Male,39,No,No,No,0,No,0,None,No,0,No,Yes,5,No,No,Yes,No,Yes,No,No,Yes,One Year,Yes,Bank Withdrawal,2,Yes,11
Male,34,No,No,No,0,No,0,Offer B,Yes,14.12,Yes,Yes,3,No,Yes,No,No,Yes,Yes,Yes,Yes,Month-to-Month,Yes,Credit Card,1,Yes,45
Male,52,No,Yes,Yes,1,Yes,1,None,No,0,No,Yes,23,Yes,Yes,Yes,No,No,No,No,Yes,Month-to-Month,No,Bank Withdrawal,2,Yes,37
Male,55,No,Yes,No,0,Yes,1,Offer B,Yes,39.6,Yes,Yes,20,No,No,No,No,Yes,No,No,Yes,Month-to-Month,No,Bank Withdrawal,3,Yes,49
Male,45,No,No,No,0,No,0,Offer E,Yes,11.25,No,No,0,No,No,No,No,No,No,No,No,Month-to-Month,No,Credit Card,2,Yes,1
Male,43,No,Yes,No,0,Yes,1,None,Yes,39.36,No,Yes,24,No,No,Yes,No,Yes,Yes,Yes,Yes,Month-to-Month,Yes,Bank Withdrawal,1,Yes,5
Female,51,No,Yes,No,0,Yes,1,None,No,0,No,Yes,10,No,No,Yes,No,Yes,Yes,Yes,No,Month-to-Month,Yes,Bank Withdrawal,2,Yes,9
Male,25,No,No,No,0,No,0,None,Yes,36.07,No,Yes,41,No,No,Yes,No,Yes,No,Yes,Yes,Month-to-Month,Yes,Bank Withdrawal,1,Yes,1
Male,42,No,No,No,0,No,0,None,Yes,7.97,No,Yes,10,Yes,No,No,Yes,No,No,No,Yes,Month-to-Month,No,Credit Card,1,Yes,12
Female,22,No,No,No,0,No,0,Offer B,Yes,5.75,No,Yes,53,Yes,Yes,Yes,Yes,No,Yes,Yes,Yes,One Year,No,Credit Card,2,Yes,42
Female,21,No,Yes,No,0,Yes,1,None,Yes,35.31,Yes,No,0,No,No,No,No,No,No,No,No,Two Year,Yes,Credit Card,3,Yes,33
Female,54,No,No,No,0,No,0,None,Yes,6.33,Yes,Yes,11,No,No,Yes,No,No,Yes,Yes,Yes,Month-to-Month,Yes,Bank Withdrawal,2,Yes,31
Male,50,No,Yes,No,0,Yes,1,Offer B,Yes,34.65,Yes,Yes,9,No,Yes,Yes,Yes,No,Yes,Yes,No,Month-to-Month,Yes,Bank Withdrawal,2,Yes,42
Female,57,No,No,No,0,No,0,None,Yes,42.58,Yes,Yes,22,No,No,No,Yes,Yes,Yes,Yes,Yes,One Year,No,Credit Card,3,Yes,12
Male,25,No,Yes,No,0,Yes,1,None,Yes,19.23,No,Yes,52,No,Yes,No,Yes,Yes,No,No,Yes,Month-to-Month,Yes,Bank Withdrawal,2,Yes,7
Male,27,No,Yes,No,0,Yes,1,None,Yes,21.3,Yes,Yes,42,No,No,No,No,No,Yes,Yes,Yes,Month-to-Month,Yes,Bank Withdrawal,2,Yes,14
Male,27,No,No,No,0,No,0,None,Yes,20.44,No,Yes,59,Yes,No,No,No,Yes,Yes,Yes,No,Month-to-Month,Yes,Bank Withdrawal,1,Yes,16
Male,24,No,Yes,No,0,Yes,1,Offer B,Yes,26.75,Yes,Yes,51,Yes,Yes,Yes,No,No,Yes,Yes,Yes,One Year,No,Credit Card,1,Yes,65
Female,26,No,No,No,0,No,0,Offer B,Yes,33.46,Yes,Yes,52,Yes,No,Yes,No,Yes,Yes,Yes,Yes,Month-to-Month,Yes,Bank Withdrawal,1,Yes,42
Male,34,No,Yes,No,0,Yes,3,None,Yes,8.59,Yes,Yes,28,No,No,No,No,Yes,No,No,Yes,Month-to-Month,Yes,Bank Withdrawal,1,Yes,6
Female,54,No,Yes,No,0,Yes,1,None,Yes,7,No,Yes,23,No,Yes,No,No,No,Yes,Yes,Yes,Month-to-Month,Yes,Bank Withdrawal,3,Yes,5
Male,24,No,No,No,0,No,0,Offer A,Yes,21.74,Yes,Yes,73,No,Yes,Yes,Yes,Yes,Yes,Yes,Yes,One Year,No,Bank Withdrawal,3,Yes,68
Female,33,No,Yes,No,0,Yes,1,None,Yes,31.61,Yes,Yes,20,No,Yes,No,No,No,Yes,Yes,No,Month-to-Month,Yes,Credit Card,3,Yes,3
Male,57,No,Yes,No,0,Yes,3,None,Yes,18.26,No,Yes,18,Yes,No,No,Yes,No,No,No,Yes,Month-to-Month,No,Bank Withdrawal,1,Yes,12
Female,64,No,No,No,0,No,0,Offer B,No,0,No,Yes,12,No,No,Yes,No,Yes,Yes,Yes,Yes,Month-to-Month,Yes,Bank Withdrawal,1,Yes,43
Female,21,No,Yes,No,0,Yes,1,Offer A,Yes,16.78,Yes,Yes,48,Yes,Yes,Yes,Yes,Yes,Yes,Yes,Yes,Two Year,Yes,Bank Withdrawal,1,Yes,70
Female,56,No,No,No,0,No,0,None,Yes,26,No,Yes,8,No,No,No,No,No,No,No,Yes,Month-to-Month,No,Mailed Check,2,Yes,1
Male,19,No,No,No,0,No,0,None,No,0,No,Yes,26,No,No,Yes,No,Yes,No,No,Yes,Month-to-Month,Yes,Mailed Check,3,Yes,3
Female,39,No,Yes,No,0,Yes,3,None,Yes,24.51,Yes,Yes,27,No,Yes,Yes,No,Yes,No,No,Yes,Month-to-Month,Yes,Bank Withdrawal,2,Yes,36
Male,34,No,No,No,0,No,0,None,No,0,No,Yes,18,No,No,No,No,Yes,Yes,Yes,Yes,Month-to-Month,Yes,Mailed Check,1,Yes,1
Male,61,No,No,No,0,No,0,None,Yes,26.05,No,Yes,2,No,No,Yes,No,Yes,Yes,Yes,Yes,Month-to-Month,No,Bank Withdrawal,1,Yes,2
Female,33,No,No,Yes,1,No,0,None,Yes,5.16,No,Yes,16,No,No,No,No,No,No,No,No,Month-to-Month,Yes,Bank Withdrawal,3,Yes,12
Male,55,No,Yes,No,0,Yes,3,Offer E,No,0,No,Yes,21,No,No,No,No,No,No,No,Yes,Month-to-Month,Yes,Bank Withdrawal,2,Yes,1
Male,30,No,No,No,0,No,0,Offer E,No,0,No,Yes,69,Yes,No,No,No,No,No,No,Yes,Month-to-Month,No,Mailed Check,1,Yes,1
Female,21,No,Yes,No,0,Yes,4,Offer B,Yes,9.23,Yes,Yes,48,No,Yes,No,No,Yes,Yes,Yes,Yes,Month-to-Month,No,Bank Withdrawal,2,Yes,59
Female,51,No,No,No,0,No,0,Offer E,Yes,22.56,Yes,Yes,3,No,No,No,No,No,No,No,Yes,Month-to-Month,Yes,Mailed Check,1,Yes,3
Female,37,No,No,No,0,No,0,Offer E,Yes,13.01,No,Yes,4,No,No,No,No,No,Yes,Yes,Yes,Month-to-Month,Yes,Bank Withdrawal,1,Yes,1
Female,20,No,No,No,0,No,0,Offer B,Yes,33.69,Yes,Yes,52,Yes,Yes,No,Yes,Yes,Yes,Yes,Yes,One Year,Yes,Credit Card,1,Yes,52
Male,19,No,No,No,0,No,0,Offer E,Yes,5.33,No,Yes,52,Yes,No,Yes,No,No,No,No,Yes,Month-to-Month,Yes,Mailed Check,1,Yes,2
Male,36,No,Yes,No,0,Yes,1,None,Yes,30.55,Yes,Yes,28,No,No,Yes,No,Yes,Yes,Yes,Yes,Month-to-Month,Yes,Credit Card,1,Yes,13
Female,34,No,No,No,0,No,0,Offer E,Yes,24.32,No,Yes,22,Yes,No,No,Yes,No,No,No,No,Month-to-Month,No,Credit Card,1,Yes,5
Female,30,No,Yes,No,0,Yes,2,Offer B,Yes,10.79,Yes,Yes,41,No,No,No,No,No,No,No,Yes,Month-to-Month,Yes,Bank Withdrawal,2,Yes,42
Female,35,No,No,No,0,No,0,None,Yes,48.42,No,Yes,8,No,Yes,Yes,No,Yes,Yes,Yes,Yes,Month-to-Month,Yes,Bank Withdrawal,3,Yes,25
Female,49,No,No,No,0,No,0,None,Yes,24.52,No,Yes,9,No,No,No,No,No,No,No,Yes,Month-to-Month,No,Bank Withdrawal,3,Yes,9
Female,40,No,No,No,0,No,0,None,Yes,40.76,No,Yes,7,No,Yes,Yes,No,No,Yes,Yes,Yes,Month-to-Month,Yes,Credit Card,1,Yes,16
Male,53,No,Yes,No,0,No,0,Offer E,Yes,31.76,No,No,0,No,No,No,No,No,No,No,No,Month-to-Month,No,Mailed Check,1,Yes,5
Male,29,No,No,No,0,No,0,Offer E,Yes,32.01,No,No,0,No,No,No,No,No,No,No,No,Month-to-Month,No,Mailed Check,1,Yes,3
Female,51,No,Yes,No,0,Yes,4,None,Yes,3.73,Yes,Yes,13,No,No,Yes,Yes,Yes,Yes,Yes,Yes,Month-to-Month,Yes,Bank Withdrawal,1,Yes,31
Male,49,No,No,No,0,No,0,Offer E,Yes,19.98,No,Yes,5,No,No,No,No,No,Yes,Yes,Yes,Month-to-Month,Yes,Bank Withdrawal,1,Yes,1
Female,30,No,No,No,0,No,0,Offer E,Yes,41.78,No,Yes,59,No,No,No,No,No,No,No,Yes,Month-to-Month,Yes,Bank Withdrawal,2,Yes,1
Male,42,No,Yes,No,0,Yes,1,None,Yes,22.03,No,Yes,19,No,No,No,No,No,No,No,Yes,Month-to-Month,Yes,Bank Withdrawal,2,Yes,10
Male,27,No,No,No,0,No,0,Offer E,No,0,No,Yes,48,No,No,Yes,No,No,No,Yes,Yes,Month-to-Month,Yes,Bank Withdrawal,3,Yes,4
Male,47,No,No,No,0,No,0,Offer B,Yes,49.13,Yes,Yes,25,No,Yes,No,No,No,No,No,Yes,Month-to-Month,Yes,Bank Withdrawal,1,Yes,43
Male,64,No,No,No,0,No,0,Offer E,Yes,40.15,No,Yes,19,No,No,No,No,No,Yes,Yes,No,Month-to-Month,No,Bank Withdrawal,2,Yes,4
Male,42,No,Yes,No,0,Yes,1,Offer B,Yes,19.02,Yes,Yes,17,Yes,No,Yes,Yes,Yes,Yes,Yes,Yes,One Year,Yes,Credit Card,1,Yes,47
Male,24,No,No,No,0,No,0,None,Yes,35.77,No,Yes,69,No,No,No,No,No,Yes,Yes,Yes,Month-to-Month,No,Bank Withdrawal,1,Yes,1
Male,20,No,No,No,0,No,0,Offer E,Yes,29.98,Yes,Yes,71,No,No,No,No,No,No,Yes,Yes,Month-to-Month,Yes,Bank Withdrawal,2,Yes,4
Male,36,No,No,No,0,No,0,Offer D,Yes,46.6,No,Yes,2,No,No,No,Yes,No,No,No,Yes,Month-to-Month,No,Mailed Check,1,Yes,17
Male,34,No,Yes,No,0,Yes,1,Offer D,Yes,17.57,Yes,Yes,14,Yes,Yes,No,Yes,Yes,No,No,No,One Year,No,Mailed Check,2,Yes,21
Male,37,No,Yes,No,0,Yes,1,Offer B,Yes,18.26,Yes,Yes,29,No,Yes,Yes,No,Yes,No,No,Yes,Month-to-Month,Yes,Bank Withdrawal,1,Yes,42
Female,38,No,Yes,No,0,Yes,1,Offer E,Yes,1.12,No,Yes,22,No,No,No,Yes,Yes,No,No,Yes,Month-to-Month,Yes,Bank Withdrawal,1,Yes,5
Female,25,No,Yes,No,0,Yes,1,Offer E,Yes,8.95,No,Yes,73,No,No,No,No,No,No,Yes,Yes,Month-to-Month,Yes,Bank Withdrawal,2,Yes,7
Male,27,No,No,No,0,No,0,Offer E,Yes,29.69,No,Yes,52,No,No,No,No,No,No,Yes,No,Month-to-Month,No,Bank Withdrawal,3,Yes,2
Female,54,No,No,No,0,No,0,None,Yes,28.2,Yes,Yes,29,No,No,Yes,No,Yes,Yes,Yes,Yes,Month-to-Month,Yes,Bank Withdrawal,3,Yes,5
Male,48,No,No,No,0,No,0,Offer E,Yes,27.58,No,Yes,16,No,No,No,No,No,No,No,Yes,Month-to-Month,No,Bank Withdrawal,1,Yes,1
Male,59,No,No,No,0,No,0,Offer E,Yes,7.99,Yes,Yes,30,No,No,No,No,Yes,Yes,Yes,Yes,Month-to-Month,Yes,Bank Withdrawal,3,Yes,1
Male,47,No,No,No,0,No,0,Offer E,Yes,40.79,No,Yes,29,No,No,Yes,No,No,No,No,No,Month-to-Month,Yes,Bank Withdrawal,1,Yes,3
Female,62,No,No,No,0,No,0,Offer E,No,0,No,Yes,22,No,No,No,No,No,Yes,Yes,Yes,Month-to-Month,No,Mailed Check,1,Yes,1
Female,43,No,No,No,0,No,0,None,Yes,17.37,No,Yes,25,No,No,No,No,No,No,No,Yes,Month-to-Month,Yes,Bank Withdrawal,1,Yes,1
Male,62,No,No,No,0,No,0,None,Yes,32.03,No,No,0,No,No,No,No,No,No,No,No,Month-to-Month,No,Mailed Check,2,Yes,2
Female,29,No,No,No,0,No,0,None,Yes,33.39,No,Yes,59,Yes,No,Yes,No,Yes,Yes,Yes,No,Month-to-Month,Yes,Credit Card,1,Yes,3
Male,36,No,No,No,0,No,0,None,Yes,14.3,Yes,Yes,20,No,No,No,No,No,Yes,Yes,Yes,Month-to-Month,Yes,Bank Withdrawal,1,Yes,26
Male,25,No,No,No,0,No,0,Offer A,Yes,33.88,Yes,Yes,71,Yes,Yes,Yes,Yes,Yes,Yes,Yes,Yes,Two Year,No,Credit Card,2,Yes,67
Female,55,No,Yes,No,0,Yes,2,Offer A,Yes,40.52,Yes,Yes,17,No,No,No,No,Yes,Yes,Yes,Yes,Two Year,Yes,Bank Withdrawal,3,Yes,71
Male,42,No,No,No,0,No,0,None,Yes,1.91,No,No,0,No,No,No,No,No,No,No,No,Month-to-Month,No,Mailed Check,2,Yes,1
Female,20,No,No,No,0,No,0,None,Yes,35.22,Yes,Yes,58,No,No,No,No,No,No,Yes,Yes,Month-to-Month,No,Bank Withdrawal,2,Yes,5
Female,40,No,No,No,0,No,0,None,Yes,22.88,No,Yes,23,No,No,No,No,Yes,No,No,Yes,Month-to-Month,Yes,Bank Withdrawal,2,Yes,9
Male,31,No,No,No,0,No,0,Offer B,Yes,49.98,No,Yes,26,Yes,Yes,No,Yes,Yes,Yes,Yes,Yes,One Year,Yes,Credit Card,1,Yes,54
Male,63,No,No,No,0,No,0,None,Yes,37.43,No,Yes,18,No,No,Yes,No,Yes,Yes,Yes,Yes,Month-to-Month,Yes,Bank Withdrawal,1,Yes,2
Male,64,No,No,No,0,No,0,None,Yes,24.48,Yes,Yes,24,No,Yes,No,No,No,No,No,Yes,Month-to-Month,Yes,Bank Withdrawal,1,Yes,1
Female,42,No,Yes,No,0,Yes,1,None,Yes,15.36,No,No,0,No,No,No,No,No,No,No,No,Month-to-Month,No,Bank Withdrawal,1,Yes,30
Female,61,No,No,No,0,No,0,None,Yes,27.57,No,Yes,27,No,No,No,No,Yes,No,No,Yes,Month-to-Month,Yes,Bank Withdrawal,3,Yes,4
Female,30,No,Yes,No,0,Yes,1,Offer D,Yes,41.95,No,Yes,51,Yes,No,No,Yes,Yes,No,No,Yes,Month-to-Month,No,Bank Withdrawal,1,Yes,17
Male,34,No,No,Yes,1,No,0,None,Yes,39.6,No,Yes,17,No,No,No,Yes,No,No,No,Yes,Month-to-Month,Yes,Mailed Check,2,Yes,1
Female,54,No,No,No,0,No,0,Offer D,Yes,6.78,Yes,Yes,26,Yes,No,No,No,Yes,Yes,Yes,Yes,Month-to-Month,Yes,Bank Withdrawal,1,Yes,13
Male,28,No,Yes,No,0,Yes,1,Offer B,Yes,34.14,Yes,Yes,69,No,Yes,No,Yes,Yes,Yes,Yes,Yes,Month-to-Month,No,Bank Withdrawal,1,Yes,50
Male,39,No,Yes,No,0,Yes,5,Offer B,Yes,49.33,Yes,Yes,16,Yes,Yes,Yes,No,No,No,No,Yes,One Year,No,Bank Withdrawal,1,Yes,65
Female,44,No,No,No,0,No,0,Offer E,Yes,26.37,No,No,0,No,No,No,No,No,No,No,No,Month-to-Month,Yes,Mailed Check,3,Yes,1
Female,41,No,No,No,0,No,0,Offer B,Yes,14.12,Yes,Yes,24,No,Yes,No,No,Yes,No,No,Yes,Month-to-Month,Yes,Credit Card,2,Yes,45
Female,31,No,No,No,0,No,0,Offer E,Yes,39.66,No,Yes,8,No,Yes,No,No,No,No,No,Yes,Month-to-Month,Yes,Credit Card,1,Yes,1
Male,49,No,No,No,0,No,0,Offer E,No,0,No,Yes,19,No,Yes,No,Yes,No,Yes,Yes,Yes,Month-to-Month,Yes,Mailed Check,1,Yes,1
Male,40,No,Yes,No,0,Yes,5,Offer D,Yes,29.92,No,Yes,21,Yes,No,No,No,No,Yes,Yes,Yes,Month-to-Month,No,Bank Withdrawal,1,Yes,13
Male,54,No,No,No,0,No,0,Offer D,Yes,17.07,Yes,Yes,3,No,Yes,No,No,No,No,No,No,Month-to-Month,Yes,Bank Withdrawal,1,Yes,10
Male,28,No,No,No,0,No,0,Offer E,Yes,26.16,Yes,Yes,85,No,Yes,No,No,Yes,Yes,Yes,Yes,Month-to-Month,Yes,Bank Withdrawal,2,Yes,4
Female,31,No,No,No,0,No,0,Offer E,Yes,22.12,No,No,0,No,No,No,No,No,No,No,No,Month-to-Month,No,Mailed Check,3,Yes,1
Male,36,No,Yes,No,0,Yes,1,Offer B,Yes,45.03,Yes,Yes,10,No,No,Yes,Yes,Yes,Yes,Yes,Yes,One Year,Yes,Bank Withdrawal,1,Yes,41
Male,60,No,Yes,No,0,Yes,3,Offer A,Yes,47.34,Yes,Yes,12,No,Yes,Yes,No,Yes,Yes,Yes,Yes,Two Year,Yes,Bank Withdrawal,3,Yes,71
Female,43,No,No,Yes,2,No,0,Offer E,Yes,26.04,No,Yes,16,Yes,No,No,Yes,No,No,No,Yes,Month-to-Month,Yes,Mailed Check,1,Yes,3
Male,58,No,No,No,0,No,0,Offer A,Yes,26.88,Yes,Yes,11,No,No,Yes,Yes,Yes,Yes,Yes,Yes,Two Year,Yes,Bank Withdrawal,3,Yes,69
Female,51,No,Yes,No,0,Yes,1,None,Yes,46.92,Yes,Yes,9,No,No,Yes,No,No,Yes,Yes,No,Month-to-Month,Yes,Bank Withdrawal,1,Yes,32
Female,51,No,Yes,No,0,Yes,1,Offer A,No,0,No,Yes,15,No,Yes,Yes,No,Yes,Yes,Yes,Yes,Two Year,Yes,Bank Withdrawal,3,Yes,72
Female,50,No,No,No,0,No,0,None,Yes,39.36,No,Yes,5,No,No,No,No,No,No,No,Yes,Month-to-Month,Yes,Mailed Check,1,Yes,6
Male,35,No,No,No,0,No,0,None,Yes,39.58,No,Yes,28,No,No,Yes,No,No,No,No,Yes,Month-to-Month,Yes,Bank Withdrawal,3,Yes,1
Male,37,No,No,No,0,No,0,None,Yes,6.71,Yes,Yes,3,No,Yes,No,Yes,Yes,Yes,Yes,Yes,One Year,Yes,Mailed Check,1,Yes,31
Male,34,No,No,No,0,No,0,Offer B,Yes,41.14,Yes,Yes,25,No,No,Yes,Yes,Yes,Yes,Yes,No,One Year,Yes,Bank Withdrawal,2,Yes,58
Male,41,No,No,No,0,No,0,None,Yes,42.92,No,Yes,23,No,Yes,No,Yes,Yes,Yes,Yes,Yes,Month-to-Month,No,Bank Withdrawal,2,Yes,44
Male,34,No,No,No,0,No,0,None,Yes,16.76,No,Yes,27,No,Yes,No,No,Yes,Yes,Yes,Yes,Month-to-Month,No,Bank Withdrawal,3,Yes,2
Female,49,No,No,No,0,No,0,None,Yes,18.34,No,Yes,6,No,No,Yes,No,Yes,Yes,Yes,Yes,Month-to-Month,No,Bank Withdrawal,3,Yes,1
Female,47,No,No,No,0,No,0,None,Yes,32.74,No,Yes,26,No,No,No,No,Yes,No,No,Yes,Month-to-Month,Yes,Credit Card,1,Yes,1
Male,32,No,No,No,0,No,0,None,Yes,10.38,Yes,Yes,7,No,No,Yes,No,Yes,Yes,Yes,Yes,Month-to-Month,Yes,Bank Withdrawal,1,Yes,1
Female,39,No,Yes,No,0,Yes,1,None,Yes,14.9,Yes,Yes,4,No,No,Yes,Yes,Yes,No,No,No,Month-to-Month,No,Bank Withdrawal,3,Yes,5
Female,41,No,No,No,0,No,0,None,Yes,8.31,No,Yes,27,No,No,No,No,No,No,No,Yes,Month-to-Month,Yes,Bank Withdrawal,1,Yes,1
Male,53,No,No,No,0,No,0,None,Yes,40.49,No,No,0,No,No,No,No,No,No,No,No,Month-to-Month,Yes,Mailed Check,1,Yes,1
Female,44,No,No,No,0,No,0,None,Yes,23.72,No,Yes,19,No,No,No,No,No,No,No,Yes,Month-to-Month,Yes,Bank Withdrawal,3,Yes,1
Male,30,No,No,No,0,No,0,Offer E,Yes,28.7,No,Yes,69,No,No,No,No,No,No,No,Yes,Month-to-Month,Yes,Bank Withdrawal,1,Yes,1
Female,64,No,No,No,0,No,0,Offer E,Yes,33.41,No,Yes,28,No,Yes,Yes,No,No,No,No,Yes,Month-to-Month,Yes,Bank Withdrawal,1,Yes,1
Male,33,No,No,No,0,No,0,Offer E,Yes,49.76,No,Yes,3,No,No,No,No,Yes,No,No,No,Month-to-Month,No,Bank Withdrawal,2,Yes,3
Female,27,No,No,No,0,No,0,Offer D,Yes,35.96,Yes,Yes,42,No,No,No,No,No,Yes,Yes,Yes,Month-to-Month,Yes,Bank Withdrawal,1,Yes,13
Female,37,No,Yes,No,0,Yes,1,None,Yes,3.65,Yes,Yes,20,Yes,Yes,No,No,No,Yes,Yes,Yes,Month-to-Month,Yes,Bank Withdrawal,1,Yes,58
Female,25,No,Yes,No,0,Yes,1,None,Yes,6.84,Yes,Yes,27,No,No,No,No,Yes,Yes,Yes,Yes,Month-to-Month,Yes,Bank Withdrawal,1,Yes,42
Female,53,No,No,No,0,No,0,None,No,0,No,Yes,22,No,No,No,No,No,No,No,Yes,Month-to-Month,Yes,Credit Card,1,Yes,29
Male,22,No,No,Yes,2,No,0,None,Yes,34.4,No,Yes,52,No,No,Yes,No,No,No,Yes,Yes,Month-to-Month,No,Bank Withdrawal,1,Yes,1
Male,59,No,No,No,0,No,0,None,Yes,28.37,No,Yes,7,No,No,No,No,No,No,No,No,Month-to-Month,No,Bank Withdrawal,2,Yes,1
Male,58,No,No,No,0,No,0,Offer E,Yes,14.14,No,Yes,28,No,No,Yes,No,No,Yes,Yes,Yes,Month-to-Month,Yes,Bank Withdrawal,1,Yes,2
Male,54,No,No,No,0,No,0,Offer D,Yes,35.63,Yes,Yes,18,No,No,No,No,Yes,Yes,Yes,Yes,Month-to-Month,No,Bank Withdrawal,2,Yes,10
Male,42,No,No,No,0,No,0,None,Yes,18.97,Yes,Yes,3,No,No,No,Yes,Yes,Yes,Yes,Yes,One Year,Yes,Bank Withdrawal,2,Yes,49
Male,49,No,Yes,Yes,1,Yes,1,Offer E,Yes,1.86,No,Yes,19,No,Yes,Yes,No,No,No,No,Yes,Month-to-Month,Yes,Mailed Check,2,Yes,6
Male,26,No,No,No,0,No,0,None,Yes,39.84,No,Yes,48,No,Yes,Yes,No,Yes,Yes,Yes,Yes,One Year,Yes,Bank Withdrawal,3,Yes,35
Male,51,No,Yes,No,0,Yes,1,Offer A,Yes,17.17,Yes,Yes,20,Yes,Yes,Yes,Yes,Yes,Yes,Yes,No,One Year,No,Credit Card,2,Yes,70
Male,46,No,No,No,0,No,0,Offer E,Yes,16.14,No,Yes,2,No,No,Yes,Yes,No,No,No,Yes,Month-to-Month,Yes,Bank Withdrawal,2,Yes,2
Male,29,No,No,No,0,No,0,Offer D,Yes,44.86,Yes,Yes,52,No,No,No,No,No,No,Yes,Yes,Month-to-Month,Yes,Mailed Check,1,Yes,15
Female,31,No,No,No,0,No,0,Offer E,Yes,36.43,No,Yes,16,Yes,Yes,No,No,Yes,Yes,Yes,Yes,Month-to-Month,Yes,Bank Withdrawal,1,Yes,9
Female,49,No,No,No,0,No,0,None,Yes,26.14,No,Yes,22,No,No,No,No,No,Yes,Yes,Yes,Month-to-Month,Yes,Bank Withdrawal,1,Yes,1
Male,27,No,Yes,No,0,Yes,1,Offer D,Yes,21.83,Yes,Yes,59,No,No,Yes,Yes,Yes,Yes,Yes,Yes,Month-to-Month,Yes,Bank Withdrawal,1,Yes,21
Female,62,No,No,No,0,No,0,Offer E,Yes,12.4,No,Yes,28,No,No,No,No,No,No,No,Yes,Month-to-Month,No,Bank Withdrawal,2,Yes,1
Male,24,No,No,No,0,No,0,Offer D,Yes,21.04,No,No,0,No,No,No,No,No,No,No,No,Month-to-Month,No,Bank Withdrawal,1,Yes,16
Male,39,No,Yes,No,0,Yes,1,Offer D,Yes,34.63,Yes,Yes,15,No,No,No,No,No,No,No,Yes,Month-to-Month,Yes,Bank Withdrawal,2,Yes,15
Female,51,No,No,No,0,No,0,Offer E,Yes,27.05,No,Yes,23,No,No,No,No,No,No,No,Yes,Month-to-Month,Yes,Bank Withdrawal,3,Yes,1
Male,56,No,No,No,0,No,0,Offer E,Yes,37.72,No,Yes,27,No,No,No,No,No,No,No,Yes,Month-to-Month,Yes,Credit Card,1,Yes,2
Male,30,No,Yes,No,0,Yes,1,None,No,0,No,Yes,42,No,No,Yes,Yes,Yes,Yes,Yes,No,Month-to-Month,Yes,Bank Withdrawal,1,Yes,55
Female,57,No,No,No,0,No,0,Offer E,Yes,23.35,No,Yes,6,No,No,No,Yes,Yes,Yes,Yes,Yes,Month-to-Month,Yes,Credit Card,1,Yes,7
Female,26,No,Yes,No,0,Yes,1,None,Yes,43.56,Yes,Yes,52,No,Yes,Yes,No,Yes,No,No,Yes,Month-to-Month,No,Bank Withdrawal,1,Yes,13
Female,46,No,Yes,Yes,2,Yes,1,Offer E,No,0,No,Yes,15,Yes,No,No,No,No,No,No,Yes,Month-to-Month,No,Credit Card,1,Yes,3
Female,60,No,Yes,No,0,Yes,1,None,Yes,19.08,Yes,Yes,4,No,No,Yes,Yes,Yes,Yes,Yes,Yes,Month-to-Month,Yes,Bank Withdrawal,1,Yes,38
Male,20,No,No,Yes,3,No,0,None,No,0,No,Yes,51,No,No,No,No,No,No,No,No,Month-to-Month,Yes,Bank Withdrawal,2,Yes,1
Male,22,No,No,No,0,No,0,None,Yes,33.53,No,Yes,59,No,Yes,No,Yes,No,No,No,Yes,One Year,Yes,Credit Card,3,Yes,22
Male,25,No,No,No,0,No,0,None,Yes,4.11,No,No,0,No,No,No,No,No,No,No,No,Month-to-Month,Yes,Mailed Check,1,Yes,1
Male,49,No,Yes,No,0,No,0,None,Yes,4.99,No,Yes,28,No,No,No,No,No,No,No,Yes,Month-to-Month,Yes,Mailed Check,1,Yes,1
Male,39,No,No,No,0,No,0,None,Yes,49.64,Yes,Yes,27,No,Yes,No,No,Yes,Yes,Yes,Yes,Month-to-Month,Yes,Bank Withdrawal,1,Yes,43
Male,34,No,No,No,0,No,0,None,Yes,41.77,No,Yes,15,No,No,No,No,No,Yes,Yes,Yes,Month-to-Month,Yes,Bank Withdrawal,3,Yes,1
Male,44,No,No,No,0,No,0,None,Yes,37.29,Yes,Yes,20,No,No,No,No,No,Yes,Yes,Yes,Month-to-Month,No,Bank Withdrawal,1,Yes,2
Female,19,No,Yes,No,0,Yes,1,None,Yes,41.32,Yes,Yes,71,Yes,Yes,No,Yes,No,No,No,Yes,Month-to-Month,No,Bank Withdrawal,1,Yes,34
Female,33,No,No,No,0,No,0,None,Yes,13.61,Yes,Yes,25,No,No,No,No,No,No,No,Yes,Month-to-Month,Yes,Bank Withdrawal,1,Yes,1
Female,31,No,Yes,No,0,Yes,1,None,Yes,32.07,Yes,Yes,22,No,Yes,Yes,No,Yes,Yes,Yes,Yes,Month-to-Month,Yes,Credit Card,3,Yes,10
Female,21,No,No,No,0,No,0,None,Yes,14.26,No,Yes,53,Yes,No,No,No,No,No,No,Yes,Month-to-Month,Yes,Bank Withdrawal,2,Yes,16
Female,62,No,Yes,No,0,Yes,1,None,Yes,22.61,Yes,Yes,11,No,No,No,No,Yes,No,No,No,Month-to-Month,Yes,Bank Withdrawal,1,Yes,7
Male,54,No,Yes,No,0,Yes,1,None,Yes,2.2,No,Yes,30,No,No,No,No,No,No,No,Yes,Month-to-Month,Yes,Bank Withdrawal,2,Yes,1
Female,40,No,No,No,0,No,0,None,Yes,45.41,No,Yes,23,No,No,No,No,No,Yes,Yes,Yes,Month-to-Month,Yes,Bank Withdrawal,1,Yes,9
Female,47,No,No,No,0,No,0,None,Yes,29.54,No,Yes,29,No,Yes,Yes,Yes,Yes,No,No,Yes,Two Year,Yes,Credit Card,2,Yes,48
Female,28,No,No,No,0,No,0,None,No,0,No,Yes,48,No,No,No,No,Yes,Yes,Yes,No,Month-to-Month,Yes,Bank Withdrawal,1,Yes,2
Female,55,No,Yes,No,0,Yes,1,None,Yes,16.29,Yes,Yes,24,No,No,No,No,No,No,No,Yes,Month-to-Month,Yes,Credit Card,1,Yes,3
Male,27,No,No,No,0,No,0,None,Yes,34.49,Yes,Yes,52,No,No,No,No,No,No,Yes,Yes,Month-to-Month,No,Credit Card,1,Yes,3
Male,50,No,No,No,0,No,0,None,Yes,46.58,No,Yes,26,No,No,No,Yes,No,No,No,No,Month-to-Month,No,Bank Withdrawal,1,Yes,12
Female,46,No,No,No,0,No,0,None,Yes,25.54,No,Yes,27,No,No,Yes,No,Yes,Yes,Yes,Yes,Month-to-Month,Yes,Bank Withdrawal,1,Yes,12
Female,38,No,No,No,0,No,0,None,Yes,41.83,Yes,Yes,9,No,No,No,Yes,Yes,Yes,Yes,Yes,Month-to-Month,Yes,Bank Withdrawal,1,Yes,54
Female,38,No,Yes,Yes,3,Yes,5,None,Yes,42.71,No,Yes,56,No,Yes,No,Yes,No,No,No,Yes,Month-to-Month,No,Credit Card,2,Yes,4
Male,51,No,Yes,No,0,Yes,1,None,No,0,No,Yes,2,Yes,Yes,Yes,No,Yes,Yes,Yes,Yes,One Year,No,Bank Withdrawal,1,Yes,51
Male,44,No,No,Yes,2,No,0,None,Yes,9.77,No,Yes,16,Yes,No,No,No,No,No,No,No,Month-to-Month,Yes,Bank Withdrawal,1,Yes,4
Male,60,No,No,No,0,No,0,None,Yes,48.93,No,Yes,14,No,No,No,No,Yes,No,No,Yes,Month-to-Month,No,Credit Card,1,Yes,35
Female,51,No,No,No,0,No,0,None,Yes,10.08,No,Yes,18,No,No,No,No,No,No,No,Yes,Month-to-Month,Yes,Bank Withdrawal,2,Yes,1
Male,46,No,No,No,0,No,0,None,Yes,46.21,No,Yes,14,No,No,Yes,Yes,No,Yes,Yes,Yes,One Year,Yes,Credit Card,3,Yes,38
Male,53,No,No,No,0,No,0,Offer E,Yes,39.38,No,Yes,23,No,No,No,No,No,No,No,Yes,Month-to-Month,No,Bank Withdrawal,2,Yes,3
Male,44,No,No,No,0,No,0,None,Yes,7.82,Yes,Yes,11,Yes,No,Yes,Yes,Yes,Yes,Yes,Yes,Two Year,Yes,Credit Card,1,Yes,61
Female,43,No,No,No,0,No,0,None,Yes,19.01,No,Yes,8,Yes,No,No,No,No,No,No,No,Month-to-Month,No,Credit Card,1,Yes,11
Female,62,No,No,No,0,No,0,Offer E,Yes,48.25,No,No,0,No,No,No,No,No,No,No,No,Month-to-Month,Yes,Credit Card,1,Yes,1
Male,50,No,No,No,0,No,0,None,No,0,No,Yes,21,No,No,Yes,No,Yes,No,No,Yes,Month-to-Month,Yes,Bank Withdrawal,1,Yes,19
Male,57,No,No,No,0,No,0,None,Yes,2.58,Yes,No,0,No,No,No,No,No,No,No,No,One Year,No,Bank Withdrawal,3,Yes,56
Male,62,No,Yes,Yes,3,Yes,1,None,Yes,5.67,Yes,Yes,53,Yes,No,No,No,No,No,No,Yes,Month-to-Month,No,Credit Card,1,Yes,2
Female,59,No,Yes,No,0,Yes,3,None,Yes,5.63,No,Yes,23,Yes,Yes,No,Yes,Yes,Yes,Yes,Yes,One Year,No,Credit Card,1,Yes,14
Male,56,No,No,No,0,No,0,None,No,0,No,Yes,29,No,No,No,Yes,No,No,No,No,Month-to-Month,Yes,Bank Withdrawal,1,Yes,15
Male,40,No,Yes,No,0,Yes,1,Offer E,No,0,No,Yes,20,No,No,Yes,No,Yes,Yes,Yes,Yes,Month-to-Month,Yes,Bank Withdrawal,1,Yes,1
Female,61,No,Yes,No,0,Yes,5,None,No,0,No,Yes,27,Yes,No,Yes,Yes,No,Yes,Yes,Yes,Two Year,No,Bank Withdrawal,1,Yes,64
Male,32,No,No,No,0,No,0,Offer E,Yes,5.67,No,Yes,7,No,No,No,No,No,No,No,Yes,Month-to-Month,Yes,Bank Withdrawal,2,Yes,1
Female,34,No,No,No,0,No,0,None,Yes,36.49,Yes,Yes,3,No,No,No,Yes,Yes,Yes,Yes,Yes,Month-to-Month,Yes,Bank Withdrawal,1,Yes,18
Male,22,No,No,No,0,No,0,Offer E,Yes,30.61,Yes,Yes,59,No,No,No,No,No,Yes,Yes,Yes,Month-to-Month,Yes,Bank Withdrawal,2,Yes,7
Male,31,No,No,No,0,No,0,None,Yes,24.14,Yes,Yes,21,No,No,No,Yes,Yes,Yes,Yes,Yes,Month-to-Month,Yes,Credit Card,1,Yes,13
Female,45,No,No,No,0,No,0,None,Yes,48.64,Yes,Yes,28,No,No,Yes,No,Yes,Yes,Yes,Yes,Month-to-Month,Yes,Bank Withdrawal,2,Yes,11
Female,58,No,Yes,No,0,Yes,1,Offer E,Yes,22,Yes,Yes,7,Yes,Yes,Yes,No,No,No,No,Yes,Month-to-Month,No,Bank Withdrawal,1,Yes,9
Female,56,No,No,No,0,No,0,Offer E,Yes,5.1,Yes,Yes,10,No,No,Yes,No,No,No,No,Yes,Month-to-Month,Yes,Credit Card,2,Yes,1
Female,56,No,No,No,0,No,0,None,Yes,46.74,Yes,Yes,16,No,Yes,Yes,Yes,Yes,Yes,Yes,No,Month-to-Month,No,Bank Withdrawal,1,Yes,54
Female,36,No,Yes,No,0,Yes,1,None,Yes,23.24,Yes,Yes,25,No,No,Yes,No,No,Yes,Yes,Yes,Month-to-Month,Yes,Bank Withdrawal,1,Yes,25
Female,22,No,No,No,0,No,0,None,Yes,24.04,Yes,Yes,59,No,Yes,Yes,No,Yes,Yes,Yes,Yes,Month-to-Month,Yes,Bank Withdrawal,3,Yes,37
Female,61,No,Yes,Yes,1,Yes,1,None,Yes,9.13,Yes,Yes,12,No,No,No,Yes,Yes,No,No,Yes,Month-to-Month,Yes,Bank Withdrawal,3,Yes,14
Male,56,No,No,No,0,No,0,None,Yes,5.59,Yes,Yes,2,No,No,No,No,Yes,Yes,Yes,Yes,Month-to-Month,Yes,Bank Withdrawal,1,Yes,1
Male,54,No,No,No,0,No,0,Offer D,Yes,5.43,No,Yes,26,No,No,No,No,Yes,Yes,Yes,No,Month-to-Month,Yes,Bank Withdrawal,2,Yes,13
Female,60,No,Yes,No,0,Yes,1,None,Yes,42.04,No,Yes,26,No,Yes,No,Yes,No,No,No,Yes,One Year,Yes,Credit Card,2,Yes,45
Female,64,No,No,No,0,No,0,None,Yes,21.52,No,Yes,25,No,No,No,No,No,No,No,Yes,Month-to-Month,No,Bank Withdrawal,2,Yes,1
Female,58,No,No,No,0,No,0,Offer E,Yes,47.92,No,Yes,25,No,No,No,No,Yes,Yes,Yes,Yes,Month-to-Month,Yes,Bank Withdrawal,1,Yes,6
Male,61,No,Yes,No,0,Yes,1,Offer E,No,0,No,Yes,13,No,No,No,No,No,Yes,Yes,Yes,Month-to-Month,Yes,Bank Withdrawal,2,Yes,3
Male,27,No,No,Yes,1,No,0,Offer D,Yes,14.96,Yes,Yes,59,No,No,No,No,No,No,Yes,Yes,Month-to-Month,Yes,Credit Card,3,Yes,12
Female,55,No,Yes,Yes,3,Yes,1,Offer E,Yes,14.51,No,Yes,20,Yes,Yes,No,No,No,No,No,No,Month-to-Month,No,Credit Card,1,Yes,6
Female,55,No,No,No,0,No,0,Offer E,Yes,34.48,No,Yes,9,No,No,No,No,No,No,No,Yes,Month-to-Month,No,Credit Card,3,Yes,1
Male,27,No,No,No,0,No,0,Offer E,Yes,11.06,No,Yes,58,No,No,No,No,No,No,Yes,Yes,Month-to-Month,Yes,Bank Withdrawal,3,Yes,1
Female,25,No,No,No,0,No,0,None,Yes,40.78,No,Yes,41,No,No,No,No,No,No,Yes,Yes,Month-to-Month,No,Bank Withdrawal,3,Yes,41
Male,40,No,No,Yes,3,No,0,Offer E,Yes,41.02,No,Yes,27,No,No,No,No,Yes,No,No,Yes,Month-to-Month,No,Bank Withdrawal,1,Yes,9
Female,47,No,Yes,No,0,Yes,1,None,Yes,15.66,No,Yes,24,Yes,No,Yes,Yes,Yes,Yes,Yes,No,One Year,Yes,Bank Withdrawal,1,Yes,33
Male,57,No,No,No,0,No,0,None,Yes,22.03,No,Yes,26,No,No,No,No,No,No,No,Yes,Month-to-Month,Yes,Bank Withdrawal,2,Yes,1
Female,22,No,No,No,0,No,0,None,Yes,35.59,No,Yes,69,No,Yes,No,No,No,No,Yes,Yes,Month-to-Month,Yes,Bank Withdrawal,3,Yes,56
Female,33,No,Yes,No,0,Yes,1,None,Yes,15.02,Yes,Yes,29,No,No,No,No,No,No,No,Yes,Month-to-Month,Yes,Credit Card,2,Yes,3
Male,27,No,No,No,0,No,0,None,Yes,46.21,No,Yes,58,No,No,No,No,No,No,Yes,Yes,Month-to-Month,Yes,Bank Withdrawal,1,Yes,1
Male,57,No,Yes,Yes,1,Yes,1,None,Yes,11.54,Yes,Yes,19,No,Yes,No,No,No,No,No,Yes,Month-to-Month,Yes,Bank Withdrawal,1,Yes,5
Female,37,No,Yes,Yes,1,Yes,1,None,No,0,No,Yes,19,Yes,No,No,No,No,No,No,Yes,Month-to-Month,No,Bank Withdrawal,1,Yes,1
Male,34,No,Yes,No,0,Yes,1,Offer A,Yes,29.59,Yes,Yes,3,No,Yes,No,No,Yes,Yes,Yes,No,Two Year,No,Bank Withdrawal,2,Yes,70
Female,20,No,No,No,0,No,0,None,Yes,5.19,Yes,Yes,47,No,Yes,Yes,No,Yes,Yes,Yes,Yes,Month-to-Month,Yes,Bank Withdrawal,2,Yes,48
Female,55,No,Yes,No,0,Yes,1,None,Yes,17.73,Yes,Yes,29,No,No,No,No,No,No,No,Yes,Month-to-Month,Yes,Credit Card,3,Yes,24
Male,22,No,No,No,0,No,0,None,Yes,19.85,No,No,0,No,No,No,No,No,No,No,No,Month-to-Month,No,Credit Card,2,Yes,1
Male,52,No,No,No,0,No,0,None,Yes,47.82,Yes,Yes,13,No,No,No,No,No,No,No,Yes,Month-to-Month,Yes,Bank Withdrawal,1,Yes,4
Female,63,No,Yes,No,0,Yes,1,None,Yes,7.01,Yes,Yes,24,No,Yes,No,Yes,Yes,No,No,Yes,Month-to-Month,Yes,Credit Card,3,Yes,30
Female,53,No,No,No,0,No,0,None,Yes,29.66,Yes,Yes,12,No,No,No,No,Yes,Yes,Yes,Yes,Month-to-Month,No,Bank Withdrawal,3,Yes,8
Female,49,No,Yes,No,0,Yes,1,None,Yes,32.02,No,Yes,28,No,Yes,No,Yes,No,Yes,Yes,Yes,One Year,Yes,Bank Withdrawal,3,Yes,41
Male,29,No,No,No,0,No,0,None,No,0,No,Yes,85,Yes,Yes,No,No,No,No,No,Yes,Month-to-Month,Yes,Credit Card,1,Yes,3
Male,63,No,No,No,0,No,0,None,Yes,46.57,No,Yes,16,No,Yes,No,No,No,No,No,Yes,Month-to-Month,Yes,Credit Card,3,Yes,3
Male,51,No,No,No,0,No,0,None,Yes,37.69,Yes,Yes,15,No,Yes,Yes,No,Yes,Yes,Yes,Yes,Month-to-Month,Yes,Credit Card,1,Yes,40
Male,47,No,No,No,0,No,0,Offer D,Yes,18.7,Yes,Yes,24,No,No,Yes,No,No,No,No,Yes,Month-to-Month,Yes,Bank Withdrawal,2,Yes,23
Female,28,No,No,No,0,No,0,None,Yes,18.03,No,Yes,59,Yes,Yes,No,Yes,No,No,No,Yes,Month-to-Month,Yes,Credit Card,1,Yes,4
Male,64,No,Yes,Yes,2,Yes,1,None,Yes,37.68,No,Yes,26,No,No,No,No,No,No,No,Yes,Month-to-Month,Yes,Credit Card,1,Yes,1
Male,44,No,No,No,0,No,0,Offer D,Yes,9.6,No,Yes,23,No,No,No,Yes,Yes,No,No,Yes,One Year,Yes,Bank Withdrawal,3,Yes,12
Female,40,No,No,No,0,No,0,None,Yes,41.92,No,Yes,29,No,No,No,No,No,No,No,Yes,Month-to-Month,Yes,Bank Withdrawal,2,Yes,9
Female,28,No,No,No,0,No,0,Offer A,Yes,37.5,Yes,Yes,30,Yes,Yes,Yes,No,Yes,No,No,Yes,Month-to-Month,Yes,Credit Card,1,Yes,67
Female,36,No,Yes,No,0,No,0,Offer E,No,0,No,Yes,10,No,Yes,No,No,No,No,No,Yes,Month-to-Month,Yes,Bank Withdrawal,3,No,1
Male,46,No,No,No,0,No,0,None,Yes,17.09,No,Yes,16,Yes,No,Yes,No,No,No,No,Yes,One Year,No,Mailed Check,3,No,34
Male,53,No,No,No,0,No,0,None,No,0,No,Yes,10,Yes,No,Yes,Yes,No,No,No,Yes,One Year,No,Bank Withdrawal,3,No,45
Male,42,No,No,Yes,3,No,0,Offer D,Yes,29.54,Yes,Yes,53,No,Yes,No,No,Yes,No,No,Yes,Month-to-Month,Yes,Credit Card,4,No,22
Female,42,No,No,No,0,No,0,Offer D,No,0,No,Yes,8,Yes,No,No,No,No,No,No,Yes,Month-to-Month,No,Mailed Check,3,No,10
Male,48,No,No,No,0,No,0,Offer B,Yes,7.96,No,Yes,8,Yes,Yes,No,No,No,No,No,Yes,One Year,No,Bank Withdrawal,4,No,62
Male,37,No,Yes,Yes,2,Yes,1,Offer D,Yes,29.68,No,Yes,22,Yes,No,No,No,No,No,No,No,Month-to-Month,Yes,Mailed Check,3,No,13
Male,21,No,No,No,0,No,0,Offer D,Yes,32.62,No,No,0,No,No,No,No,No,No,No,No,Two Year,No,Credit Card,3,No,16
Male,39,No,Yes,No,0,Yes,7,Offer B,Yes,5.69,Yes,Yes,10,No,No,Yes,No,Yes,Yes,Yes,Yes,One Year,No,Credit Card,3,No,58
Male,27,No,No,No,0,No,0,None,Yes,10.4,No,Yes,48,Yes,No,Yes,Yes,Yes,Yes,Yes,Yes,Month-to-Month,Yes,Bank Withdrawal,3,No,25
Female,48,No,Yes,No,0,Yes,7,Offer A,Yes,33.23,Yes,Yes,3,Yes,Yes,Yes,Yes,Yes,Yes,Yes,Yes,Two Year,No,Credit Card,4,No,69
Female,57,No,No,No,0,No,0,Offer B,Yes,22.55,No,No,0,No,No,No,No,No,No,No,No,One Year,No,Mailed Check,4,No,52
Male,61,No,No,No,0,No,0,None,Yes,14.67,Yes,Yes,7,Yes,No,Yes,No,Yes,Yes,Yes,Yes,Two Year,No,Bank Withdrawal,3,No,71
Female,30,No,No,No,0,No,0,Offer D,Yes,6.49,No,Yes,73,No,Yes,Yes,No,No,Yes,Yes,No,Month-to-Month,Yes,Bank Withdrawal,3,No,21
Male,45,No,Yes,No,0,Yes,10,Offer D,Yes,11.04,No,No,0,No,No,No,No,No,No,No,No,One Year,No,Bank Withdrawal,4,No,12
Female,25,No,Yes,No,0,Yes,1,Offer B,Yes,48.98,Yes,Yes,76,No,Yes,No,Yes,No,No,No,Yes,Two Year,Yes,Credit Card,3,No,58
Male,42,No,Yes,Yes,2,Yes,3,Offer B,Yes,5.29,No,Yes,30,Yes,Yes,No,Yes,No,No,No,Yes,Month-to-Month,No,Credit Card,3,No,49
Female,25,No,No,No,0,No,0,None,Yes,19.41,No,Yes,27,Yes,Yes,No,No,No,No,No,Yes,Month-to-Month,Yes,Bank Withdrawal,4,No,30
Male,36,No,Yes,No,0,Yes,9,None,Yes,10.92,Yes,Yes,28,Yes,Yes,Yes,Yes,Yes,Yes,Yes,Yes,Two Year,Yes,Credit Card,3,No,72
Female,46,No,Yes,No,0,Yes,5,None,Yes,40.21,No,Yes,13,Yes,Yes,Yes,Yes,No,No,No,Yes,One Year,No,Credit Card,3,No,27
Male,35,No,No,No,0,No,0,Offer E,Yes,24.48,No,No,0,No,No,No,No,No,No,No,No,Month-to-Month,No,Bank Withdrawal,5,No,1
Female,60,No,Yes,No,0,Yes,7,None,Yes,23.66,Yes,Yes,26,Yes,Yes,No,Yes,Yes,No,No,Yes,Two Year,No,Bank Withdrawal,4,No,72
Female,19,No,No,No,0,No,0,Offer B,Yes,42.44,No,Yes,69,No,No,Yes,No,No,No,No,Yes,Month-to-Month,Yes,Credit Card,3,No,46
Male,53,No,Yes,No,0,Yes,6,Offer D,Yes,26.17,No,Yes,7,No,Yes,No,No,No,No,No,Yes,One Year,No,Credit Card,3,No,10
Female,52,No,Yes,No,0,Yes,8,None,Yes,29.38,Yes,Yes,23,Yes,Yes,No,No,Yes,No,No,No,Two Year,Yes,Credit Card,3,No,70
Female,28,No,Yes,No,0,Yes,8,Offer D,Yes,8.74,No,No,0,No,No,No,No,No,No,No,No,One Year,No,Credit Card,4,No,17
Female,36,No,No,No,0,No,0,Offer B,Yes,12.82,Yes,Yes,17,Yes,Yes,Yes,Yes,Yes,No,No,Yes,Two Year,Yes,Credit Card,3,No,63
Female,42,No,Yes,No,0,Yes,1,Offer D,Yes,11.79,Yes,Yes,29,Yes,Yes,No,Yes,Yes,No,No,Yes,Month-to-Month,Yes,Bank Withdrawal,5,No,13
Female,49,No,No,No,0,No,0,Offer B,Yes,27.2,Yes,Yes,24,No,No,No,No,No,Yes,Yes,Yes,Month-to-Month,Yes,Bank Withdrawal,5,No,49
Male,22,No,No,No,0,No,0,None,Yes,40.75,No,Yes,71,No,Yes,No,No,No,No,No,Yes,Month-to-Month,No,Credit Card,5,No,2
Male,23,No,No,No,0,No,0,Offer B,Yes,29.16,Yes,Yes,73,Yes,No,No,Yes,Yes,Yes,Yes,Yes,Two Year,Yes,Credit Card,4,No,52
Female,64,No,Yes,No,0,Yes,7,None,Yes,39.88,Yes,Yes,17,Yes,No,Yes,Yes,No,No,No,No,Two Year,Yes,Credit Card,3,No,69
Female,44,No,Yes,No,0,Yes,2,Offer B,Yes,1.43,Yes,Yes,16,Yes,No,No,No,Yes,Yes,Yes,Yes,One Year,Yes,Credit Card,3,No,63
Female,61,No,Yes,No,0,Yes,10,None,Yes,25.21,Yes,No,0,No,No,No,No,No,No,No,No,Two Year,No,Credit Card,3,No,34
Female,40,No,No,No,0,No,0,None,Yes,9.47,Yes,Yes,21,No,No,Yes,Yes,Yes,Yes,Yes,No,Two Year,Yes,Credit Card,3,No,72
Female,34,No,Yes,No,0,Yes,3,Offer B,Yes,38.15,Yes,Yes,14,No,No,Yes,No,Yes,Yes,Yes,Yes,Month-to-Month,Yes,Bank Withdrawal,3,No,47
Male,27,No,No,No,0,No,0,Offer B,Yes,42.88,Yes,Yes,52,No,Yes,No,No,Yes,No,No,Yes,Month-to-Month,Yes,Bank Withdrawal,3,No,60
Male,36,No,Yes,No,0,Yes,7,Offer A,No,0,No,Yes,17,Yes,Yes,Yes,No,No,No,No,Yes,Two Year,No,Bank Withdrawal,4,No,72
Female,43,No,Yes,No,0,Yes,2,Offer D,Yes,44.97,No,Yes,7,No,No,Yes,Yes,No,No,No,Yes,One Year,Yes,Credit Card,5,No,18
Female,53,No,No,No,0,No,0,Offer E,Yes,38.99,No,Yes,20,No,Yes,No,Yes,Yes,Yes,Yes,Yes,Month-to-Month,Yes,Bank Withdrawal,3,No,3
Male,32,No,Yes,No,0,Yes,8,Offer B,Yes,39.52,Yes,Yes,30,No,Yes,No,No,No,No,No,Yes,One Year,Yes,Bank Withdrawal,5,No,47
Female,61,No,No,No,0,No,0,None,Yes,25.57,No,Yes,27,No,Yes,Yes,Yes,Yes,Yes,Yes,No,Two Year,No,Credit Card,5,No,31
Female,37,No,Yes,No,0,Yes,5,Offer B,Yes,26.95,No,No,0,No,No,No,No,No,No,No,No,Two Year,No,Bank Withdrawal,4,No,50
Male,29,No,No,No,0,No,0,None,Yes,48.38,No,Yes,42,Yes,No,Yes,No,No,No,No,Yes,Month-to-Month,Yes,Credit Card,3,No,10
Male,39,No,No,No,0,No,0,None,Yes,25.77,No,Yes,5,No,No,No,Yes,No,No,No,Yes,Month-to-Month,No,Credit Card,3,No,1
Female,24,No,Yes,No,0,Yes,3,Offer B,Yes,5.65,No,No,0,No,No,No,No,No,No,No,No,One Year,Yes,Bank Withdrawal,3,No,52
Male,40,No,Yes,No,0,Yes,4,Offer B,Yes,48.73,Yes,No,0,No,No,No,No,No,No,No,No,Two Year,Yes,Bank Withdrawal,5,No,62
Female,51,No,No,Yes,3,No,0,Offer E,Yes,39.55,No,Yes,56,Yes,No,No,Yes,No,Yes,Yes,No,Month-to-Month,Yes,Bank Withdrawal,3,No,3
Female,50,No,No,No,0,No,0,Offer B,Yes,2.03,No,Yes,7,No,No,No,No,No,Yes,Yes,Yes,One Year,No,Credit Card,5,No,46
Female,62,No,Yes,Yes,1,Yes,1,Offer E,Yes,38.78,No,Yes,18,Yes,Yes,No,No,No,No,No,Yes,Month-to-Month,No,Credit Card,3,No,8
Female,48,No,Yes,No,0,Yes,4,Offer B,Yes,22.49,Yes,No,0,No,No,No,No,No,No,No,No,One Year,Yes,Credit Card,4,No,45
Female,23,No,Yes,Yes,1,Yes,1,None,No,0,No,Yes,41,Yes,No,No,No,Yes,Yes,Yes,Yes,Month-to-Month,No,Bank Withdrawal,3,No,11
Female,38,No,No,No,0,No,0,Offer B,Yes,40.15,No,Yes,28,No,Yes,Yes,Yes,Yes,Yes,Yes,No,Month-to-Month,Yes,Bank Withdrawal,4,No,42
Female,31,No,Yes,No,0,Yes,10,None,Yes,2.82,No,No,0,No,No,No,No,No,No,No,No,Two Year,Yes,Bank Withdrawal,5,No,49
Male,30,No,No,No,0,No,0,Offer E,Yes,4.81,Yes,Yes,69,No,Yes,No,No,Yes,Yes,Yes,Yes,Month-to-Month,Yes,Credit Card,3,No,9
Female,51,No,Yes,No,0,Yes,1,Offer C,Yes,24.53,No,Yes,30,Yes,No,No,No,Yes,No,No,Yes,One Year,Yes,Bank Withdrawal,4,No,35
Female,24,No,Yes,No,0,Yes,10,None,Yes,37.96,No,No,0,No,No,No,No,No,No,No,No,Two Year,No,Bank Withdrawal,5,No,48
Female,56,No,Yes,No,0,Yes,1,None,Yes,30.47,No,No,0,No,No,No,No,No,No,No,No,Two Year,Yes,Credit Card,5,No,46
Male,47,No,Yes,No,0,Yes,4,Offer C,No,0,No,Yes,22,No,No,No,No,Yes,No,No,Yes,Month-to-Month,No,Credit Card,3,No,29
Male,32,No,Yes,Yes,3,Yes,5,Offer C,Yes,6.19,No,Yes,21,No,Yes,Yes,No,No,No,No,No,Month-to-Month,No,Bank Withdrawal,3,No,30
Male,57,No,Yes,No,0,No,0,Offer A,Yes,6.22,Yes,Yes,26,Yes,No,Yes,Yes,Yes,Yes,Yes,Yes,Two Year,Yes,Credit Card,4,No,66
Female,50,No,No,No,0,No,0,None,Yes,41.78,Yes,Yes,14,Yes,Yes,Yes,No,Yes,Yes,Yes,Yes,Month-to-Month,Yes,Credit Card,4,No,65
Male,52,No,No,No,0,No,0,Offer A,Yes,24.53,Yes,Yes,12,No,Yes,Yes,No,Yes,Yes,Yes,Yes,Two Year,Yes,Bank Withdrawal,3,No,72
Male,50,No,Yes,No,0,Yes,1,Offer A,Yes,4.85,Yes,Yes,26,Yes,Yes,No,Yes,No,No,No,Yes,One Year,Yes,Credit Card,4,No,71
Male,62,No,No,No,0,No,0,None,Yes,28.3,No,No,0,No,No,No,No,No,No,No,No,Two Year,No,Bank Withdrawal,4,No,52
Male,19,No,No,No,0,No,0,Offer E,Yes,41.1,No,No,0,No,No,No,No,No,No,No,No,Month-to-Month,No,Credit Card,3,No,1
Female,38,No,Yes,Yes,2,Yes,1,Offer E,Yes,16.44,No,No,0,No,No,No,No,No,No,No,No,Month-to-Month,No,Bank Withdrawal,3,No,1
Male,34,No,No,No,0,No,0,Offer C,Yes,3.95,Yes,Yes,21,No,No,Yes,Yes,Yes,No,No,Yes,One Year,No,Bank Withdrawal,5,No,38
Male,35,No,No,No,0,No,0,Offer E,No,0,No,Yes,21,No,No,No,No,No,No,No,Yes,Month-to-Month,No,Credit Card,3,No,5
Female,25,No,Yes,No,0,Yes,1,Offer A,Yes,25.82,Yes,Yes,59,Yes,Yes,No,No,Yes,Yes,Yes,Yes,One Year,Yes,Bank Withdrawal,3,No,72
Female,60,No,No,No,0,No,0,Offer C,No,0,No,Yes,18,Yes,No,No,No,No,No,No,Yes,One Year,No,Credit Card,4,No,32
Male,50,No,No,No,0,No,0,None,Yes,41.22,Yes,Yes,7,No,No,No,No,Yes,Yes,Yes,Yes,One Year,No,Credit Card,3,No,43
Male,38,No,Yes,No,0,Yes,1,Offer A,Yes,49.5,No,No,0,No,No,No,No,No,No,No,No,Two Year,No,Credit Card,5,No,72
Female,35,No,No,No,0,No,0,None,Yes,33.84,No,Yes,5,Yes,No,Yes,Yes,No,No,No,Yes,One Year,No,Credit Card,3,No,52
Female,36,No,No,No,0,No,0,None,Yes,26.55,No,Yes,12,No,Yes,Yes,No,Yes,No,No,Yes,Month-to-Month,Yes,Bank Withdrawal,5,No,43
Female,48,No,Yes,No,0,Yes,1,None,No,0,No,Yes,30,No,Yes,No,Yes,Yes,Yes,Yes,Yes,Two Year,Yes,Bank Withdrawal,4,No,64
Male,38,No,Yes,Yes,2,Yes,1,Offer E,Yes,33.3,No,Yes,12,Yes,Yes,No,No,Yes,No,No,Yes,Month-to-Month,No,Bank Withdrawal,3,No,3
Female,61,No,No,No,0,No,0,Offer C,No,0,No,Yes,27,Yes,No,No,No,No,No,No,Yes,Two Year,No,Bank Withdrawal,4,No,36
Female,53,No,No,No,0,No,0,None,Yes,31.62,No,No,0,No,No,No,No,No,No,No,No,Two Year,No,Credit Card,5,No,41
Male,33,No,Yes,Yes,1,Yes,1,Offer C,Yes,48.17,Yes,Yes,15,No,Yes,No,Yes,No,No,No,No,Month-to-Month,Yes,Credit Card,3,No,27
Female,27,No,Yes,No,0,Yes,1,None,Yes,42.37,Yes,Yes,71,No,No,Yes,No,Yes,Yes,Yes,Yes,One Year,Yes,Credit Card,4,No,56
Female,31,No,No,No,0,No,0,Offer E,Yes,7.72,No,No,0,No,No,No,No,No,No,No,No,Month-to-Month,No,Credit Card,5,No,6
Female,20,No,Yes,Yes,2,Yes,1,None,Yes,25.64,No,Yes,71,Yes,No,No,No,No,No,No,Yes,Month-to-Month,No,Credit Card,3,No,7
Female,27,No,Yes,Yes,1,Yes,1,None,Yes,39.89,No,No,0,No,No,No,No,No,No,No,No,Month-to-Month,No,Credit Card,5,No,4
Male,59,No,No,No,0,No,0,Offer C,Yes,47.64,No,Yes,18,Yes,No,No,Yes,Yes,No,No,Yes,Two Year,Yes,Bank Withdrawal,3,No,33
Male,46,No,Yes,No,0,Yes,1,Offer A,Yes,1.86,Yes,No,0,No,No,No,No,No,No,No,No,Two Year,Yes,Bank Withdrawal,3,No,72
Male,45,No,No,No,0,No,0,None,Yes,15.77,No,No,0,No,No,No,No,No,No,No,No,Month-to-Month,No,Credit Card,3,No,1
Female,49,No,No,No,0,No,0,None,Yes,29.21,Yes,Yes,22,No,No,No,No,No,Yes,Yes,Yes,Month-to-Month,Yes,Bank Withdrawal,5,No,13
Male,60,No,No,No,0,No,0,Offer A,Yes,32.58,No,Yes,8,No,No,No,Yes,No,No,No,Yes,Two Year,No,Bank Withdrawal,5,No,67
Female,42,No,No,No,0,No,0,None,Yes,25.53,Yes,No,0,No,No,No,No,No,No,No,No,Two Year,Yes,Credit Card,4,No,43
Female,37,No,No,No,0,No,0,None,Yes,24.04,No,Yes,22,Yes,No,No,No,No,No,No,Yes,Month-to-Month,Yes,Bank Withdrawal,4,No,23
Female,23,No,Yes,No,0,Yes,1,None,Yes,36.24,No,No,0,No,No,No,No,No,No,No,No,Two Year,No,Credit Card,5,No,64
Male,58,No,No,No,0,No,0,None,Yes,5.71,No,No,0,No,No,No,No,No,No,No,No,Two Year,Yes,Credit Card,3,No,57
Female,35,No,Yes,No,0,Yes,2,None,Yes,17.49,Yes,Yes,21,No,Yes,No,No,Yes,Yes,Yes,Yes,Two Year,Yes,Bank Withdrawal,4,No,61
Male,34,No,No,No,0,No,0,None,Yes,30.27,Yes,Yes,12,Yes,Yes,No,No,No,No,No,Yes,One Year,Yes,Credit Card,3,No,64
Female,56,No,Yes,No,0,Yes,5,None,Yes,13.2,Yes,Yes,13,Yes,Yes,No,Yes,Yes,No,No,Yes,Two Year,Yes,Credit Card,3,No,65
Male,42,No,No,No,0,No,0,None,Yes,35.65,No,No,0,No,No,No,No,No,No,No,No,One Year,No,Credit Card,5,No,3
Male,52,No,No,No,0,No,0,Offer C,Yes,27.88,No,Yes,6,No,Yes,Yes,No,Yes,No,No,No,One Year,No,Credit Card,5,No,30
Male,50,No,Yes,Yes,1,Yes,1,None,Yes,8.44,No,Yes,21,No,Yes,Yes,Yes,No,Yes,Yes,Yes,Month-to-Month,Yes,Credit Card,4,No,15
Female,33,No,Yes,Yes,1,Yes,1,None,Yes,29.94,No,Yes,17,No,No,No,Yes,Yes,Yes,Yes,Yes,Month-to-Month,Yes,Bank Withdrawal,3,No,8
Female,27,No,Yes,No,0,Yes,4,Offer A,Yes,5.77,Yes,Yes,48,Yes,Yes,Yes,No,Yes,Yes,Yes,Yes,One Year,Yes,Credit Card,4,No,70
Male,51,No,Yes,No,0,Yes,2,None,Yes,43.2,No,Yes,23,Yes,Yes,Yes,Yes,Yes,Yes,Yes,Yes,Two Year,No,Bank Withdrawal,4,No,62
Female,29,No,Yes,Yes,3,Yes,9,None,Yes,5.52,No,No,0,No,No,No,No,No,No,No,No,Month-to-Month,No,Credit Card,3,No,6
Female,33,No,Yes,Yes,1,Yes,7,None,Yes,40.22,No,Yes,19,No,No,No,No,No,Yes,Yes,Yes,Month-to-Month,Yes,Bank Withdrawal,5,No,14
Female,23,No,No,No,0,No,0,None,Yes,19.2,Yes,Yes,41,No,No,No,No,Yes,No,No,No,Month-to-Month,Yes,Bank Withdrawal,3,No,22
Male,37,No,Yes,No,0,Yes,3,None,Yes,48.06,No,No,0,No,No,No,No,No,No,No,No,One Year,No,Credit Card,5,No,22
Male,38,No,Yes,No,0,Yes,9,None,Yes,23.31,No,Yes,27,Yes,No,Yes,No,Yes,No,No,Yes,Two Year,No,Credit Card,4,No,16
Male,44,No,No,No,0,No,0,None,Yes,32.1,Yes,No,0,No,No,No,No,No,No,No,No,Two Year,No,Bank Withdrawal,5,No,10
Female,63,No,No,Yes,1,No,0,None,Yes,27.04,No,Yes,10,Yes,Yes,No,No,No,No,No,Yes,Month-to-Month,Yes,Bank Withdrawal,3,No,13
Female,54,No,No,No,0,No,0,None,Yes,15.67,No,Yes,8,No,No,No,No,No,No,No,Yes,Month-to-Month,Yes,Bank Withdrawal,5,No,2
Male,35,No,No,No,0,No,0,None,Yes,6.54,Yes,Yes,4,No,Yes,Yes,Yes,No,Yes,Yes,Yes,Two Year,Yes,Bank Withdrawal,4,No,53
Female,21,No,Yes,No,0,Yes,7,None,Yes,1.92,No,No,0,No,No,No,No,No,No,No,No,One Year,No,Credit Card,3,No,11
Male,40,No,Yes,No,0,Yes,3,Offer A,Yes,30.86,No,No,0,No,No,No,No,No,No,No,No,Two Year,No,Credit Card,5,No,69
Male,39,No,Yes,No,0,Yes,7,Offer A,Yes,6.05,Yes,Yes,30,Yes,Yes,Yes,Yes,Yes,Yes,Yes,Yes,Two Year,Yes,Bank Withdrawal,4,No,72
Female,59,No,Yes,Yes,2,Yes,3,Offer D,Yes,45.54,No,No,0,No,No,No,No,No,No,No,No,Month-to-Month,No,Bank Withdrawal,4,No,16
Male,61,No,Yes,No,0,Yes,6,None,Yes,15.2,No,Yes,21,Yes,No,Yes,Yes,No,No,No,Yes,One Year,Yes,Bank Withdrawal,3,No,43
Male,48,No,Yes,No,0,Yes,3,Offer D,Yes,5.17,No,Yes,25,No,Yes,Yes,Yes,Yes,Yes,Yes,Yes,Two Year,No,Credit Card,3,No,14
Female,61,No,No,No,0,No,0,Offer C,Yes,35.97,No,No,0,No,No,No,No,No,No,No,No,One Year,No,Bank Withdrawal,3,No,32
Female,49,No,Yes,No,0,Yes,5,Offer C,Yes,11.52,Yes,No,0,No,No,No,No,No,No,No,No,Month-to-Month,No,Bank Withdrawal,4,No,34
Female,19,No,Yes,Yes,3,Yes,6,Offer D,Yes,4.19,Yes,Yes,59,No,Yes,Yes,No,Yes,Yes,Yes,Yes,Month-to-Month,Yes,Bank Withdrawal,3,No,15
Male,22,No,Yes,No,0,Yes,3,None,Yes,19.27,No,No,0,No,No,No,No,No,No,No,No,One Year,Yes,Credit Card,4,No,61
Female,25,No,No,No,0,No,0,None,Yes,47.36,No,Yes,41,No,No,No,No,No,No,No,Yes,Month-to-Month,No,Credit Card,5,No,1
Male,35,No,Yes,No,0,Yes,7,Offer C,Yes,48.85,No,Yes,30,Yes,No,Yes,No,Yes,Yes,Yes,Yes,One Year,No,Credit Card,3,No,33
Male,45,No,No,No,0,No,0,Offer D,Yes,3.94,No,Yes,18,No,Yes,No,No,No,No,No,Yes,Month-to-Month,Yes,Credit Card,4,No,20
Male,19,No,No,No,0,No,0,None,No,0,No,Yes,59,No,No,No,Yes,No,No,No,Yes,Month-to-Month,No,Bank Withdrawal,4,No,3
Female,61,No,No,No,0,No,0,Offer D,Yes,33.13,No,No,0,No,No,No,No,No,No,No,No,One Year,No,Bank Withdrawal,3,No,13
Female,62,No,Yes,No,0,Yes,5,None,Yes,48.29,Yes,Yes,23,No,Yes,No,No,No,No,No,Yes,Month-to-Month,No,Credit Card,5,No,40
Male,24,No,Yes,No,0,Yes,5,Offer B,Yes,48.1,Yes,Yes,51,Yes,No,No,Yes,No,Yes,Yes,Yes,One Year,Yes,Credit Card,3,No,43
Female,38,No,Yes,No,0,Yes,9,Offer A,Yes,5.27,No,No,0,No,No,No,No,No,No,No,No,Two Year,No,Bank Withdrawal,4,No,69
Female,42,No,Yes,No,0,Yes,7,Offer A,Yes,18.66,Yes,Yes,3,Yes,Yes,Yes,No,Yes,Yes,Yes,Yes,Two Year,No,Credit Card,4,No,72
Male,33,No,Yes,No,0,Yes,3,Offer B,Yes,25.57,No,No,0,No,No,No,No,No,No,No,No,Two Year,No,Credit Card,3,No,59
Female,32,No,Yes,No,0,No,0,Offer D,Yes,28.57,No,Yes,15,Yes,Yes,No,Yes,Yes,No,No,Yes,Month-to-Month,Yes,Bank Withdrawal,3,No,20
Male,19,No,Yes,Yes,3,Yes,1,Offer C,Yes,1.14,Yes,No,0,No,No,No,No,No,No,No,No,Two Year,Yes,Bank Withdrawal,3,No,24
Male,19,No,No,No,0,No,0,Offer B,Yes,48.12,Yes,Yes,51,No,Yes,Yes,Yes,Yes,Yes,Yes,Yes,Month-to-Month,Yes,Bank Withdrawal,5,No,59
Male,42,No,Yes,Yes,3,Yes,2,Offer A,Yes,11.66,Yes,Yes,28,No,Yes,Yes,Yes,Yes,Yes,Yes,Yes,Two Year,Yes,Bank Withdrawal,4,No,72
Male,29,No,No,Yes,1,No,0,None,Yes,7.57,No,No,0,No,No,No,No,No,No,No,No,Month-to-Month,No,Credit Card,5,No,1
Female,55,No,Yes,No,0,No,0,Offer C,Yes,20.02,No,Yes,27,Yes,No,No,Yes,Yes,Yes,Yes,Yes,One Year,Yes,Credit Card,3,No,27
Female,51,No,No,No,0,No,0,Offer D,Yes,1.69,No,Yes,21,No,Yes,No,Yes,No,No,No,Yes,Month-to-Month,Yes,Credit Card,5,No,14
Male,55,No,Yes,Yes,3,Yes,3,Offer A,Yes,25.02,Yes,Yes,53,Yes,No,Yes,No,Yes,Yes,Yes,Yes,Two Year,No,Bank Withdrawal,3,No,71
Male,55,No,No,Yes,3,No,0,Offer D,Yes,31.93,No,Yes,22,No,No,No,No,Yes,No,No,No,Month-to-Month,Yes,Credit Card,3,No,13
Male,41,No,No,No,0,No,0,Offer B,Yes,1.7,No,Yes,28,No,No,No,No,No,No,No,Yes,Month-to-Month,No,Credit Card,3,No,44
Female,64,No,No,No,0,No,0,Offer C,Yes,42.29,No,Yes,13,No,Yes,No,Yes,No,No,No,Yes,One Year,Yes,Bank Withdrawal,3,No,33
Male,30,No,Yes,No,0,Yes,5,Offer A,No,0,No,Yes,47,Yes,Yes,Yes,Yes,No,Yes,Yes,Yes,Two Year,Yes,Credit Card,3,No,72
Male,22,No,Yes,No,0,Yes,10,Offer B,Yes,40.49,No,Yes,69,No,Yes,Yes,Yes,Yes,Yes,Yes,Yes,One Year,Yes,Credit Card,3,No,64
Female,40,No,No,No,0,No,0,None,No,0,No,Yes,2,No,No,No,No,No,No,No,Yes,Month-to-Month,No,Bank Withdrawal,4,No,1
Male,32,No,No,Yes,2,No,0,Offer B,Yes,15.02,No,No,0,No,No,No,No,No,No,No,No,Two Year,No,Mailed Check,4,No,61
Female,23,No,Yes,No,0,Yes,6,Offer C,Yes,27.72,No,No,0,No,No,No,No,No,No,No,No,One Year,No,Bank Withdrawal,5,No,29
Female,45,No,Yes,No,0,Yes,1,Offer B,No,0,No,Yes,22,Yes,Yes,Yes,No,Yes,Yes,Yes,Yes,Month-to-Month,Yes,Bank Withdrawal,3,No,57
Male,46,No,Yes,No,0,Yes,11,Offer A,No,0,No,Yes,17,Yes,Yes,Yes,Yes,No,No,No,Yes,Two Year,No,Credit Card,4,No,72
Male,38,No,Yes,No,0,Yes,1,None,No,0,No,Yes,29,Yes,Yes,Yes,Yes,Yes,No,No,Yes,Two Year,Yes,Bank Withdrawal,4,No,66
Male,51,No,Yes,No,0,Yes,8,Offer B,Yes,41.57,Yes,Yes,16,No,Yes,Yes,Yes,Yes,Yes,Yes,Yes,Two Year,Yes,Bank Withdrawal,5,No,65
Female,24,No,No,No,0,No,0,None,Yes,39.92,No,Yes,73,No,No,No,No,Yes,No,No,Yes,Month-to-Month,Yes,Bank Withdrawal,4,No,8
Female,55,No,Yes,No,0,Yes,3,None,Yes,32.13,Yes,No,0,No,No,No,No,No,No,No,No,Two Year,No,Bank Withdrawal,3,No,71
Male,32,No,Yes,No,0,Yes,8,None,Yes,44.69,No,No,0,No,No,No,No,No,No,No,No,One Year,Yes,Bank Withdrawal,5,No,1
Female,53,No,No,No,0,No,0,Offer D,Yes,16.72,No,No,0,No,No,No,No,No,No,No,No,One Year,Yes,Bank Withdrawal,5,No,12
Male,28,No,No,No,0,No,0,Offer C,No,0,No,Yes,46,Yes,No,No,No,Yes,Yes,Yes,Yes,One Year,Yes,Mailed Check,3,No,24
Female,26,No,Yes,No,0,Yes,2,None,Yes,39.34,No,Yes,41,Yes,No,Yes,Yes,Yes,Yes,Yes,Yes,One Year,Yes,Mailed Check,4,No,31
Male,62,No,No,No,0,No,0,None,Yes,31.97,Yes,Yes,2,No,No,No,Yes,No,Yes,Yes,Yes,Month-to-Month,Yes,Credit Card,3,No,30
Female,22,No,Yes,No,0,Yes,6,Offer B,Yes,29.15,Yes,Yes,52,Yes,Yes,No,Yes,Yes,Yes,Yes,No,Two Year,Yes,Credit Card,3,No,47
Male,49,No,No,No,0,No,0,Offer B,Yes,17.76,Yes,Yes,4,Yes,Yes,No,Yes,Yes,Yes,Yes,Yes,Two Year,Yes,Credit Card,3,No,54
Male,64,No,No,No,0,No,0,Offer B,Yes,40.83,No,Yes,21,Yes,Yes,No,Yes,No,Yes,Yes,Yes,Month-to-Month,Yes,Credit Card,4,No,50
Female,62,No,No,No,0,No,0,None,Yes,42.36,No,No,0,No,No,No,No,No,No,No,No,Two Year,No,Credit Card,4,No,72
Female,47,No,No,No,0,No,0,None,Yes,4.53,Yes,No,0,No,No,No,No,No,No,No,No,Month-to-Month,No,Bank Withdrawal,4,No,29
Female,41,No,No,No,0,No,0,Offer D,No,0,No,Yes,29,No,No,No,Yes,No,No,No,Yes,Two Year,Yes,Mailed Check,3,No,10
Male,42,No,Yes,No,0,Yes,5,Offer D,Yes,16.78,Yes,Yes,23,No,No,No,No,No,No,No,Yes,Month-to-Month,Yes,Bank Withdrawal,4,No,18
Male,40,No,No,No,0,No,0,Offer D,Yes,40.17,No,No,0,No,No,No,No,No,No,No,No,Two Year,No,Mailed Check,5,No,16
Female,37,No,No,No,0,No,0,None,Yes,8.29,Yes,Yes,13,No,Yes,Yes,Yes,Yes,Yes,Yes,Yes,Two Year,No,Bank Withdrawal,3,No,72
Male,49,No,No,No,0,No,0,None,Yes,35.11,Yes,Yes,22,No,Yes,Yes,Yes,Yes,Yes,Yes,Yes,Two Year,No,Bank Withdrawal,3,No,72
Female,38,No,Yes,No,0,Yes,10,Offer B,Yes,25.16,No,Yes,11,Yes,No,No,Yes,Yes,Yes,Yes,Yes,One Year,Yes,Credit Card,4,No,41
Male,35,No,No,No,0,No,0,Offer B,Yes,37.55,Yes,Yes,30,No,No,Yes,No,No,Yes,Yes,No,One Year,No,Mailed Check,4,No,41
Male,28,No,No,No,0,No,0,Offer B,Yes,6.42,Yes,Yes,48,Yes,Yes,Yes,No,No,Yes,Yes,Yes,One Year,Yes,Bank Withdrawal,3,No,42
Female,27,No,Yes,No,0,Yes,2,Offer B,Yes,21.07,No,Yes,46,Yes,Yes,Yes,No,Yes,No,No,Yes,One Year,Yes,Bank Withdrawal,3,No,51
Male,56,No,No,No,0,No,0,None,Yes,37.48,Yes,Yes,15,No,Yes,Yes,Yes,Yes,Yes,Yes,Yes,One Year,No,Credit Card,5,No,32
Male,29,No,No,No,0,No,0,Offer D,Yes,1.98,No,No,0,No,No,No,No,No,No,No,No,Month-to-Month,Yes,Credit Card,4,No,10
Female,19,No,Yes,No,0,Yes,1,None,No,0,No,Yes,52,No,Yes,Yes,Yes,Yes,Yes,Yes,Yes,Two Year,Yes,Bank Withdrawal,4,No,67
Female,42,No,Yes,Yes,1,Yes,3,Offer B,Yes,20.01,Yes,Yes,12,Yes,Yes,Yes,Yes,Yes,Yes,Yes,Yes,Two Year,No,Credit Card,3,No,61
Male,46,No,No,No,0,No,0,Offer B,Yes,19.8,Yes,Yes,21,Yes,Yes,Yes,Yes,Yes,Yes,Yes,No,One Year,No,Credit Card,3,No,50
Female,35,No,No,No,0,No,0,None,No,0,No,Yes,10,Yes,Yes,No,Yes,No,Yes,Yes,Yes,Two Year,Yes,Bank Withdrawal,3,No,31
Female,57,No,Yes,No,0,Yes,1,Offer B,Yes,33.54,Yes,Yes,4,Yes,Yes,Yes,Yes,Yes,Yes,Yes,Yes,One Year,No,Mailed Check,3,No,45
Female,62,No,Yes,No,0,Yes,1,Offer B,Yes,47.19,Yes,Yes,28,Yes,Yes,Yes,Yes,Yes,Yes,Yes,Yes,Two Year,No,Mailed Check,4,No,61
Male,64,No,No,No,0,No,0,Offer B,Yes,47.16,Yes,No,0,No,No,No,No,No,No,No,No,Two Year,No,Bank Withdrawal,4,No,50
Female,30,No,Yes,No,0,Yes,1,None,Yes,8.21,Yes,No,0,No,No,No,No,No,No,No,No,Two Year,Yes,Credit Card,5,No,71
Male,50,No,Yes,No,0,Yes,1,Offer B,Yes,49.29,No,Yes,22,Yes,Yes,No,Yes,No,No,No,Yes,Two Year,Yes,Bank Withdrawal,3,No,57
Male,47,No,No,No,0,No,0,Offer D,No,0,No,Yes,4,No,No,Yes,Yes,Yes,Yes,Yes,Yes,Month-to-Month,Yes,Bank Withdrawal,3,No,14
Female,24,No,No,No,0,No,0,None,Yes,43.02,No,Yes,42,No,Yes,No,No,No,No,No,Yes,Month-to-Month,No,Bank Withdrawal,3,No,5
Female,29,No,No,No,0,No,0,Offer E,Yes,6.98,No,Yes,30,Yes,Yes,No,No,No,No,No,No,Month-to-Month,No,Mailed Check,4,No,6
Female,44,No,No,No,0,No,0,Offer D,Yes,45.56,No,Yes,17,No,Yes,No,No,No,No,No,Yes,Month-to-Month,No,Bank Withdrawal,4,No,10
Female,21,No,No,Yes,1,No,0,Offer E,Yes,32.73,Yes,No,0,No,No,No,No,No,No,No,No,Month-to-Month,No,Mailed Check,3,No,1
Female,24,No,No,No,0,No,0,None,Yes,5.3,Yes,Yes,59,Yes,No,No,No,No,No,No,Yes,Month-to-Month,No,Mailed Check,3,No,68
Female,64,No,No,No,0,No,0,Offer D,Yes,19.72,Yes,Yes,5,No,No,No,No,No,No,No,Yes,One Year,Yes,Credit Card,4,No,22
Female,35,No,No,No,0,No,0,Offer D,Yes,4.15,No,Yes,18,No,No,No,No,No,No,No,Yes,Month-to-Month,Yes,Bank Withdrawal,4,No,20
Male,24,No,No,No,0,No,0,None,Yes,38.38,No,Yes,82,Yes,Yes,Yes,No,No,No,No,Yes,One Year,No,Mailed Check,3,No,35
Male,51,No,Yes,No,0,Yes,2,Offer D,Yes,16.63,No,Yes,22,No,Yes,Yes,Yes,No,No,No,No,One Year,No,Credit Card,4,No,23
Female,43,No,No,No,0,No,0,None,Yes,18.71,No,No,0,No,No,No,No,No,No,No,No,Month-to-Month,No,Credit Card,3,No,12
Male,44,No,No,No,0,No,0,Offer E,Yes,40.46,No,No,0,No,No,No,No,No,No,No,No,Month-to-Month,No,Credit Card,3,No,1
Female,38,No,Yes,Yes,1,Yes,6,None,Yes,9.4,No,Yes,10,No,No,Yes,No,No,No,No,Yes,Two Year,No,Bank Withdrawal,5,No,71
Male,32,No,Yes,Yes,3,Yes,5,Offer B,Yes,13.86,Yes,Yes,75,No,No,Yes,No,Yes,Yes,Yes,Yes,Month-to-Month,Yes,Bank Withdrawal,5,No,40
Male,34,No,No,No,0,No,0,None,Yes,46.4,No,Yes,23,No,No,No,No,Yes,Yes,Yes,No,One Year,Yes,Bank Withdrawal,4,No,23
Male,55,No,No,No,0,No,0,None,Yes,31.92,No,Yes,4,No,No,Yes,Yes,No,Yes,Yes,Yes,Month-to-Month,Yes,Bank Withdrawal,3,No,4
Female,44,No,Yes,No,0,Yes,8,None,No,0,No,Yes,15,No,Yes,Yes,Yes,Yes,Yes,Yes,Yes,Two Year,No,Credit Card,4,No,68
Male,44,No,No,Yes,2,No,0,None,Yes,1.27,Yes,Yes,13,No,Yes,No,No,No,No,No,Yes,Month-to-Month,Yes,Credit Card,5,No,38
Male,42,No,Yes,Yes,3,Yes,1,Offer B,Yes,40.33,Yes,No,0,No,No,No,No,No,No,No,No,Two Year,No,Credit Card,5,No,52
Male,60,No,Yes,No,0,Yes,7,None,Yes,32.46,No,Yes,7,No,No,Yes,Yes,Yes,Yes,Yes,Yes,Two Year,No,Credit Card,5,No,29
Male,51,No,No,No,0,No,0,Offer B,Yes,2.53,Yes,Yes,6,Yes,No,Yes,No,Yes,Yes,Yes,No,One Year,Yes,Credit Card,3,No,48
Female,34,No,No,No,0,No,0,Offer E,Yes,9.44,No,No,0,No,No,No,No,No,No,No,No,Month-to-Month,Yes,Bank Withdrawal,3,No,1
Female,40,No,No,No,0,No,0,None,Yes,6,No,Yes,8,Yes,No,No,Yes,No,Yes,Yes,Yes,Month-to-Month,Yes,Bank Withdrawal,3,No,22
Female,25,No,No,No,0,No,0,Offer B,Yes,24.85,Yes,Yes,26,Yes,Yes,Yes,Yes,Yes,Yes,Yes,Yes,Two Year,No,Credit Card,4,No,43
Male,23,No,Yes,No,0,Yes,6,None,Yes,26.73,Yes,Yes,41,Yes,Yes,No,Yes,Yes,Yes,Yes,Yes,One Year,No,Credit Card,3,No,51
Male,49,No,No,No,0,No,0,None,Yes,22.22,No,No,0,No,No,No,No,No,No,No,No,Two Year,Yes,Credit Card,3,No,71
Male,64,No,Yes,No,0,Yes,2,None,Yes,23.85,Yes,Yes,10,No,No,No,Yes,Yes,No,No,No,Month-to-Month,Yes,Credit Card,4,No,35
Female,63,No,Yes,No,0,Yes,3,None,No,0,No,Yes,16,No,Yes,Yes,Yes,Yes,Yes,Yes,Yes,Two Year,Yes,Bank Withdrawal,4,No,72
Male,40,No,No,No,0,No,0,Offer E,Yes,27.46,No,Yes,26,No,No,No,No,No,No,No,Yes,Month-to-Month,Yes,Bank Withdrawal,4,No,1
Female,31,No,Yes,No,0,Yes,9,Offer E,Yes,30.07,No,Yes,30,Yes,No,No,No,No,No,No,Yes,One Year,No,Credit Card,3,No,9
Male,62,No,No,No,0,No,0,None,No,0,No,Yes,18,Yes,Yes,No,Yes,Yes,Yes,Yes,Yes,Two Year,Yes,Bank Withdrawal,3,No,69
Female,30,No,Yes,No,0,No,0,None,Yes,44.34,Yes,Yes,71,No,Yes,No,Yes,Yes,Yes,Yes,Yes,Month-to-Month,Yes,Credit Card,3,No,52
Female,37,No,Yes,Yes,1,Yes,5,None,Yes,9.04,No,No,0,No,No,No,No,No,No,No,No,Two Year,Yes,Credit Card,3,No,35
Female,31,No,No,No,0,No,0,Offer E,Yes,31.02,No,No,0,No,No,No,No,No,No,No,No,One Year,Yes,Credit Card,4,No,8
Male,31,No,No,No,0,No,0,None,Yes,22.13,Yes,Yes,22,No,Yes,Yes,No,Yes,No,No,Yes,One Year,Yes,Credit Card,4,No,46
Female,63,No,No,No,0,No,0,None,Yes,21.82,Yes,Yes,2,Yes,Yes,Yes,Yes,Yes,Yes,Yes,Yes,Two Year,Yes,Bank Withdrawal,3,No,68
Female,20,No,No,No,0,No,0,None,Yes,19.64,No,Yes,71,No,Yes,No,No,Yes,Yes,Yes,Yes,Month-to-Month,Yes,Credit Card,4,No,36
Female,59,No,Yes,No,0,Yes,3,None,Yes,30.68,Yes,Yes,18,Yes,Yes,Yes,Yes,Yes,Yes,Yes,Yes,Two Year,No,Credit Card,3,No,71
Female,22,No,Yes,Yes,1,Yes,6,None,Yes,23.2,Yes,Yes,59,Yes,Yes,Yes,No,No,No,No,Yes,Month-to-Month,Yes,Bank Withdrawal,3,No,66
Male,50,No,No,No,0,No,0,None,Yes,35.35,No,No,0,No,No,No,No,No,No,No,No,One Year,No,Credit Card,5,No,63
Female,39,No,No,No,0,No,0,None,Yes,6.61,No,No,0,No,No,No,No,No,No,No,No,One Year,Yes,Credit Card,4,No,41
Female,26,No,Yes,No,0,Yes,9,None,Yes,23.52,No,No,0,No,No,No,No,No,No,No,No,Two Year,No,Bank Withdrawal,4,No,70
Female,47,No,No,No,0,No,0,None,No,0,No,Yes,14,No,No,No,No,Yes,Yes,Yes,No,Month-to-Month,Yes,Bank Withdrawal,3,No,23
Male,57,No,Yes,No,0,Yes,6,None,Yes,4.5,Yes,Yes,9,Yes,No,Yes,Yes,No,No,No,Yes,Two Year,Yes,Credit Card,3,No,37
Male,27,No,No,No,0,No,0,None,Yes,13.02,No,Yes,73,No,No,No,No,No,No,No,Yes,One Year,No,Credit Card,4,No,17
Male,29,No,Yes,No,0,Yes,5,None,Yes,40.18,Yes,Yes,30,No,Yes,No,Yes,Yes,Yes,Yes,Yes,Two Year,Yes,Bank Withdrawal,4,No,64
Male,62,No,Yes,No,0,Yes,1,None,Yes,13.23,Yes,Yes,23,Yes,No,No,No,Yes,Yes,Yes,No,One Year,No,Bank Withdrawal,3,No,42
Male,59,No,No,Yes,1,No,0,Offer E,Yes,12.22,No,No,0,No,No,No,No,No,No,No,No,Month-to-Month,No,Credit Card,5,No,5
Female,64,No,No,No,0,No,0,None,Yes,10.26,No,Yes,2,No,Yes,No,Yes,Yes,Yes,Yes,Yes,Two Year,Yes,Bank Withdrawal,4,No,41
Male,61,No,Yes,No,0,Yes,10,None,Yes,18.37,No,Yes,18,No,No,Yes,No,No,No,No,Yes,One Year,No,Credit Card,5,No,58
Female,34,No,No,No,0,No,0,None,Yes,44.69,No,No,0,No,No,No,No,No,No,No,No,Two Year,Yes,Credit Card,4,No,47
Male,51,No,No,No,0,No,0,None,Yes,26.84,No,Yes,20,No,No,No,Yes,No,No,No,Yes,Month-to-Month,Yes,Bank Withdrawal,4,No,18
Male,25,No,Yes,No,0,Yes,5,None,Yes,3.67,No,Yes,69,Yes,No,No,No,No,Yes,Yes,No,Month-to-Month,Yes,Bank Withdrawal,4,No,23
Female,35,No,No,No,0,No,0,None,Yes,22.37,No,No,0,No,No,No,No,No,No,No,No,Month-to-Month,No,Credit Card,5,No,1
Male,60,No,Yes,No,0,Yes,8,None,Yes,34.72,Yes,Yes,10,No,No,Yes,No,Yes,Yes,Yes,Yes,One Year,Yes,Credit Card,5,No,71
Male,47,No,Yes,Yes,1,Yes,2,None,Yes,17.3,Yes,Yes,14,Yes,Yes,Yes,Yes,Yes,Yes,Yes,Yes,Two Year,Yes,Credit Card,3,No,72
Male,63,No,Yes,No,0,Yes,2,None,Yes,34.22,No,No,0,No,No,No,No,No,No,No,No,One Year,No,Credit Card,5,No,33
Male,44,No,No,No,0,No,0,None,No,0,No,Yes,20,Yes,No,No,Yes,No,No,No,Yes,Two Year,No,Credit Card,3,No,24
Female,45,No,Yes,No,0,Yes,9,None,Yes,20.53,Yes,Yes,19,No,Yes,Yes,Yes,No,Yes,Yes,Yes,One Year,Yes,Credit Card,4,No,56
Male,28,No,No,No,0,No,0,None,Yes,21.84,No,Yes,41,No,Yes,No,No,Yes,Yes,Yes,Yes,Month-to-Month,Yes,Credit Card,4,No,37
Female,29,No,No,No,0,No,0,None,Yes,2.49,Yes,Yes,53,No,Yes,Yes,Yes,Yes,Yes,Yes,No,One Year,No,Credit Card,3,No,43
Male,31,No,No,No,0,No,0,None,No,0,No,Yes,13,No,No,No,No,No,No,No,Yes,Month-to-Month,No,Credit Card,4,No,1
Female,52,No,No,No,0,No,0,None,Yes,23.45,Yes,Yes,8,Yes,Yes,Yes,Yes,Yes,Yes,Yes,Yes,Two Year,No,Bank Withdrawal,3,No,61
Male,41,No,No,No,0,No,0,None,Yes,49.71,Yes,Yes,4,No,No,Yes,Yes,No,No,No,Yes,One Year,No,Bank Withdrawal,5,No,17
Female,53,No,Yes,No,0,Yes,3,None,Yes,13.23,No,Yes,16,No,Yes,Yes,Yes,No,No,No,Yes,One Year,Yes,Bank Withdrawal,3,No,41
Male,59,No,No,No,0,No,0,None,Yes,9.91,Yes,Yes,4,No,Yes,Yes,No,Yes,Yes,Yes,Yes,Two Year,Yes,Bank Withdrawal,4,No,48
Female,51,No,No,No,0,No,0,None,No,0,No,Yes,13,Yes,Yes,Yes,Yes,No,Yes,Yes,No,One Year,Yes,Bank Withdrawal,3,No,42
Male,50,No,No,No,0,No,0,None,Yes,44.92,Yes,Yes,16,No,No,Yes,No,No,Yes,Yes,Yes,Month-to-Month,Yes,Credit Card,4,No,44
Male,62,No,No,Yes,2,No,0,None,Yes,15.66,No,Yes,29,No,No,No,No,No,No,No,Yes,Month-to-Month,No,Bank Withdrawal,5,No,1
Female,49,No,No,No,0,No,0,None,Yes,35.17,Yes,Yes,24,No,No,No,No,Yes,Yes,Yes,Yes,Month-to-Month,Yes,Bank Withdrawal,4,No,27
Female,47,No,No,No,0,No,0,None,Yes,32.03,No,No,0,No,No,No,No,No,No,No,No,Month-to-Month,No,Credit Card,5,No,19
Female,61,No,No,No,0,No,0,None,Yes,13.28,Yes,Yes,24,Yes,Yes,Yes,Yes,Yes,Yes,Yes,Yes,Two Year,Yes,Credit Card,4,No,66
Female,44,No,Yes,No,0,Yes,10,None,Yes,17.82,No,No,0,No,No,No,No,No,No,No,No,One Year,No,Credit Card,4,No,23
Female,46,No,No,No,0,No,0,None,Yes,43.8,No,No,0,No,No,No,No,No,No,No,No,One Year,No,Bank Withdrawal,4,No,32
Female,52,No,No,No,0,No,0,None,Yes,26.85,No,No,0,No,No,No,No,No,No,No,No,One Year,No,Credit Card,4,No,11
Female,49,No,Yes,No,0,Yes,9,None,Yes,44.79,No,Yes,14,Yes,No,No,Yes,No,No,No,No,One Year,No,Bank Withdrawal,3,No,68
Male,62,No,No,No,0,No,0,None,Yes,27.11,No,No,0,No,No,No,No,No,No,No,No,Two Year,Yes,Credit Card,5,No,20
Male,39,No,No,No,0,No,0,Offer A,Yes,30.44,No,No,0,No,No,No,No,No,No,No,No,Two Year,Yes,Credit Card,3,No,72
Male,59,No,Yes,No,0,Yes,5,Offer B,Yes,5.43,Yes,Yes,29,Yes,No,Yes,No,Yes,No,No,Yes,One Year,Yes,Bank Withdrawal,4,No,60
Female,55,No,Yes,No,0,Yes,9,Offer B,Yes,35.46,Yes,No,0,No,No,No,No,No,No,No,No,One Year,Yes,Bank Withdrawal,4,No,46
Female,62,No,Yes,No,0,Yes,3,None,Yes,5.39,Yes,Yes,17,No,No,No,No,No,No,No,Yes,Month-to-Month,Yes,Bank Withdrawal,5,No,29
Male,21,No,No,No,0,No,0,Offer B,Yes,1.51,Yes,Yes,52,No,Yes,Yes,Yes,No,No,No,No,Month-to-Month,Yes,Bank Withdrawal,5,No,51
Female,58,No,Yes,Yes,1,Yes,6,Offer D,Yes,40.03,No,Yes,20,No,Yes,No,No,No,No,No,Yes,Month-to-Month,No,Bank Withdrawal,3,No,16
Male,23,No,Yes,No,0,Yes,5,Offer A,Yes,45.24,Yes,Yes,42,No,Yes,Yes,Yes,No,Yes,Yes,Yes,Two Year,Yes,Bank Withdrawal,3,No,70
Female,27,No,Yes,Yes,2,Yes,2,Offer B,Yes,33.44,Yes,No,0,No,No,No,No,No,No,No,No,Two Year,Yes,Credit Card,5,No,40
Female,41,No,Yes,Yes,3,Yes,6,None,Yes,6.7,Yes,No,0,No,No,No,No,No,No,No,No,Month-to-Month,Yes,Credit Card,5,No,5
Female,61,No,No,No,0,No,0,None,Yes,27.46,No,Yes,4,No,No,No,No,No,No,No,Yes,Month-to-Month,Yes,Bank Withdrawal,3,No,7
Male,46,No,No,No,0,No,0,None,Yes,49.92,Yes,Yes,23,No,Yes,Yes,Yes,No,Yes,Yes,No,One Year,No,Credit Card,5,No,29
Male,54,No,Yes,No,0,Yes,10,Offer B,Yes,15.33,Yes,No,0,No,No,No,No,No,No,No,No,One Year,No,Credit Card,3,No,44
Female,31,No,No,No,0,No,0,Offer D,No,0,No,Yes,24,Yes,Yes,Yes,No,No,No,No,Yes,Month-to-Month,No,Bank Withdrawal,5,No,10
Female,20,No,Yes,Yes,2,No,0,Offer D,Yes,6.5,Yes,Yes,76,No,No,No,No,No,Yes,Yes,Yes,Month-to-Month,No,Bank Withdrawal,3,No,10
Male,27,No,No,No,0,No,0,Offer D,Yes,15.18,Yes,Yes,42,No,No,No,No,No,No,No,Yes,Month-to-Month,Yes,Bank Withdrawal,5,No,18
Female,49,No,Yes,No,0,Yes,4,Offer A,Yes,41.46,Yes,Yes,30,Yes,No,No,Yes,No,No,No,No,One Year,No,Bank Withdrawal,3,No,68
Female,56,No,Yes,No,0,Yes,5,Offer A,No,0,No,Yes,30,Yes,Yes,Yes,Yes,Yes,Yes,Yes,Yes,Two Year,Yes,Credit Card,3,No,72
Male,30,No,No,No,0,No,0,None,Yes,12.59,No,Yes,76,Yes,No,Yes,No,No,No,No,Yes,Month-to-Month,No,Bank Withdrawal,4,No,2
Male,21,No,Yes,No,0,Yes,1,Offer B,Yes,35.46,No,No,0,No,No,No,No,No,No,No,No,Two Year,Yes,Bank Withdrawal,4,No,41
Female,46,No,No,No,0,No,0,None,No,0,No,Yes,29,No,No,Yes,Yes,Yes,No,No,Yes,Month-to-Month,Yes,Credit Card,4,No,26
Male,26,No,Yes,No,0,Yes,1,None,Yes,12.61,No,No,0,No,No,No,No,No,No,No,No,One Year,No,Bank Withdrawal,4,No,36
Male,52,No,Yes,No,0,Yes,5,Offer A,Yes,30.75,Yes,Yes,3,Yes,Yes,Yes,Yes,Yes,Yes,Yes,Yes,Two Year,Yes,Credit Card,3,No,72
Male,30,No,Yes,No,0,No,0,None,Yes,24.83,Yes,Yes,51,No,No,No,Yes,No,Yes,Yes,No,Month-to-Month,Yes,Bank Withdrawal,3,No,35
Male,59,No,No,No,0,No,0,None,Yes,14.65,No,Yes,15,No,No,Yes,Yes,No,No,No,Yes,Month-to-Month,No,Credit Card,4,No,1
Female,49,No,Yes,Yes,1,Yes,8,Offer D,Yes,46.45,Yes,Yes,12,Yes,No,Yes,Yes,Yes,Yes,Yes,Yes,Month-to-Month,Yes,Bank Withdrawal,3,No,16
Female,63,No,Yes,No,0,Yes,7,Offer B,Yes,11.4,Yes,Yes,26,Yes,Yes,Yes,Yes,Yes,Yes,Yes,Yes,One Year,Yes,Credit Card,4,No,54
Female,45,No,No,Yes,3,No,0,Offer D,Yes,42.45,Yes,Yes,28,Yes,No,No,No,No,Yes,Yes,Yes,Month-to-Month,No,Bank Withdrawal,4,No,18
Female,59,No,Yes,No,0,Yes,8,None,Yes,49.33,No,Yes,23,No,No,No,No,No,Yes,Yes,Yes,Month-to-Month,No,Bank Withdrawal,3,No,36
Female,30,No,Yes,No,0,Yes,10,Offer B,Yes,5.32,Yes,No,0,No,No,No,No,No,No,No,No,Two Year,Yes,Bank Withdrawal,4,No,52
Male,26,No,Yes,Yes,3,Yes,4,None,Yes,22.14,No,Yes,82,No,No,Yes,No,Yes,Yes,Yes,Yes,Month-to-Month,Yes,Bank Withdrawal,5,No,8
Male,47,No,Yes,No,0,Yes,8,Offer A,Yes,27.25,No,Yes,19,Yes,Yes,No,Yes,Yes,Yes,Yes,Yes,Two Year,No,Bank Withdrawal,3,No,72
Female,53,No,No,No,0,No,0,Offer B,Yes,4.03,Yes,No,0,No,No,No,No,No,No,No,No,One Year,No,Mailed Check,5,No,64
Male,34,No,Yes,No,0,Yes,10,Offer B,No,0,No,Yes,2,No,Yes,Yes,Yes,Yes,Yes,Yes,Yes,Month-to-Month,Yes,Bank Withdrawal,5,No,60
Female,20,No,Yes,No,0,Yes,10,Offer B,Yes,20.09,Yes,No,0,No,No,No,No,No,No,No,No,Two Year,No,Mailed Check,5,No,61
Female,48,No,No,No,0,No,0,None,Yes,38.79,Yes,Yes,4,No,Yes,Yes,No,Yes,Yes,Yes,No,Month-to-Month,Yes,Bank Withdrawal,5,No,24
Male,35,No,Yes,No,0,Yes,1,None,Yes,27.34,No,Yes,16,No,Yes,Yes,Yes,Yes,No,No,Yes,One Year,No,Bank Withdrawal,3,No,28
Female,24,No,Yes,No,0,Yes,4,Offer C,Yes,15.94,No,Yes,53,No,Yes,Yes,Yes,Yes,Yes,Yes,Yes,Two Year,No,Bank Withdrawal,5,No,30
Male,45,No,Yes,No,0,Yes,10,None,Yes,34.38,No,No,0,No,No,No,No,No,No,No,No,Month-to-Month,No,Mailed Check,4,No,2
Male,61,No,No,No,0,No,0,None,Yes,4.53,Yes,Yes,28,No,No,No,No,No,No,No,Yes,Month-to-Month,Yes,Bank Withdrawal,3,No,1
Male,52,No,No,Yes,2,No,0,None,Yes,15.5,No,No,0,No,No,No,No,No,No,No,No,Month-to-Month,No,Mailed Check,5,No,6
Female,23,No,Yes,No,0,Yes,8,Offer C,Yes,44.06,No,Yes,59,No,Yes,No,No,Yes,Yes,Yes,Yes,Month-to-Month,Yes,Bank Withdrawal,5,No,24
Male,25,No,No,No,0,No,0,Offer A,No,0,No,Yes,59,No,No,No,Yes,No,Yes,Yes,Yes,Two Year,Yes,Mailed Check,5,No,70
Male,32,No,Yes,No,0,Yes,2,Offer A,Yes,11.57,Yes,Yes,18,No,Yes,No,No,Yes,No,No,Yes,One Year,Yes,Bank Withdrawal,3,No,72
Female,42,No,No,No,0,No,0,Offer B,Yes,13.45,No,No,0,No,No,No,No,No,No,No,No,Two Year,No,Mailed Check,5,No,44
Male,24,No,Yes,No,0,Yes,2,None,Yes,14.91,No,Yes,82,No,No,Yes,No,Yes,Yes,Yes,Yes,Month-to-Month,Yes,Mailed Check,3,No,9
Male,56,No,Yes,No,0,Yes,7,Offer C,Yes,1.02,No,Yes,3,Yes,No,No,Yes,No,No,No,No,Month-to-Month,No,Mailed Check,3,No,24
Female,47,No,Yes,Yes,3,Yes,8,None,Yes,16.22,No,Yes,53,Yes,Yes,Yes,Yes,Yes,No,No,Yes,Month-to-Month,Yes,Bank Withdrawal,3,No,7
Male,48,No,Yes,Yes,2,Yes,2,Offer D,Yes,40.76,No,No,0,No,No,No,No,No,No,No,No,Two Year,No,Credit Card,3,No,11
Female,50,No,Yes,No,0,Yes,2,Offer A,Yes,38.44,Yes,Yes,16,No,Yes,Yes,Yes,Yes,Yes,Yes,Yes,One Year,Yes,Bank Withdrawal,4,No,72
Male,62,No,Yes,Yes,2,Yes,4,Offer A,Yes,44,Yes,Yes,20,No,No,No,No,No,Yes,Yes,Yes,Two Year,Yes,Credit Card,5,No,72
Female,64,No,No,No,0,No,0,Offer D,Yes,32.07,Yes,Yes,28,No,Yes,No,No,Yes,Yes,Yes,No,Month-to-Month,Yes,Bank Withdrawal,3,No,15
Male,26,No,No,No,0,No,0,Offer A,Yes,44.46,Yes,Yes,48,No,Yes,Yes,Yes,Yes,Yes,Yes,Yes,Two Year,Yes,Bank Withdrawal,3,No,72
Female,43,No,Yes,No,0,Yes,2,None,No,0,No,Yes,20,Yes,No,Yes,Yes,Yes,No,No,Yes,Two Year,Yes,Bank Withdrawal,3,No,10
Male,42,No,Yes,Yes,3,Yes,4,Offer B,Yes,40.73,Yes,Yes,76,No,Yes,Yes,No,Yes,Yes,Yes,Yes,Two Year,Yes,Bank Withdrawal,5,No,63
Female,63,No,No,No,0,No,0,None,Yes,27.02,No,Yes,26,No,Yes,No,No,Yes,No,No,Yes,Month-to-Month,Yes,Bank Withdrawal,5,No,2
Male,31,No,No,No,0,No,0,None,Yes,17.81,No,No,0,No,No,No,No,No,No,No,No,Month-to-Month,No,Mailed Check,5,No,1
Male,32,No,Yes,No,0,Yes,7,Offer C,Yes,28.86,No,Yes,24,Yes,Yes,No,Yes,No,No,No,Yes,Month-to-Month,No,Mailed Check,3,No,28
Female,41,No,Yes,No,0,Yes,7,Offer A,Yes,11.71,No,No,0,No,No,No,No,No,No,No,No,Two Year,No,Bank Withdrawal,4,No,70
Male,64,No,No,No,0,No,0,Offer C,Yes,22.41,Yes,Yes,13,Yes,Yes,Yes,Yes,Yes,Yes,Yes,Yes,One Year,No,Credit Card,3,No,34
Female,50,No,Yes,No,0,Yes,1,Offer A,Yes,29.72,Yes,Yes,12,Yes,No,No,No,No,Yes,Yes,Yes,One Year,No,Bank Withdrawal,3,No,70
Female,54,No,Yes,Yes,2,Yes,1,Offer B,Yes,31.96,No,Yes,26,Yes,No,Yes,Yes,No,No,No,Yes,Month-to-Month,Yes,Bank Withdrawal,3,No,52
Male,23,No,No,No,0,No,0,Offer A,Yes,26.45,Yes,Yes,46,Yes,Yes,Yes,Yes,Yes,No,No,No,Two Year,Yes,Credit Card,4,No,69
Male,63,No,No,Yes,2,No,0,Offer D,Yes,47.12,Yes,Yes,23,No,No,Yes,No,No,No,No,Yes,Month-to-Month,Yes,Mailed Check,5,No,11
Female,47,No,No,No,0,No,0,None,Yes,16.47,No,No,0,No,No,No,No,No,No,No,No,Month-to-Month,No,Credit Card,5,No,1
Male,21,No,No,No,0,No,0,Offer B,Yes,36.05,Yes,Yes,73,Yes,No,Yes,No,Yes,Yes,Yes,Yes,Month-to-Month,Yes,Bank Withdrawal,3,No,61
Female,42,No,No,No,0,No,0,Offer B,Yes,2.5,Yes,Yes,3,No,Yes,No,Yes,Yes,Yes,Yes,Yes,Month-to-Month,Yes,Bank Withdrawal,3,No,56
Male,36,No,No,No,0,No,0,Offer C,Yes,2.87,Yes,Yes,29,Yes,Yes,Yes,Yes,No,No,No,Yes,Month-to-Month,Yes,Credit Card,3,No,30
Female,19,No,No,No,0,No,0,Offer C,Yes,28.42,No,Yes,48,Yes,No,No,Yes,No,No,No,No,One Year,No,Credit Card,3,No,28
Male,34,No,No,No,0,No,0,Offer D,Yes,38.96,No,No,0,No,No,No,No,No,No,No,No,Month-to-Month,No,Credit Card,4,No,12
Male,37,No,Yes,Yes,2,No,0,Offer A,Yes,38.98,Yes,Yes,16,No,Yes,Yes,No,Yes,Yes,Yes,Yes,One Year,Yes,Bank Withdrawal,5,No,67
Male,29,No,Yes,Yes,2,Yes,1,Offer B,Yes,41.89,Yes,Yes,52,No,No,No,No,No,Yes,Yes,Yes,Month-to-Month,No,Bank Withdrawal,4,No,55
Male,43,No,No,No,0,No,0,Offer B,Yes,31.31,No,Yes,12,Yes,No,Yes,No,Yes,No,No,Yes,One Year,No,Bank Withdrawal,3,No,52
Male,30,No,Yes,Yes,3,Yes,1,Offer B,Yes,43.75,Yes,Yes,69,No,Yes,No,Yes,Yes,No,No,Yes,One Year,Yes,Credit Card,4,No,58
Male,52,No,Yes,Yes,3,Yes,1,Offer C,Yes,20.85,No,No,0,No,No,No,No,No,No,No,No,Two Year,No,Credit Card,4,No,35
Female,51,No,Yes,Yes,3,Yes,9,Offer C,Yes,20.6,No,No,0,No,No,No,No,No,No,No,No,Two Year,Yes,Credit Card,5,No,24
Male,47,No,Yes,Yes,2,Yes,5,Offer A,Yes,48.57,No,No,0,No,No,No,No,No,No,No,No,Two Year,No,Credit Card,3,No,70
Male,25,No,No,No,0,No,0,None,Yes,37.7,No,Yes,73,No,No,No,No,Yes,No,No,Yes,Month-to-Month,Yes,Bank Withdrawal,5,No,2
Male,60,No,No,No,0,No,0,Offer D,Yes,33.36,Yes,Yes,22,No,No,Yes,No,Yes,No,No,Yes,Month-to-Month,Yes,Bank Withdrawal,4,No,12
Female,54,No,Yes,No,0,Yes,1,Offer B,Yes,21.15,Yes,Yes,24,No,Yes,No,No,No,No,No,Yes,Month-to-Month,Yes,Bank Withdrawal,4,No,63
Female,24,No,Yes,No,0,Yes,8,Offer C,Yes,8.79,No,Yes,27,Yes,Yes,Yes,No,No,No,No,Yes,One Year,Yes,Credit Card,4,No,33
Female,32,No,Yes,No,0,Yes,4,None,Yes,46.87,No,Yes,11,No,Yes,No,No,Yes,Yes,Yes,Yes,One Year,Yes,Credit Card,3,No,69
Female,26,No,Yes,No,0,Yes,5,None,Yes,14,No,Yes,42,No,Yes,Yes,Yes,Yes,Yes,Yes,Yes,Two Year,Yes,Bank Withdrawal,5,No,60
Female,43,No,Yes,Yes,5,Yes,10,None,Yes,26.32,Yes,Yes,53,Yes,Yes,Yes,Yes,Yes,Yes,Yes,Yes,Two Year,Yes,Bank Withdrawal,3,No,72
Female,52,No,No,No,0,No,0,Offer D,Yes,24.57,Yes,Yes,10,No,No,No,No,No,Yes,Yes,No,Month-to-Month,Yes,Credit Card,4,No,11
Female,57,No,No,No,0,No,0,None,Yes,40.63,No,No,0,No,No,No,No,No,No,No,No,Month-to-Month,No,Credit Card,4,No,1
Male,59,No,Yes,Yes,1,Yes,1,Offer C,Yes,3.54,No,Yes,12,No,No,No,No,No,Yes,Yes,Yes,One Year,Yes,Bank Withdrawal,3,No,34
Female,22,No,No,No,0,No,0,None,Yes,26.83,Yes,Yes,59,No,Yes,No,Yes,Yes,Yes,Yes,Yes,One Year,Yes,Bank Withdrawal,5,No,65
Male,35,No,No,No,0,No,0,None,Yes,3.49,No,No,0,No,No,No,No,No,No,No,No,Month-to-Month,No,Credit Card,5,No,15
Male,44,No,Yes,Yes,4,Yes,10,None,Yes,33.01,Yes,Yes,51,Yes,Yes,Yes,No,Yes,Yes,Yes,Yes,Two Year,Yes,Bank Withdrawal,3,No,72
Female,26,No,Yes,Yes,3,Yes,9,None,Yes,34.69,Yes,Yes,59,Yes,Yes,Yes,Yes,Yes,Yes,Yes,No,Two Year,Yes,Bank Withdrawal,3,No,72
Male,46,No,Yes,Yes,2,Yes,2,None,Yes,24.7,No,No,0,No,No,No,No,No,No,No,No,Two Year,No,Bank Withdrawal,3,No,55
Female,27,No,Yes,Yes,2,Yes,1,None,Yes,25.54,Yes,No,0,No,No,No,No,No,No,No,No,Two Year,Yes,Credit Card,5,No,23
Female,58,No,Yes,No,0,Yes,2,None,Yes,42.86,Yes,Yes,8,Yes,No,Yes,No,No,Yes,Yes,Yes,One Year,Yes,Bank Withdrawal,3,No,56
Female,22,No,No,No,0,No,0,None,Yes,11.83,No,No,0,No,No,No,No,No,No,No,No,Month-to-Month,No,Bank Withdrawal,5,No,1
Male,55,No,No,No,0,No,0,Offer C,Yes,42.24,No,Yes,22,Yes,Yes,No,Yes,Yes,No,No,Yes,One Year,No,Credit Card,3,No,38
Male,51,No,No,No,0,No,0,None,Yes,1.01,No,Yes,8,No,No,No,No,No,No,No,Yes,Month-to-Month,No,Bank Withdrawal,5,No,11
Male,54,No,No,No,0,No,0,None,Yes,14.97,No,Yes,5,No,No,No,Yes,No,No,No,No,Month-to-Month,Yes,Bank Withdrawal,3,No,1
Male,53,No,Yes,No,0,Yes,1,None,Yes,14.43,Yes,Yes,25,No,Yes,No,Yes,Yes,Yes,Yes,Yes,One Year,Yes,Bank Withdrawal,3,No,56
Male,19,No,Yes,No,0,Yes,9,Offer E,Yes,14.1,Yes,No,0,No,No,No,No,No,No,No,No,Month-to-Month,Yes,Credit Card,5,No,3
Male,63,No,Yes,Yes,3,Yes,6,Offer E,Yes,5.17,No,Yes,51,Yes,No,No,No,Yes,Yes,Yes,Yes,Month-to-Month,No,Credit Card,3,No,7
Male,49,No,Yes,Yes,1,Yes,3,None,Yes,41.09,Yes,Yes,16,No,No,Yes,No,Yes,Yes,Yes,Yes,Two Year,Yes,Credit Card,4,No,59
Male,19,No,No,No,0,No,0,Offer E,Yes,31.84,No,Yes,58,No,No,Yes,Yes,Yes,No,No,Yes,Month-to-Month,No,Bank Withdrawal,4,No,7
Male,19,No,Yes,No,0,Yes,3,None,Yes,2.43,No,Yes,58,Yes,No,Yes,Yes,No,Yes,Yes,Yes,Two Year,Yes,Credit Card,4,No,71
Male,23,No,Yes,Yes,1,Yes,8,None,Yes,2.12,No,Yes,30,Yes,No,No,Yes,Yes,Yes,Yes,No,One Year,No,Bank Withdrawal,3,No,15
Male,34,No,Yes,No,0,Yes,7,None,Yes,34.39,Yes,Yes,5,Yes,Yes,No,Yes,Yes,No,No,Yes,Two Year,No,Credit Card,3,No,71
Female,23,No,No,No,0,No,0,None,No,0,No,Yes,59,No,Yes,Yes,Yes,No,No,No,Yes,One Year,Yes,Credit Card,5,No,11
Female,32,No,Yes,Yes,3,Yes,2,None,Yes,23.68,No,No,0,No,No,No,No,No,No,No,No,Two Year,Yes,Credit Card,4,No,60
Female,55,No,No,No,0,No,0,None,Yes,5,No,Yes,23,No,No,Yes,Yes,No,Yes,Yes,Yes,One Year,No,Credit Card,3,No,11
Male,26,No,Yes,No,0,Yes,2,None,Yes,20.34,No,Yes,51,Yes,Yes,No,Yes,Yes,Yes,Yes,No,Two Year,Yes,Credit Card,3,No,61
Male,27,No,Yes,Yes,3,Yes,3,Offer C,Yes,36.49,Yes,Yes,59,Yes,No,Yes,No,Yes,No,No,Yes,One Year,No,Bank Withdrawal,4,No,31
Male,30,No,No,No,0,No,0,Offer E,Yes,40.71,No,Yes,52,No,No,No,No,No,No,No,Yes,Month-to-Month,Yes,Bank Withdrawal,3,No,9
Male,59,No,No,No,0,No,0,Offer E,Yes,9.61,No,No,0,No,No,No,No,No,No,No,No,Month-to-Month,Yes,Credit Card,4,No,2
Female,62,No,Yes,Yes,1,Yes,1,Offer E,Yes,28.28,No,No,0,No,No,No,No,No,No,No,No,Month-to-Month,Yes,Credit Card,4,No,1
Female,40,No,No,No,0,No,0,Offer E,Yes,15.37,No,No,0,No,No,No,No,No,No,No,No,Month-to-Month,Yes,Credit Card,3,No,3
Male,56,No,No,No,0,No,0,None,Yes,46.24,No,Yes,10,Yes,Yes,No,No,Yes,No,No,No,Two Year,Yes,Credit Card,4,No,52
Male,28,No,Yes,No,0,Yes,1,None,Yes,5.2,No,No,0,No,No,No,No,No,No,No,No,One Year,No,Credit Card,3,No,5
Male,52,No,Yes,No,0,Yes,1,None,Yes,28.86,Yes,Yes,8,Yes,Yes,Yes,No,No,Yes,Yes,Yes,Two Year,Yes,Bank Withdrawal,3,No,72
Male,25,No,Yes,No,0,Yes,1,None,Yes,3.57,Yes,Yes,52,Yes,Yes,Yes,Yes,Yes,Yes,Yes,Yes,Two Year,No,Bank Withdrawal,3,No,71
Male,32,No,Yes,No,0,Yes,1,None,Yes,47.83,Yes,Yes,27,Yes,No,Yes,Yes,Yes,Yes,Yes,Yes,Two Year,Yes,Credit Card,3,No,72
Male,56,No,Yes,No,0,Yes,1,None,Yes,18.45,Yes,No,0,No,No,No,No,No,No,No,No,One Year,No,Bank Withdrawal,5,No,46
Male,19,No,Yes,No,0,Yes,1,None,Yes,13.45,Yes,Yes,69,Yes,Yes,Yes,No,Yes,Yes,Yes,Yes,Two Year,No,Credit Card,4,No,63
Male,52,No,No,No,0,No,0,Offer C,Yes,24.73,No,Yes,20,Yes,Yes,Yes,No,No,No,No,No,Month-to-Month,Yes,Credit Card,4,No,30
Male,36,No,No,No,0,No,0,None,Yes,37.44,No,Yes,9,No,No,No,No,No,No,No,Yes,Month-to-Month,No,Credit Card,3,No,1
Male,45,No,No,No,0,No,0,None,No,0,No,Yes,27,Yes,Yes,Yes,Yes,Yes,No,No,Yes,Two Year,No,Credit Card,4,No,16
Male,22,No,No,No,0,No,0,None,Yes,13.31,Yes,Yes,59,No,No,No,Yes,No,Yes,Yes,Yes,Month-to-Month,No,Credit Card,4,No,4
Male,53,No,Yes,No,0,No,0,None,Yes,9.21,Yes,Yes,30,No,Yes,No,No,No,Yes,Yes,Yes,One Year,Yes,Credit Card,3,No,51
Male,59,No,Yes,No,0,Yes,1,None,Yes,23.46,No,No,0,No,No,No,No,No,No,No,No,Two Year,Yes,Credit Card,3,No,65
Male,21,No,No,No,0,No,0,None,Yes,38.32,No,Yes,82,No,No,No,Yes,No,No,No,Yes,Month-to-Month,Yes,Credit Card,3,No,16
Male,47,No,No,No,0,No,0,None,Yes,31.45,No,No,0,No,No,No,No,No,No,No,No,One Year,No,Credit Card,4,No,2
Female,34,No,Yes,Yes,1,Yes,1,None,Yes,37.84,Yes,Yes,17,No,No,No,No,No,No,No,Yes,One Year,Yes,Bank Withdrawal,3,No,66
Male,51,No,No,No,0,No,0,None,Yes,37.5,Yes,Yes,22,No,Yes,Yes,Yes,Yes,Yes,Yes,Yes,Two Year,No,Bank Withdrawal,4,No,46
Female,55,No,No,No,0,No,0,None,Yes,4.61,Yes,Yes,12,Yes,No,Yes,Yes,Yes,Yes,Yes,Yes,One Year,Yes,Bank Withdrawal,3,No,32
Male,35,No,Yes,No,0,Yes,1,None,Yes,12.12,Yes,Yes,23,Yes,No,Yes,Yes,Yes,Yes,Yes,Yes,Two Year,No,Credit Card,3,No,72
Male,28,No,Yes,No,0,Yes,1,None,Yes,22.05,No,Yes,73,Yes,No,Yes,Yes,Yes,Yes,Yes,Yes,Two Year,No,Credit Card,4,No,38
Male,48,No,No,No,0,No,0,None,Yes,36.59,No,Yes,20,No,No,No,Yes,No,No,No,Yes,One Year,No,Credit Card,4,No,51
Male,47,No,Yes,Yes,3,Yes,1,None,Yes,21.89,Yes,Yes,58,Yes,Yes,Yes,Yes,Yes,Yes,Yes,No,Two Year,No,Bank Withdrawal,3,No,72
Male,57,No,No,Yes,2,No,0,None,Yes,20.63,No,No,0,No,No,No,No,No,No,No,No,Two Year,No,Credit Card,4,No,66
Male,63,No,No,No,0,No,0,None,Yes,27.04,Yes,Yes,2,No,No,Yes,Yes,No,Yes,Yes,Yes,Two Year,No,Bank Withdrawal,5,No,50
Female,64,No,No,No,0,No,0,None,Yes,13.58,Yes,Yes,19,No,No,No,No,No,No,No,Yes,Month-to-Month,No,Credit Card,4,No,15
Male,55,No,No,No,0,No,0,None,No,0,No,Yes,16,No,No,No,No,No,No,No,Yes,Month-to-Month,Yes,Credit Card,3,No,8
Female,30,No,No,No,0,No,0,None,Yes,28.27,Yes,Yes,41,Yes,Yes,No,Yes,No,No,No,Yes,Month-to-Month,Yes,Bank Withdrawal,3,No,57
Female,51,No,No,No,0,No,0,None,Yes,40.76,Yes,Yes,16,No,Yes,No,No,No,No,No,Yes,Month-to-Month,Yes,Bank Withdrawal,3,No,7
Female,27,No,No,No,0,No,0,None,Yes,23.88,Yes,Yes,47,Yes,Yes,Yes,No,No,No,No,Yes,One Year,Yes,Bank Withdrawal,3,No,62
Male,56,No,Yes,Yes,1,Yes,5,None,Yes,14.41,No,Yes,22,No,No,Yes,No,Yes,No,No,Yes,One Year,Yes,Bank Withdrawal,4,No,40
Female,49,No,No,No,0,No,0,None,Yes,15.87,No,No,0,No,No,No,No,No,No,No,No,Two Year,No,Credit Card,5,No,20
Female,22,No,Yes,No,0,No,0,None,Yes,29.81,No,Yes,52,No,No,No,Yes,Yes,Yes,Yes,No,Month-to-Month,Yes,Bank Withdrawal,3,No,25
Male,28,No,Yes,No,0,Yes,1,None,Yes,18.05,Yes,Yes,51,No,Yes,Yes,No,No,No,No,Yes,Month-to-Month,No,Bank Withdrawal,4,No,23
Female,48,No,Yes,No,0,Yes,9,None,Yes,13.05,Yes,Yes,15,Yes,No,No,No,No,No,No,Yes,Month-to-Month,No,Bank Withdrawal,3,No,46
Male,41,No,Yes,No,0,Yes,5,None,Yes,26.96,Yes,Yes,9,Yes,Yes,Yes,Yes,Yes,Yes,Yes,Yes,Two Year,No,Credit Card,4,No,72
Male,40,No,No,No,0,No,0,None,Yes,17.4,No,No,0,No,No,No,No,No,No,No,No,One Year,No,Credit Card,5,No,10
Female,31,No,No,No,0,No,0,Offer B,No,0,No,Yes,28,Yes,No,No,Yes,Yes,Yes,Yes,No,One Year,Yes,Bank Withdrawal,3,No,40
Male,41,No,No,No,0,No,0,None,Yes,10.05,No,Yes,14,No,No,Yes,Yes,Yes,Yes,Yes,Yes,Two Year,No,Bank Withdrawal,5,No,31
Female,48,No,Yes,No,0,Yes,2,None,Yes,27.41,Yes,Yes,9,Yes,Yes,Yes,Yes,No,No,No,Yes,Two Year,No,Credit Card,4,No,68
Male,50,No,Yes,Yes,2,Yes,10,None,Yes,19.09,Yes,No,0,No,No,No,No,No,No,No,No,Two Year,No,Bank Withdrawal,4,No,68
Female,21,No,Yes,Yes,1,Yes,1,None,Yes,29.55,Yes,No,0,No,No,No,No,No,No,No,No,Month-to-Month,Yes,Bank Withdrawal,3,No,15
Male,25,No,Yes,No,0,Yes,6,Offer B,Yes,14.32,Yes,Yes,58,No,No,Yes,Yes,Yes,No,No,Yes,One Year,Yes,Bank Withdrawal,4,No,50
Male,37,No,Yes,Yes,3,Yes,7,None,Yes,11.75,No,No,0,No,No,No,No,No,No,No,No,Two Year,No,Credit Card,3,No,35
Female,64,No,No,No,0,No,0,Offer D,Yes,9.84,Yes,No,0,No,No,No,No,No,No,No,No,Month-to-Month,No,Credit Card,5,No,17
Male,32,No,No,No,0,No,0,Offer D,Yes,45.69,No,Yes,11,No,No,No,Yes,Yes,Yes,Yes,Yes,Month-to-Month,Yes,Credit Card,3,No,10
Male,39,No,Yes,No,0,Yes,2,None,Yes,41.61,Yes,Yes,14,Yes,Yes,Yes,Yes,Yes,Yes,Yes,Yes,Two Year,Yes,Credit Card,4,No,68
Male,38,No,Yes,No,0,Yes,6,Offer B,Yes,9.91,No,Yes,19,Yes,Yes,Yes,No,Yes,Yes,Yes,Yes,One Year,No,Bank Withdrawal,4,No,45
Male,56,No,Yes,No,0,Yes,3,None,Yes,2.15,No,No,0,No,No,No,No,No,No,No,No,Month-to-Month,No,Bank Withdrawal,4,No,37
Female,46,No,No,No,0,No,0,Offer D,Yes,3.55,No,Yes,29,No,No,No,No,No,No,No,No,Month-to-Month,No,Credit Card,5,No,10
Male,23,No,No,No,0,No,0,None,Yes,18.15,No,No,0,No,No,No,No,No,No,No,No,Month-to-Month,No,Credit Card,5,No,1
Male,40,No,Yes,No,0,Yes,10,Offer B,Yes,17.43,Yes,Yes,30,Yes,Yes,No,No,No,Yes,Yes,Yes,Two Year,Yes,Mailed Check,3,No,65
Female,33,No,Yes,Yes,3,Yes,5,Offer B,Yes,42.14,No,No,0,No,No,No,No,No,No,No,No,Two Year,No,Bank Withdrawal,3,No,57
Female,48,No,No,No,0,No,0,None,Yes,12.5,No,Yes,4,No,No,Yes,No,No,No,No,Yes,Month-to-Month,Yes,Mailed Check,3,No,3
Male,22,No,No,No,0,No,0,Offer B,No,0,No,Yes,58,No,No,Yes,No,No,No,No,Yes,Month-to-Month,Yes,Bank Withdrawal,4,No,49
Female,22,No,Yes,No,0,Yes,9,None,No,0,No,Yes,85,No,Yes,Yes,Yes,Yes,Yes,Yes,Yes,Two Year,No,Bank Withdrawal,4,No,70
Female,60,No,Yes,No,0,Yes,6,Offer B,Yes,11.35,No,No,0,No,No,No,No,No,No,No,No,One Year,Yes,Bank Withdrawal,3,No,53
Male,37,No,Yes,Yes,3,Yes,3,Offer B,Yes,33.31,Yes,No,0,No,No,No,No,No,No,No,No,Two Year,No,Credit Card,3,No,53
Male,49,No,No,No,0,No,0,Offer D,Yes,22.97,Yes,No,0,No,No,No,No,No,No,No,No,Month-to-Month,Yes,Credit Card,4,No,22
Female,63,No,No,No,0,No,0,Offer B,Yes,23.76,Yes,No,0,No,No,No,No,No,No,No,No,One Year,No,Bank Withdrawal,5,No,48
Male,57,No,No,No,0,No,0,None,Yes,47.5,Yes,Yes,22,No,Yes,Yes,No,Yes,Yes,Yes,Yes,Month-to-Month,No,Mailed Check,4,No,3
Male,64,No,Yes,No,0,Yes,4,Offer B,Yes,1.59,Yes,Yes,19,No,Yes,No,No,No,No,No,Yes,Month-to-Month,No,Bank Withdrawal,5,No,45
Female,57,No,Yes,No,0,Yes,9,Offer B,Yes,1.27,No,Yes,24,No,No,Yes,Yes,Yes,Yes,Yes,No,Two Year,Yes,Bank Withdrawal,4,No,61
Male,37,No,No,No,0,No,0,None,Yes,38.05,No,Yes,7,Yes,No,No,Yes,Yes,No,No,Yes,Month-to-Month,Yes,Credit Card,4,No,3
Female,47,No,No,No,0,No,0,None,Yes,37.51,No,Yes,10,No,No,No,No,No,No,No,Yes,Month-to-Month,No,Mailed Check,5,No,1
Female,33,No,No,No,0,No,0,None,Yes,14.93,No,Yes,4,No,No,No,Yes,No,No,No,Yes,Month-to-Month,Yes,Bank Withdrawal,3,No,1
Male,58,No,No,No,0,No,0,Offer B,Yes,34.36,Yes,No,0,No,No,No,No,No,No,No,No,One Year,Yes,Bank Withdrawal,5,No,51
Male,42,No,No,No,0,No,0,Offer B,No,0,No,Yes,14,No,Yes,No,No,No,No,No,Yes,One Year,No,Mailed Check,3,No,52
Male,55,No,No,No,0,No,0,Offer B,Yes,45.92,Yes,Yes,12,No,No,No,No,No,Yes,Yes,No,Month-to-Month,No,Bank Withdrawal,5,No,51
Male,53,No,No,No,0,No,0,None,Yes,11.61,No,No,0,No,No,No,No,No,No,No,No,Month-to-Month,Yes,Mailed Check,3,No,1
Male,55,No,Yes,No,0,Yes,7,None,Yes,29.06,Yes,Yes,22,Yes,Yes,No,Yes,No,Yes,Yes,Yes,One Year,Yes,Bank Withdrawal,3,No,31
Male,62,No,No,No,0,No,0,Offer B,Yes,42.25,No,No,0,No,No,No,No,No,No,No,No,One Year,No,Credit Card,5,No,47
Female,64,No,Yes,No,0,Yes,8,None,Yes,35.24,No,No,0,No,No,No,No,No,No,No,No,Month-to-Month,Yes,Credit Card,4,No,1
Male,19,No,Yes,No,0,Yes,5,None,Yes,32.36,Yes,Yes,52,No,Yes,Yes,Yes,Yes,Yes,Yes,Yes,Two Year,Yes,Bank Withdrawal,3,No,72
Male,23,No,Yes,No,0,Yes,8,None,Yes,6.09,Yes,Yes,41,Yes,No,Yes,Yes,No,No,No,Yes,Two Year,Yes,Credit Card,3,No,72
Male,34,No,Yes,No,0,Yes,5,None,Yes,32.04,Yes,Yes,19,No,No,Yes,No,Yes,No,No,Yes,Two Year,Yes,Bank Withdrawal,5,No,66
Male,52,No,No,No,0,No,0,None,Yes,41.21,Yes,Yes,6,No,No,No,No,Yes,No,No,Yes,Month-to-Month,No,Bank Withdrawal,4,No,35
Male,56,No,No,No,0,No,0,None,Yes,9.49,Yes,Yes,21,No,No,No,No,No,Yes,Yes,Yes,Month-to-Month,Yes,Bank Withdrawal,3,No,29
Female,30,No,No,No,0,No,0,None,Yes,16.7,No,No,0,No,No,No,No,No,No,No,No,Month-to-Month,Yes,Mailed Check,3,No,2
Male,34,No,No,No,0,No,0,None,Yes,38.01,No,Yes,5,No,Yes,No,No,No,No,No,Yes,Month-to-Month,No,Mailed Check,3,No,4
Female,19,No,No,No,0,No,0,Offer B,Yes,43.29,No,Yes,76,Yes,Yes,No,Yes,No,No,No,No,Two Year,Yes,Mailed Check,4,No,65
Male,26,No,Yes,No,0,Yes,10,None,Yes,3.35,No,Yes,59,No,No,Yes,No,No,No,No,Yes,Month-to-Month,Yes,Credit Card,4,No,29
Male,60,No,Yes,Yes,2,Yes,6,None,Yes,6.73,Yes,Yes,27,No,Yes,Yes,No,Yes,Yes,Yes,Yes,Month-to-Month,No,Credit Card,4,No,29
Female,45,No,Yes,No,0,Yes,6,Offer D,Yes,11.39,No,Yes,21,No,No,Yes,Yes,No,No,No,Yes,Month-to-Month,Yes,Mailed Check,3,No,20
Female,23,No,No,No,0,No,0,Offer B,Yes,47.9,Yes,No,0,No,No,No,No,No,No,No,No,Two Year,Yes,Credit Card,4,No,58
Female,53,No,No,Yes,1,No,0,Offer D,Yes,47.72,Yes,Yes,22,Yes,No,No,Yes,No,No,No,Yes,Month-to-Month,Yes,Mailed Check,3,No,14
Male,61,No,Yes,No,0,Yes,2,Offer A,Yes,34.29,Yes,No,0,No,No,No,No,No,No,No,No,Two Year,No,Credit Card,3,No,72
Male,21,No,No,No,0,No,0,Offer B,Yes,37.75,Yes,Yes,73,Yes,No,No,No,Yes,No,No,Yes,Month-to-Month,Yes,Credit Card,3,No,46
Female,40,No,Yes,No,0,Yes,2,Offer A,No,0,No,Yes,29,No,Yes,Yes,Yes,Yes,Yes,Yes,Yes,Two Year,No,Bank Withdrawal,5,No,71
Male,51,No,No,No,0,No,0,None,Yes,37.04,Yes,Yes,28,No,No,No,No,No,Yes,Yes,Yes,Month-to-Month,Yes,Bank Withdrawal,3,No,32
Female,47,No,No,No,0,No,0,None,No,0,No,Yes,7,No,No,Yes,No,Yes,Yes,Yes,Yes,Month-to-Month,Yes,Credit Card,5,No,26
Male,22,No,Yes,No,0,Yes,6,None,Yes,38.41,No,No,0,No,No,No,No,No,No,No,No,One Year,No,Credit Card,3,No,2
Male,24,No,Yes,No,0,No,0,Offer B,Yes,46.76,No,No,0,No,No,No,No,No,No,No,No,Two Year,No,Credit Card,4,No,61
Female,47,No,No,No,0,No,0,Offer D,Yes,5.28,Yes,No,0,No,No,No,No,No,No,No,No,Two Year,No,Credit Card,4,No,22
Female,20,No,Yes,Yes,2,Yes,8,None,Yes,47.91,No,Yes,73,No,No,No,No,Yes,No,No,Yes,Month-to-Month,Yes,Bank Withdrawal,5,No,5
Male,41,No,No,No,0,No,0,Offer B,Yes,22.23,Yes,Yes,18,No,Yes,Yes,Yes,No,Yes,Yes,Yes,Two Year,Yes,Credit Card,3,No,65
Male,46,No,No,No,0,No,0,None,Yes,31.78,No,No,0,No,No,No,No,No,No,No,No,Month-to-Month,No,Credit Card,4,No,5
Male,51,No,Yes,Yes,3,Yes,4,None,Yes,4.46,No,Yes,58,No,Yes,No,No,No,No,No,Yes,Month-to-Month,Yes,Bank Withdrawal,3,No,25
Female,27,No,Yes,No,0,Yes,5,Offer A,Yes,7.29,Yes,Yes,53,Yes,No,No,No,No,No,No,No,Two Year,No,Bank Withdrawal,3,No,72
Female,25,No,Yes,No,0,Yes,1,None,Yes,18.74,Yes,Yes,59,No,No,Yes,No,No,Yes,Yes,Yes,Month-to-Month,No,Bank Withdrawal,4,No,27
Male,48,No,Yes,Yes,2,Yes,10,None,No,0,No,Yes,19,No,No,Yes,No,Yes,Yes,Yes,Yes,Month-to-Month,No,Credit Card,3,No,32
Female,19,No,No,No,0,No,0,None,Yes,13.16,Yes,Yes,27,No,Yes,Yes,Yes,Yes,Yes,Yes,Yes,One Year,No,Credit Card,4,No,30
Male,26,No,Yes,No,0,Yes,9,Offer A,Yes,41.05,No,Yes,59,Yes,Yes,Yes,Yes,No,Yes,Yes,Yes,Two Year,No,Credit Card,3,No,70
Female,38,No,No,No,0,No,0,Offer B,Yes,35.75,Yes,Yes,13,Yes,No,Yes,Yes,No,No,No,No,Two Year,Yes,Credit Card,3,No,47
Female,35,No,No,No,0,No,0,None,Yes,35.41,No,Yes,25,Yes,No,Yes,No,No,No,No,Yes,Month-to-Month,Yes,Bank Withdrawal,4,No,2
Female,23,No,Yes,No,0,Yes,9,Offer B,Yes,13.35,Yes,No,0,No,No,No,No,No,No,No,No,Two Year,Yes,Credit Card,4,No,61
Female,46,No,No,No,0,No,0,None,Yes,10.99,No,Yes,29,No,No,No,No,No,No,No,Yes,Month-to-Month,Yes,Credit Card,5,No,5
Male,43,No,Yes,No,0,Yes,5,Offer B,Yes,15.95,No,No,0,No,No,No,No,No,No,No,No,Two Year,No,Credit Card,4,No,48
Female,41,No,No,No,0,No,0,Offer B,Yes,40.34,No,Yes,8,No,No,Yes,Yes,Yes,No,No,Yes,One Year,Yes,Credit Card,3,No,63
Female,35,No,No,No,0,No,0,None,Yes,25.21,No,Yes,9,Yes,Yes,No,No,No,No,No,Yes,Month-to-Month,Yes,Credit Card,3,No,27
Male,28,No,Yes,No,0,Yes,10,Offer A,Yes,24.08,No,Yes,46,Yes,Yes,Yes,No,Yes,Yes,Yes,Yes,Two Year,Yes,Credit Card,3,No,70
Male,47,No,Yes,Yes,2,Yes,3,None,Yes,49.98,No,Yes,25,Yes,No,Yes,Yes,No,Yes,Yes,Yes,Month-to-Month,Yes,Credit Card,3,No,7
Male,24,No,No,No,0,No,0,None,Yes,13.16,No,No,0,No,No,No,No,No,No,No,No,Two Year,No,Credit Card,4,No,10
Female,19,No,Yes,No,0,Yes,10,None,Yes,4.65,No,Yes,53,Yes,Yes,No,No,Yes,No,No,Yes,Month-to-Month,No,Bank Withdrawal,3,No,2
Male,50,No,No,No,0,No,0,Offer A,Yes,45.54,No,No,0,No,No,No,No,No,No,No,No,Two Year,No,Bank Withdrawal,3,No,66
Female,22,No,No,No,0,No,0,None,Yes,3.12,No,No,0,No,No,No,No,No,No,No,No,Month-to-Month,No,Credit Card,4,No,3
Female,41,No,Yes,No,0,Yes,9,Offer A,Yes,9.6,Yes,Yes,25,Yes,Yes,No,Yes,No,No,No,Yes,Two Year,Yes,Bank Withdrawal,3,No,72
Male,37,No,No,No,0,No,0,Offer E,Yes,48.14,No,No,0,No,No,No,No,No,No,No,No,Month-to-Month,No,Credit Card,4,No,1
Female,56,No,Yes,No,0,Yes,6,Offer A,Yes,14.65,Yes,Yes,20,Yes,No,Yes,Yes,No,No,No,Yes,Two Year,No,Bank Withdrawal,3,No,72
Male,30,No,Yes,No,0,Yes,2,Offer B,Yes,18.07,No,No,0,No,No,No,No,No,No,No,No,Two Year,No,Credit Card,4,No,65
Female,22,No,No,No,0,No,0,Offer D,No,0,No,Yes,52,No,No,No,No,Yes,No,No,Yes,Month-to-Month,Yes,Credit Card,5,No,11
Male,56,No,No,No,0,No,0,Offer D,Yes,30.35,Yes,Yes,10,No,Yes,No,No,No,No,No,No,Month-to-Month,Yes,Credit Card,5,No,22
Male,23,No,No,No,0,No,0,Offer D,Yes,36.42,No,No,0,No,No,No,No,No,No,No,No,One Year,No,Bank Withdrawal,5,No,14
Male,45,No,No,No,0,No,0,Offer B,Yes,1.08,No,Yes,6,No,No,No,Yes,No,No,No,Yes,Month-to-Month,Yes,Bank Withdrawal,3,No,41
Male,32,No,Yes,No,0,Yes,2,Offer D,Yes,45.35,No,Yes,11,Yes,Yes,No,No,No,Yes,Yes,Yes,One Year,No,Credit Card,4,No,17
Male,63,No,No,No,0,No,0,Offer D,Yes,44.53,No,No,0,No,No,No,No,No,No,No,No,Month-to-Month,Yes,Credit Card,4,No,11
Female,24,No,Yes,No,0,Yes,5,Offer A,Yes,41.21,Yes,Yes,73,Yes,Yes,Yes,No,Yes,Yes,Yes,Yes,Two Year,Yes,Credit Card,4,No,72
Female,59,No,Yes,Yes,3,Yes,6,Offer E,No,0,No,Yes,53,No,Yes,No,No,No,Yes,Yes,Yes,Month-to-Month,No,Credit Card,4,No,3
Female,20,No,Yes,No,0,Yes,7,Offer B,Yes,41.15,Yes,Yes,48,Yes,Yes,Yes,Yes,No,Yes,Yes,No,One Year,Yes,Credit Card,4,No,59
Male,30,No,Yes,No,0,Yes,4,Offer A,Yes,16.24,No,Yes,59,No,Yes,No,Yes,Yes,Yes,Yes,Yes,Two Year,Yes,Credit Card,5,No,71
Female,45,No,Yes,Yes,2,Yes,10,Offer E,Yes,35.6,No,Yes,19,No,No,No,No,No,No,No,Yes,Month-to-Month,No,Credit Card,3,No,5
Male,54,No,Yes,Yes,6,Yes,5,None,Yes,36.19,No,Yes,53,Yes,Yes,No,No,No,No,No,Yes,Month-to-Month,Yes,Credit Card,3,No,27
Male,48,No,No,No,0,No,0,Offer B,No,0,No,Yes,28,Yes,Yes,No,Yes,No,No,No,Yes,One Year,Yes,Bank Withdrawal,3,No,63
Male,40,No,Yes,No,0,Yes,5,Offer A,Yes,24.24,Yes,Yes,27,Yes,No,No,No,No,No,No,Yes,Two Year,No,Bank Withdrawal,4,No,72
Female,59,No,Yes,No,0,Yes,5,None,Yes,12.3,Yes,Yes,26,Yes,No,No,Yes,No,No,No,Yes,Month-to-Month,Yes,Bank Withdrawal,4,No,34
Female,54,No,Yes,No,0,Yes,4,None,Yes,31.62,Yes,Yes,12,Yes,Yes,No,No,Yes,Yes,Yes,No,One Year,No,Bank Withdrawal,3,No,24
Male,53,No,No,No,0,No,0,Offer A,Yes,3.66,Yes,Yes,13,Yes,Yes,Yes,Yes,No,No,No,Yes,Two Year,No,Bank Withdrawal,5,No,72
Female,46,No,Yes,No,0,Yes,1,Offer B,No,0,No,Yes,19,Yes,No,Yes,Yes,Yes,Yes,Yes,Yes,Two Year,No,Credit Card,5,No,60
Male,60,No,No,No,0,No,0,Offer A,Yes,1.27,Yes,Yes,13,Yes,Yes,Yes,No,No,Yes,Yes,Yes,One Year,Yes,Credit Card,4,No,68
Female,44,No,Yes,No,0,Yes,8,Offer E,Yes,17.09,No,No,0,No,No,No,No,No,No,No,No,Two Year,Yes,Credit Card,5,No,8
Female,22,No,No,No,0,No,0,None,Yes,20.75,No,Yes,27,Yes,No,Yes,Yes,Yes,No,No,Yes,Two Year,No,Credit Card,3,No,34
Female,25,No,No,No,0,No,0,Offer E,No,0,No,Yes,52,No,No,No,No,Yes,Yes,Yes,Yes,Month-to-Month,No,Credit Card,5,No,6
Male,38,No,Yes,No,0,Yes,2,Offer E,Yes,4.41,No,Yes,26,No,Yes,No,Yes,No,Yes,Yes,No,Month-to-Month,Yes,Credit Card,4,No,2
Male,24,No,No,No,0,No,0,None,Yes,17.18,Yes,Yes,76,No,No,No,Yes,No,No,No,Yes,One Year,No,Credit Card,5,No,31
Female,47,No,Yes,Yes,7,Yes,6,Offer D,Yes,36.85,Yes,No,0,No,No,No,No,No,No,No,No,Month-to-Month,Yes,Bank Withdrawal,4,No,20
Female,21,No,Yes,Yes,3,Yes,4,None,Yes,6.86,No,No,0,No,No,No,No,No,No,No,No,Month-to-Month,No,Bank Withdrawal,4,No,1
Male,39,No,Yes,No,0,Yes,7,None,Yes,29.56,Yes,No,0,No,No,No,No,No,No,No,No,Two Year,Yes,Credit Card,5,No,39
Female,61,No,Yes,No,0,Yes,1,None,Yes,37.02,No,Yes,6,No,Yes,No,Yes,Yes,No,No,Yes,Two Year,Yes,Credit Card,4,No,46
Female,45,No,Yes,No,0,Yes,5,Offer A,Yes,43.47,Yes,Yes,9,No,No,Yes,No,Yes,Yes,Yes,No,Two Year,Yes,Bank Withdrawal,3,No,72
Male,63,No,No,No,0,No,0,Offer D,Yes,47.72,No,Yes,28,No,No,Yes,Yes,No,No,No,Yes,Month-to-Month,No,Credit Card,4,No,18
Male,29,No,Yes,No,0,Yes,10,Offer A,Yes,31.97,Yes,Yes,73,Yes,No,Yes,Yes,Yes,Yes,Yes,Yes,Two Year,Yes,Credit Card,3,No,71
Female,55,No,Yes,No,0,Yes,9,None,Yes,33.63,Yes,No,0,No,No,No,No,No,No,No,No,Two Year,No,Bank Withdrawal,4,No,42
Male,23,No,Yes,No,0,No,0,None,No,0,No,Yes,42,Yes,No,No,No,No,No,No,Yes,One Year,No,Bank Withdrawal,4,No,34
Female,23,No,No,No,0,No,0,Offer C,Yes,9.57,Yes,Yes,59,No,No,No,No,Yes,No,No,Yes,Month-to-Month,Yes,Credit Card,3,No,25
Female,37,No,Yes,Yes,3,Yes,10,None,Yes,35.04,No,Yes,57,No,Yes,Yes,Yes,Yes,Yes,Yes,No,One Year,Yes,Bank Withdrawal,3,No,55
Male,30,No,Yes,No,0,Yes,9,None,Yes,9.28,Yes,Yes,51,Yes,Yes,No,Yes,No,No,No,Yes,Two Year,Yes,Credit Card,3,No,70
Female,41,No,Yes,No,0,Yes,3,None,Yes,27.63,Yes,Yes,29,No,No,Yes,Yes,Yes,Yes,Yes,Yes,Month-to-Month,Yes,Bank Withdrawal,5,No,61
Male,62,No,Yes,No,0,Yes,1,None,Yes,41.08,No,Yes,18,Yes,No,Yes,Yes,Yes,Yes,Yes,Yes,Two Year,Yes,Credit Card,3,No,43
Male,37,No,No,No,0,No,0,None,Yes,16.64,Yes,Yes,8,No,Yes,Yes,No,Yes,Yes,Yes,Yes,One Year,Yes,Bank Withdrawal,4,No,47
Male,38,No,No,No,0,No,0,Offer E,Yes,13.96,No,Yes,5,No,No,Yes,Yes,Yes,No,No,Yes,Month-to-Month,Yes,Credit Card,4,No,5
Female,55,No,No,No,0,No,0,None,Yes,8.23,Yes,No,0,No,No,No,No,No,No,No,No,Two Year,Yes,Credit Card,3,No,62
Female,47,No,Yes,Yes,1,Yes,1,None,Yes,31.7,Yes,No,0,No,No,No,No,No,No,No,No,Month-to-Month,No,Credit Card,5,No,14
Male,35,No,Yes,Yes,3,Yes,2,Offer C,No,0,No,Yes,76,No,No,Yes,Yes,Yes,No,No,Yes,Month-to-Month,Yes,Bank Withdrawal,4,No,34
Male,44,No,Yes,Yes,1,Yes,9,Offer C,Yes,33.1,Yes,No,0,No,No,No,No,No,No,No,No,Two Year,No,Credit Card,3,No,38
Female,46,No,Yes,No,0,Yes,7,None,Yes,19.1,No,Yes,21,Yes,Yes,Yes,Yes,No,Yes,Yes,Yes,One Year,No,Credit Card,3,No,70
Female,33,No,Yes,Yes,2,Yes,3,Offer C,Yes,1.08,Yes,Yes,16,No,Yes,No,No,Yes,No,No,Yes,Month-to-Month,Yes,Bank Withdrawal,4,No,37
Male,47,No,Yes,No,0,No,0,None,Yes,14.05,No,Yes,25,Yes,No,Yes,Yes,No,Yes,Yes,Yes,One Year,No,Credit Card,3,No,62
Male,27,No,No,No,0,No,0,Offer C,Yes,42.51,No,Yes,52,Yes,No,Yes,Yes,Yes,Yes,Yes,No,Month-to-Month,Yes,Credit Card,3,No,36
Male,36,No,No,No,0,No,0,None,Yes,1.4,No,No,0,No,No,No,No,No,No,No,No,Two Year,No,Credit Card,5,No,44
Female,44,No,Yes,No,0,Yes,7,None,Yes,6.58,Yes,Yes,7,Yes,No,Yes,No,Yes,Yes,Yes,Yes,Two Year,Yes,Credit Card,3,No,72
Female,59,No,No,No,0,No,0,None,No,0,No,Yes,7,Yes,No,No,No,No,No,No,Yes,Month-to-Month,Yes,Bank Withdrawal,3,No,13
Female,23,No,Yes,No,0,Yes,7,None,Yes,34.63,No,No,0,No,No,No,No,No,No,No,No,One Year,No,Credit Card,5,No,15
Female,57,No,No,No,0,No,0,None,Yes,41.74,No,Yes,17,Yes,Yes,Yes,Yes,Yes,Yes,Yes,Yes,Two Year,Yes,Bank Withdrawal,4,No,65
Female,54,No,Yes,No,0,Yes,7,None,No,0,No,Yes,27,Yes,No,No,Yes,No,No,No,Yes,One Year,No,Credit Card,3,No,12
Male,55,No,Yes,No,0,Yes,8,None,Yes,5.32,Yes,Yes,5,Yes,Yes,Yes,Yes,Yes,Yes,Yes,No,Two Year,Yes,Credit Card,3,No,72
Female,23,No,Yes,No,0,Yes,3,None,Yes,44.92,Yes,Yes,69,Yes,Yes,Yes,Yes,Yes,Yes,Yes,Yes,Two Year,No,Credit Card,3,No,72
Female,57,No,Yes,Yes,2,Yes,9,None,Yes,12.29,Yes,Yes,24,Yes,Yes,Yes,Yes,Yes,Yes,Yes,Yes,Two Year,Yes,Bank Withdrawal,3,No,72
Male,63,No,No,No,0,No,0,None,Yes,32.02,Yes,Yes,28,Yes,Yes,No,Yes,Yes,Yes,Yes,Yes,Two Year,Yes,Credit Card,3,No,52
Male,50,No,No,No,0,No,0,Offer E,Yes,40.25,Yes,No,0,No,No,No,No,No,No,No,No,Month-to-Month,No,Credit Card,3,No,2
Female,63,No,No,No,0,No,0,Offer E,Yes,8.32,No,Yes,22,Yes,No,No,Yes,Yes,No,No,Yes,Month-to-Month,Yes,Bank Withdrawal,4,No,5
Female,32,No,No,No,0,No,0,None,Yes,48.41,No,No,0,No,No,No,No,No,No,No,No,Two Year,No,Credit Card,4,No,68
Male,22,No,No,No,0,No,0,None,Yes,48.36,Yes,Yes,71,Yes,Yes,No,Yes,Yes,Yes,Yes,No,Two Year,No,Credit Card,4,No,72
Female,59,No,Yes,No,0,Yes,10,None,Yes,37.38,Yes,Yes,8,Yes,Yes,No,Yes,No,No,No,Yes,One Year,No,Bank Withdrawal,3,No,66
Male,52,No,Yes,No,0,Yes,9,None,No,0,No,Yes,18,Yes,Yes,Yes,Yes,Yes,Yes,Yes,Yes,Two Year,Yes,Credit Card,3,No,72
Male,63,No,No,No,0,No,0,Offer C,Yes,45.7,No,No,0,No,No,No,No,No,No,No,No,One Year,No,Credit Card,3,No,26
Male,53,No,Yes,Yes,1,Yes,2,None,Yes,30.82,Yes,Yes,11,Yes,No,Yes,No,No,Yes,Yes,Yes,Two Year,No,Bank Withdrawal,3,No,64
Male,61,No,Yes,No,0,Yes,6,None,No,0,No,Yes,4,No,No,No,Yes,Yes,No,No,Yes,Two Year,Yes,Bank Withdrawal,4,No,62
Female,44,No,No,No,0,No,0,None,Yes,24.61,No,No,0,No,No,No,No,No,No,No,No,Month-to-Month,Yes,Credit Card,3,No,5
Male,44,No,No,Yes,1,No,0,None,Yes,33.87,Yes,No,0,No,No,No,No,No,No,No,No,Two Year,Yes,Credit Card,5,No,3
Female,32,No,Yes,No,0,Yes,1,None,Yes,25.48,Yes,Yes,3,Yes,No,Yes,Yes,Yes,No,No,Yes,Two Year,Yes,Bank Withdrawal,3,No,72
Male,26,No,Yes,Yes,3,Yes,1,None,Yes,4.18,No,Yes,73,No,Yes,Yes,No,Yes,Yes,Yes,Yes,One Year,Yes,Credit Card,4,No,57
Male,63,No,No,Yes,1,No,0,None,Yes,37.94,No,No,0,No,No,No,No,No,No,No,No,Two Year,No,Credit Card,4,No,66
Male,33,No,No,Yes,2,No,0,None,Yes,23.54,Yes,Yes,12,No,No,Yes,No,Yes,Yes,Yes,Yes,Two Year,No,Bank Withdrawal,4,No,45
Female,25,No,No,No,0,No,0,None,No,0,No,Yes,46,No,No,No,No,Yes,No,No,Yes,Month-to-Month,Yes,Credit Card,4,No,3
Female,48,No,No,No,0,No,0,None,No,0,No,Yes,10,Yes,No,Yes,Yes,Yes,Yes,Yes,Yes,One Year,No,Bank Withdrawal,3,No,51
Female,29,No,No,No,0,No,0,None,Yes,37.95,Yes,Yes,27,Yes,No,Yes,Yes,No,No,No,No,One Year,No,Bank Withdrawal,3,No,60
Male,62,No,No,No,0,No,0,Offer C,Yes,5.91,Yes,Yes,5,No,Yes,No,No,No,No,No,Yes,Month-to-Month,Yes,Bank Withdrawal,3,No,33
Female,39,No,Yes,No,0,Yes,1,None,Yes,35.03,Yes,Yes,23,Yes,No,Yes,Yes,Yes,Yes,Yes,Yes,One Year,Yes,Bank Withdrawal,3,No,67
Female,19,No,Yes,No,0,Yes,1,None,No,0,No,Yes,82,Yes,No,No,Yes,No,No,No,Yes,One Year,Yes,Credit Card,4,No,49
Male,42,No,No,No,0,No,0,None,Yes,3.23,No,No,0,No,No,No,No,No,No,No,No,Month-to-Month,Yes,Credit Card,3,No,1
Male,23,No,Yes,Yes,3,Yes,1,Offer C,Yes,43.01,No,Yes,51,No,No,No,No,Yes,Yes,Yes,Yes,One Year,No,Credit Card,5,No,37
Male,37,No,Yes,Yes,3,Yes,1,Offer C,Yes,20.76,Yes,Yes,57,Yes,No,Yes,Yes,No,No,No,Yes,Month-to-Month,No,Bank Withdrawal,3,No,31
Female,56,No,Yes,No,0,Yes,1,Offer B,Yes,38.85,Yes,Yes,27,No,No,No,Yes,No,No,No,Yes,One Year,Yes,Credit Card,3,No,63
Male,53,No,No,No,0,No,0,Offer C,Yes,41.66,Yes,Yes,28,Yes,Yes,No,No,No,Yes,Yes,Yes,Month-to-Month,Yes,Credit Card,3,No,30
Male,29,No,Yes,No,0,Yes,1,None,Yes,33.83,Yes,Yes,27,Yes,Yes,Yes,Yes,Yes,Yes,Yes,No,Two Year,Yes,Bank Withdrawal,4,No,71
Female,33,No,No,No,0,No,0,Offer B,Yes,12.92,Yes,Yes,19,No,Yes,Yes,No,Yes,Yes,Yes,Yes,Two Year,No,Bank Withdrawal,5,No,53
Male,27,No,Yes,No,0,Yes,1,Offer B,Yes,17.58,Yes,Yes,47,Yes,Yes,No,No,No,Yes,Yes,Yes,Month-to-Month,Yes,Credit Card,4,No,50
Female,19,No,No,No,0,No,0,None,Yes,27.17,No,No,0,No,No,No,No,No,No,No,No,Month-to-Month,No,Mailed Check,5,No,2
Female,35,No,Yes,No,0,Yes,1,Offer B,Yes,34.1,No,Yes,13,Yes,Yes,Yes,No,Yes,Yes,Yes,Yes,One Year,Yes,Credit Card,4,No,56
Male,60,No,Yes,No,0,Yes,1,None,Yes,45.25,No,Yes,18,Yes,Yes,Yes,No,Yes,Yes,Yes,Yes,Two Year,No,Credit Card,3,No,67
Male,38,No,No,No,0,No,0,None,Yes,20.76,No,Yes,30,No,No,No,No,Yes,No,No,Yes,Month-to-Month,Yes,Bank Withdrawal,4,No,4
Male,61,No,No,No,0,No,0,None,Yes,41.79,No,Yes,6,No,Yes,No,Yes,No,Yes,Yes,No,One Year,Yes,Bank Withdrawal,4,No,19
Female,26,No,No,Yes,3,No,0,None,Yes,45.87,No,No,0,No,No,No,No,No,No,No,No,Month-to-Month,No,Mailed Check,4,No,8
Female,29,No,No,No,0,No,0,None,Yes,41.92,Yes,Yes,53,No,Yes,Yes,Yes,Yes,Yes,Yes,Yes,Two Year,Yes,Bank Withdrawal,4,No,71
Male,40,No,Yes,Yes,1,Yes,1,None,Yes,11.67,Yes,Yes,26,Yes,No,Yes,No,Yes,Yes,Yes,Yes,One Year,Yes,Bank Withdrawal,3,No,72
Male,42,No,No,No,0,No,0,None,Yes,16.59,No,No,0,No,No,No,No,No,No,No,No,One Year,No,Credit Card,3,No,12
Male,22,No,Yes,Yes,2,Yes,1,None,Yes,28.06,Yes,No,0,No,No,No,No,No,No,No,No,Two Year,Yes,Bank Withdrawal,3,No,72
Male,45,No,No,No,0,No,0,None,No,0,No,Yes,10,Yes,Yes,Yes,Yes,Yes,Yes,Yes,Yes,Two Year,Yes,Bank Withdrawal,4,No,72
Female,37,No,No,No,0,No,0,Offer C,Yes,20.64,Yes,Yes,22,No,No,Yes,No,No,No,No,Yes,Month-to-Month,Yes,Bank Withdrawal,3,No,26
Female,48,No,No,No,0,No,0,None,Yes,36.31,No,Yes,27,No,Yes,Yes,Yes,Yes,Yes,Yes,Yes,One Year,Yes,Credit Card,4,No,21
Male,23,No,Yes,No,0,Yes,1,Offer B,Yes,16.42,Yes,No,0,No,No,No,No,No,No,No,No,One Year,No,Bank Withdrawal,3,No,60
Male,26,No,No,No,0,No,0,None,Yes,41.11,No,No,0,No,No,No,No,No,No,No,No,Month-to-Month,No,Mailed Check,5,No,12
Male,25,No,Yes,No,0,Yes,1,None,Yes,25.83,Yes,Yes,46,No,No,No,No,No,No,No,Yes,Month-to-Month,Yes,Bank Withdrawal,5,No,16
Female,38,No,Yes,No,0,Yes,1,Offer B,Yes,49.08,Yes,Yes,24,Yes,Yes,No,No,Yes,Yes,Yes,No,One Year,Yes,Credit Card,3,No,63
Female,54,No,Yes,Yes,1,Yes,1,Offer C,Yes,32.43,No,Yes,19,Yes,Yes,Yes,Yes,No,Yes,Yes,Yes,Month-to-Month,No,Bank Withdrawal,3,No,32
Female,32,No,Yes,Yes,3,Yes,6,None,Yes,16.09,Yes,Yes,53,No,Yes,No,Yes,Yes,Yes,Yes,Yes,Two Year,Yes,Credit Card,3,No,68
Female,53,No,Yes,Yes,3,No,0,Offer C,Yes,48.43,No,Yes,58,No,No,Yes,No,No,Yes,Yes,Yes,One Year,No,Bank Withdrawal,3,No,30
Female,44,No,No,No,0,No,0,None,Yes,38.02,No,Yes,25,No,Yes,No,No,No,No,No,Yes,Month-to-Month,No,Bank Withdrawal,5,No,16
Male,32,No,No,No,0,No,0,Offer C,Yes,34.85,No,Yes,27,No,Yes,No,Yes,No,No,No,Yes,Two Year,No,Bank Withdrawal,4,No,33
Male,54,No,Yes,No,0,Yes,3,None,Yes,2.61,No,No,0,No,No,No,No,No,No,No,No,Two Year,No,Credit Card,3,No,72
Female,58,No,No,No,0,No,0,None,No,0,No,Yes,19,Yes,No,No,Yes,No,No,No,Yes,One Year,Yes,Mailed Check,3,No,12
Female,40,No,Yes,No,0,Yes,8,None,Yes,31.09,No,Yes,5,Yes,Yes,Yes,No,Yes,Yes,Yes,Yes,Two Year,No,Mailed Check,3,No,10
Female,32,No,Yes,No,0,Yes,6,Offer B,Yes,41.34,Yes,Yes,15,No,Yes,Yes,Yes,Yes,Yes,Yes,Yes,One Year,Yes,Credit Card,3,No,65
Female,46,No,No,No,0,No,0,None,Yes,2.74,No,No,0,No,No,No,No,No,No,No,No,Month-to-Month,No,Mailed Check,4,No,15
Female,55,No,No,No,0,No,0,None,Yes,47.31,No,No,0,No,No,No,No,No,No,No,No,One Year,No,Bank Withdrawal,5,No,24
Female,50,No,No,Yes,2,No,0,None,No,0,No,Yes,19,No,Yes,No,No,No,No,No,No,Month-to-Month,No,Bank Withdrawal,5,No,13
Male,23,No,No,No,0,No,0,None,Yes,35.3,No,Yes,41,No,No,No,No,No,Yes,Yes,Yes,Month-to-Month,Yes,Credit Card,4,No,24
Female,56,No,Yes,No,0,Yes,6,None,No,0,No,Yes,4,Yes,Yes,Yes,Yes,Yes,Yes,Yes,Yes,Two Year,No,Bank Withdrawal,3,No,72
Female,62,No,Yes,Yes,3,Yes,3,Offer B,Yes,42.35,Yes,Yes,76,Yes,Yes,No,No,Yes,Yes,Yes,Yes,Month-to-Month,Yes,Bank Withdrawal,4,No,54
Male,39,No,Yes,Yes,2,Yes,4,None,Yes,3.63,No,No,0,No,No,No,No,No,No,No,No,Month-to-Month,Yes,Mailed Check,4,No,4
Male,42,No,Yes,Yes,1,Yes,8,None,Yes,47.33,No,No,0,No,No,No,No,No,No,No,No,Two Year,No,Bank Withdrawal,4,No,35
Female,64,No,No,No,0,No,0,Offer E,Yes,11.2,No,Yes,17,No,Yes,No,No,No,No,No,No,Month-to-Month,No,Bank Withdrawal,3,No,8
Male,62,No,No,No,0,No,0,None,Yes,37.11,No,Yes,15,Yes,No,No,Yes,No,No,No,Yes,Month-to-Month,No,Mailed Check,3,No,22
Female,57,No,No,No,0,No,0,None,Yes,30.54,No,Yes,11,Yes,No,Yes,Yes,No,No,No,Yes,Month-to-Month,No,Bank Withdrawal,4,No,15
Male,39,No,No,No,0,No,0,None,Yes,11.15,Yes,Yes,17,No,No,No,No,Yes,Yes,Yes,Yes,Month-to-Month,Yes,Bank Withdrawal,4,No,22
Female,33,No,Yes,Yes,2,No,0,Offer A,Yes,4.15,Yes,No,0,No,No,No,No,No,No,No,No,Two Year,No,Bank Withdrawal,3,No,71
Male,26,No,No,No,0,No,0,Offer E,Yes,34.69,No,Yes,47,Yes,No,Yes,No,No,No,No,Yes,Month-to-Month,No,Bank Withdrawal,3,No,4
Male,59,No,No,No,0,No,0,None,Yes,25.2,Yes,Yes,23,Yes,Yes,Yes,Yes,No,Yes,Yes,Yes,Month-to-Month,No,Bank Withdrawal,3,No,25
Female,45,No,Yes,Yes,3,Yes,7,None,Yes,26.66,No,Yes,57,No,Yes,No,No,Yes,No,No,No,Month-to-Month,Yes,Bank Withdrawal,5,No,32
Male,41,No,No,No,0,No,0,None,Yes,42.66,No,No,0,No,No,No,No,No,No,No,No,One Year,Yes,Mailed Check,3,No,17
Male,50,No,No,Yes,3,No,0,None,Yes,19.58,No,No,0,No,No,No,No,No,No,No,No,Month-to-Month,No,Credit Card,4,No,3
Female,48,No,No,No,0,No,0,Offer A,Yes,18.2,No,Yes,28,Yes,Yes,Yes,Yes,Yes,No,No,Yes,Two Year,No,Credit Card,3,No,71
Male,30,No,Yes,No,0,Yes,1,Offer B,Yes,47.17,Yes,Yes,26,Yes,Yes,No,No,Yes,No,No,No,Month-to-Month,Yes,Bank Withdrawal,3,No,49
Male,26,No,No,No,0,No,0,Offer B,Yes,47.47,No,Yes,69,No,Yes,Yes,Yes,Yes,No,No,Yes,Two Year,No,Bank Withdrawal,4,No,58
Female,40,No,Yes,No,0,Yes,4,Offer B,Yes,8.28,No,Yes,22,No,Yes,No,Yes,Yes,Yes,Yes,Yes,Two Year,Yes,Credit Card,3,No,59
Female,34,No,No,No,0,No,0,Offer D,Yes,33.79,Yes,Yes,23,No,No,No,No,No,No,No,Yes,Month-to-Month,No,Bank Withdrawal,3,No,11
Female,20,No,Yes,No,0,Yes,5,None,Yes,42.18,No,Yes,59,Yes,No,No,Yes,No,No,No,Yes,One Year,Yes,Bank Withdrawal,4,No,35
Female,23,No,No,No,0,No,0,Offer D,Yes,10.97,No,No,0,No,No,No,No,No,No,No,No,Month-to-Month,Yes,Bank Withdrawal,3,No,20
Male,21,No,Yes,Yes,1,Yes,9,Offer B,Yes,22.96,No,No,0,No,No,No,No,No,No,No,No,Two Year,No,Credit Card,5,No,40
Female,22,No,No,No,0,No,0,None,Yes,25.33,No,Yes,82,Yes,No,No,No,No,No,No,No,One Year,Yes,Bank Withdrawal,3,No,39
Female,62,No,Yes,Yes,1,Yes,7,Offer A,Yes,21.14,Yes,No,0,No,No,No,No,No,No,No,No,Two Year,No,Bank Withdrawal,5,No,72
Female,54,No,No,No,0,No,0,Offer D,Yes,6.56,No,Yes,17,No,No,No,No,No,No,No,Yes,Month-to-Month,No,Bank Withdrawal,4,No,12
Male,48,No,No,No,0,No,0,Offer E,Yes,5.32,No,No,0,No,No,No,No,No,No,No,No,Month-to-Month,No,Bank Withdrawal,5,No,1
Male,20,No,No,Yes,2,No,0,None,Yes,30.36,No,No,0,No,No,No,No,No,No,No,No,Month-to-Month,No,Credit Card,3,No,27
Male,53,No,Yes,No,0,Yes,7,None,Yes,26.03,No,No,0,No,No,No,No,No,No,No,No,One Year,No,Credit Card,5,No,34
Female,56,No,Yes,No,0,Yes,9,Offer B,Yes,4.24,No,Yes,15,Yes,No,Yes,No,No,No,No,Yes,Two Year,No,Bank Withdrawal,3,No,56
Female,31,No,No,No,0,No,0,Offer B,Yes,38.62,Yes,No,0,No,No,No,No,No,No,No,No,Two Year,No,Credit Card,3,No,58
Female,30,No,Yes,Yes,3,Yes,9,Offer D,Yes,25.98,Yes,No,0,No,No,No,No,No,No,No,No,Two Year,No,Credit Card,3,No,22
Female,27,No,Yes,Yes,2,Yes,10,Offer D,Yes,18.57,Yes,No,0,No,No,No,No,No,No,No,No,Two Year,No,Credit Card,5,No,10
Male,23,No,No,No,0,No,0,Offer D,Yes,1.61,No,No,0,No,No,No,No,No,No,No,No,Two Year,No,Credit Card,3,No,13
Male,19,No,Yes,No,0,Yes,1,Offer A,Yes,21.72,No,No,0,No,No,No,No,No,No,No,No,Two Year,No,Bank Withdrawal,3,No,72
Male,21,No,No,No,0,No,0,None,Yes,23.52,No,Yes,48,No,No,No,Yes,Yes,Yes,Yes,Yes,Month-to-Month,No,Bank Withdrawal,3,No,2
Male,42,No,Yes,Yes,1,Yes,1,None,Yes,37.23,No,Yes,23,No,No,No,No,No,No,No,Yes,Month-to-Month,Yes,Credit Card,4,No,4
Female,28,No,No,No,0,No,0,None,Yes,26.49,No,No,0,No,No,No,No,No,No,No,No,Two Year,No,Credit Card,3,No,37
Male,59,No,No,No,0,No,0,Offer D,Yes,34.39,No,No,0,No,No,No,No,No,No,No,No,Month-to-Month,No,Credit Card,3,No,21
Male,20,No,No,No,0,No,0,None,Yes,17.42,No,Yes,59,Yes,No,No,No,No,No,No,Yes,Month-to-Month,Yes,Credit Card,3,No,3
Female,31,No,Yes,No,0,Yes,3,Offer A,No,0,No,Yes,8,Yes,Yes,No,Yes,Yes,Yes,Yes,Yes,Two Year,No,Credit Card,4,No,71
Male,41,No,No,No,0,No,0,None,Yes,30.8,No,Yes,3,No,No,No,Yes,Yes,Yes,Yes,Yes,Month-to-Month,Yes,Bank Withdrawal,3,No,9
Female,56,No,No,No,0,No,0,None,Yes,16.99,No,Yes,8,No,Yes,No,No,No,No,No,No,Month-to-Month,No,Bank Withdrawal,4,No,1
Male,36,No,Yes,No,0,Yes,5,Offer A,Yes,10.97,Yes,Yes,20,Yes,Yes,Yes,Yes,No,Yes,Yes,Yes,Two Year,Yes,Credit Card,3,No,71
Female,36,No,No,No,0,No,0,Offer B,Yes,15.93,Yes,No,0,No,No,No,No,No,No,No,No,One Year,Yes,Bank Withdrawal,5,No,64
Male,33,No,No,No,0,No,0,None,No,0,No,Yes,13,No,No,No,Yes,No,Yes,Yes,Yes,Month-to-Month,Yes,Bank Withdrawal,4,No,4
Female,33,No,No,No,0,No,0,Offer D,Yes,13.98,No,No,0,No,No,No,No,No,No,No,No,Month-to-Month,Yes,Credit Card,4,No,23
Female,59,No,Yes,Yes,2,Yes,3,None,Yes,15.06,No,Yes,11,Yes,No,No,No,No,No,No,Yes,Month-to-Month,No,Credit Card,3,No,39
Male,27,No,Yes,No,0,Yes,1,None,Yes,33.63,No,Yes,48,Yes,No,No,Yes,No,No,No,No,One Year,No,Credit Card,5,No,28
Male,62,No,No,No,0,No,0,None,Yes,28.84,No,Yes,25,No,No,No,No,No,No,No,Yes,Month-to-Month,Yes,Credit Card,3,No,37
Female,30,No,No,No,0,No,0,Offer B,Yes,40.25,Yes,Yes,69,Yes,No,Yes,No,Yes,No,No,Yes,One Year,No,Credit Card,4,No,47
Female,39,No,Yes,Yes,3,Yes,8,Offer B,Yes,10.21,No,Yes,23,No,No,No,No,No,No,No,Yes,Month-to-Month,Yes,Bank Withdrawal,5,No,50
Male,30,No,Yes,Yes,2,Yes,1,None,Yes,13.55,Yes,Yes,59,No,No,No,Yes,Yes,Yes,Yes,No,Month-to-Month,No,Bank Withdrawal,5,No,27
Female,49,No,Yes,No,0,Yes,4,None,Yes,8.91,Yes,No,0,No,No,No,No,No,No,No,No,Two Year,No,Bank Withdrawal,4,No,62
Female,25,No,Yes,No,0,Yes,4,Offer A,Yes,6.23,No,Yes,58,Yes,No,Yes,Yes,Yes,Yes,Yes,Yes,Two Year,No,Bank Withdrawal,4,No,71
Male,39,No,No,No,0,No,0,Offer A,Yes,49.13,Yes,No,0,No,No,No,No,No,No,No,No,Two Year,No,Credit Card,4,No,66
Male,61,No,Yes,Yes,1,Yes,5,Offer A,Yes,32.59,Yes,Yes,24,Yes,Yes,Yes,Yes,Yes,Yes,Yes,Yes,Two Year,Yes,Bank Withdrawal,3,No,68
Female,47,No,No,No,0,No,0,Offer D,No,0,No,Yes,27,No,No,Yes,No,Yes,Yes,Yes,Yes,Month-to-Month,No,Bank Withdrawal,3,No,13
Male,37,No,Yes,No,0,Yes,3,None,Yes,46.18,No,Yes,24,No,No,No,No,No,Yes,Yes,Yes,One Year,Yes,Bank Withdrawal,5,No,56
Female,56,No,No,No,0,No,0,Offer D,Yes,44.05,No,No,0,No,No,No,No,No,No,No,No,One Year,Yes,Bank Withdrawal,3,No,16
Female,60,No,Yes,Yes,2,No,0,Offer D,Yes,23,No,Yes,17,No,No,No,No,No,No,No,Yes,Month-to-Month,No,Bank Withdrawal,4,No,14
Female,37,No,No,No,0,No,0,None,Yes,42.78,No,Yes,27,Yes,No,No,Yes,No,No,No,Yes,One Year,No,Bank Withdrawal,3,No,8
Female,29,No,Yes,Yes,2,Yes,8,None,Yes,5.25,Yes,Yes,59,No,No,Yes,No,Yes,Yes,Yes,Yes,Month-to-Month,Yes,Bank Withdrawal,3,No,43
Female,31,No,No,No,0,No,0,None,Yes,21.38,Yes,Yes,21,Yes,No,Yes,Yes,Yes,No,No,Yes,One Year,No,Credit Card,3,No,52
Male,35,No,No,No,0,No,0,None,Yes,28.19,No,Yes,21,No,No,No,Yes,No,No,No,Yes,Month-to-Month,Yes,Credit Card,3,No,3
Male,42,No,No,No,0,No,0,None,Yes,46.12,No,No,0,No,No,No,No,No,No,No,No,One Year,Yes,Credit Card,4,No,29
Female,48,No,Yes,Yes,3,Yes,1,Offer D,No,0,No,Yes,53,No,No,No,No,No,Yes,Yes,No,Month-to-Month,Yes,Credit Card,5,No,16
Female,41,No,No,No,0,No,0,None,Yes,33.83,Yes,Yes,19,No,No,Yes,Yes,Yes,Yes,Yes,Yes,One Year,Yes,Credit Card,4,No,40
Female,47,No,No,No,0,No,0,None,Yes,41.33,No,No,0,No,No,No,No,No,No,No,No,One Year,No,Credit Card,5,No,36
Male,49,No,Yes,No,0,Yes,10,None,Yes,45.28,No,No,0,No,No,No,No,No,No,No,No,One Year,Yes,Bank Withdrawal,5,No,26
Female,33,No,Yes,No,0,Yes,6,None,Yes,40.67,No,Yes,7,No,No,No,Yes,No,No,No,Yes,Month-to-Month,No,Bank Withdrawal,5,No,34
Male,32,No,No,No,0,No,0,Offer D,Yes,7.65,No,Yes,17,Yes,No,No,Yes,Yes,No,No,Yes,Month-to-Month,No,Bank Withdrawal,3,No,10
Female,52,No,No,No,0,No,0,None,Yes,27.68,No,Yes,26,Yes,No,No,Yes,No,No,No,No,One Year,No,Credit Card,4,No,14
Male,63,No,Yes,No,0,Yes,7,None,Yes,6.54,No,No,0,No,No,No,No,No,No,No,No,Two Year,No,Credit Card,5,No,47
Male,36,No,Yes,No,0,Yes,2,None,Yes,10.23,No,Yes,8,Yes,No,No,Yes,No,Yes,Yes,Yes,Month-to-Month,Yes,Bank Withdrawal,3,No,24
Male,62,No,No,No,0,No,0,None,No,0,No,Yes,19,No,No,Yes,Yes,Yes,Yes,Yes,Yes,Two Year,No,Bank Withdrawal,4,No,22
Male,31,No,No,No,0,No,0,None,Yes,18.81,No,No,0,No,No,No,No,No,No,No,No,Month-to-Month,No,Credit Card,5,No,1
Female,35,No,Yes,Yes,5,Yes,2,None,Yes,48.07,Yes,Yes,53,No,Yes,No,Yes,No,Yes,Yes,Yes,Month-to-Month,Yes,Bank Withdrawal,3,No,59
Female,44,No,Yes,No,0,Yes,9,None,Yes,36.45,Yes,No,0,No,No,No,No,No,No,No,No,One Year,Yes,Credit Card,4,No,58
Female,61,No,Yes,Yes,2,Yes,3,None,Yes,1.67,No,Yes,19,No,No,No,No,No,No,No,Yes,Month-to-Month,Yes,Bank Withdrawal,3,No,3
Male,50,No,No,No,0,No,0,None,Yes,14.91,No,No,0,No,No,No,No,No,No,No,No,Two Year,Yes,Bank Withdrawal,5,No,32
Male,39,No,Yes,Yes,1,Yes,5,None,Yes,22.83,Yes,No,0,No,No,No,No,No,No,No,No,Two Year,No,Credit Card,5,No,10
Female,41,No,Yes,No,0,No,0,None,Yes,8.25,No,No,0,No,No,No,No,No,No,No,No,One Year,No,Credit Card,3,No,52
Male,53,No,No,No,0,No,0,None,Yes,6.2,Yes,Yes,25,Yes,No,No,Yes,No,No,No,No,Month-to-Month,No,Bank Withdrawal,3,No,32
Female,35,No,No,No,0,No,0,None,Yes,13.04,Yes,Yes,16,No,No,No,No,No,No,No,Yes,Month-to-Month,Yes,Credit Card,5,No,16
Female,62,No,No,No,0,No,0,None,Yes,7.54,Yes,Yes,6,Yes,Yes,Yes,No,Yes,Yes,Yes,Yes,One Year,No,Bank Withdrawal,3,No,51
Male,30,No,No,No,0,No,0,None,Yes,3.69,No,Yes,27,No,No,Yes,Yes,Yes,Yes,Yes,Yes,One Year,Yes,Bank Withdrawal,3,No,29
Male,24,No,Yes,No,0,Yes,1,Offer A,Yes,1.63,No,Yes,41,Yes,Yes,Yes,Yes,No,No,No,Yes,Two Year,No,Credit Card,3,No,70
Female,25,No,Yes,Yes,2,Yes,4,Offer A,Yes,32.16,Yes,Yes,59,Yes,No,Yes,Yes,No,Yes,Yes,Yes,Two Year,No,Bank Withdrawal,3,No,71
Male,28,No,Yes,No,0,Yes,4,None,Yes,13.58,Yes,Yes,51,No,Yes,Yes,No,Yes,No,No,Yes,One Year,No,Bank Withdrawal,4,No,41
Male,49,No,No,No,0,No,0,None,Yes,5.93,No,Yes,19,No,No,No,No,Yes,No,No,No,Month-to-Month,Yes,Bank Withdrawal,4,No,1
Female,38,No,Yes,No,0,Yes,4,None,Yes,12.16,No,Yes,9,Yes,No,Yes,Yes,Yes,Yes,Yes,Yes,Month-to-Month,No,Bank Withdrawal,3,No,7
Male,60,No,Yes,Yes,1,Yes,10,Offer A,Yes,18.29,Yes,Yes,11,Yes,Yes,No,Yes,No,No,No,Yes,One Year,No,Bank Withdrawal,3,No,67
Male,38,No,Yes,Yes,1,Yes,3,None,Yes,18.97,Yes,Yes,12,No,No,No,Yes,No,No,No,Yes,Month-to-Month,Yes,Credit Card,3,No,5
Male,53,No,No,Yes,3,No,0,None,Yes,32.54,Yes,No,0,No,No,No,No,No,No,No,No,Month-to-Month,Yes,Bank Withdrawal,3,No,15
Female,21,No,Yes,Yes,3,Yes,4,None,Yes,38.6,No,No,0,No,No,No,No,No,No,No,No,Month-to-Month,No,Bank Withdrawal,3,No,20
Male,50,No,Yes,Yes,3,Yes,9,None,Yes,7.25,Yes,Yes,57,No,Yes,No,Yes,Yes,Yes,Yes,Yes,One Year,Yes,Bank Withdrawal,5,No,54
Male,32,No,No,No,0,No,0,None,Yes,48.41,No,No,0,No,No,No,No,No,No,No,No,One Year,Yes,Credit Card,3,No,42
Female,24,No,Yes,No,0,Yes,3,None,Yes,6.78,No,Yes,59,No,No,No,No,No,Yes,Yes,Yes,Month-to-Month,Yes,Bank Withdrawal,5,No,9
Female,24,No,No,No,0,No,0,None,Yes,37.76,Yes,Yes,48,No,Yes,No,No,Yes,Yes,Yes,Yes,Two Year,No,Bank Withdrawal,3,No,63
Female,57,No,Yes,No,0,Yes,10,Offer A,Yes,39.78,Yes,No,0,No,No,No,No,No,No,No,No,Two Year,No,Bank Withdrawal,3,No,69
Female,24,No,No,No,0,No,0,Offer A,Yes,36.5,Yes,No,0,No,No,No,No,No,No,No,No,Two Year,No,Credit Card,5,No,69
Male,32,No,Yes,No,0,Yes,7,None,Yes,24.3,No,Yes,28,No,Yes,No,No,No,No,No,Yes,Month-to-Month,Yes,Credit Card,4,No,40
Male,38,No,No,No,0,No,0,Offer B,No,0,No,Yes,25,Yes,Yes,Yes,No,No,No,No,Yes,Two Year,No,Bank Withdrawal,3,No,60
Male,33,No,Yes,No,0,Yes,3,None,Yes,47.89,Yes,Yes,9,No,Yes,No,No,Yes,Yes,Yes,Yes,Month-to-Month,Yes,Credit Card,4,No,32
Male,60,No,No,No,0,No,0,None,Yes,5.4,Yes,Yes,16,No,No,No,Yes,No,No,No,Yes,Two Year,Yes,Credit Card,3,No,39
Female,36,No,No,No,0,No,0,None,Yes,46.18,Yes,No,0,No,No,No,No,No,No,No,No,One Year,Yes,Bank Withdrawal,3,No,38
Male,32,No,No,No,0,No,0,Offer B,Yes,15.1,Yes,Yes,17,No,No,Yes,No,No,Yes,Yes,Yes,Two Year,Yes,Credit Card,3,No,52
Female,57,No,Yes,Yes,3,Yes,1,Offer B,Yes,30.41,Yes,Yes,53,Yes,Yes,No,No,Yes,Yes,Yes,Yes,Month-to-Month,Yes,Credit Card,3,No,48
Male,21,No,Yes,No,0,Yes,7,Offer A,No,0,No,Yes,30,Yes,No,Yes,Yes,Yes,Yes,Yes,Yes,Two Year,No,Bank Withdrawal,4,No,70
Male,56,No,No,No,0,No,0,None,Yes,3.8,No,Yes,26,No,No,No,No,No,No,No,No,Month-to-Month,No,Credit Card,3,No,20
Female,59,No,No,No,0,No,0,Offer B,Yes,21.25,Yes,Yes,2,Yes,No,Yes,Yes,Yes,Yes,Yes,Yes,One Year,Yes,Credit Card,4,No,50
Male,46,No,Yes,No,0,Yes,5,None,Yes,6.45,No,Yes,19,Yes,Yes,Yes,No,No,No,No,Yes,One Year,Yes,Bank Withdrawal,3,No,25
Male,58,No,No,No,0,No,0,None,Yes,44.78,No,Yes,12,No,Yes,No,No,No,No,No,Yes,Month-to-Month,Yes,Bank Withdrawal,5,No,12
Female,29,No,Yes,No,0,Yes,4,None,Yes,11.4,No,Yes,58,Yes,Yes,Yes,Yes,No,No,No,Yes,One Year,Yes,Credit Card,4,No,23
Male,26,No,No,No,0,No,0,None,Yes,20.66,No,No,0,No,No,No,No,No,No,No,No,Month-to-Month,Yes,Bank Withdrawal,5,No,27
Male,45,No,Yes,Yes,2,Yes,9,None,Yes,43.84,No,No,0,No,No,No,No,No,No,No,No,Two Year,Yes,Credit Card,5,No,26
Male,58,No,No,Yes,1,No,0,None,Yes,21.18,No,No,0,No,No,No,No,No,No,No,No,Month-to-Month,No,Credit Card,3,No,2
Female,23,No,Yes,Yes,3,Yes,10,None,Yes,42.95,No,Yes,27,Yes,Yes,No,No,No,No,No,Yes,Month-to-Month,No,Bank Withdrawal,3,No,26
Female,40,No,Yes,Yes,2,Yes,7,Offer B,Yes,46.9,No,No,0,No,No,No,No,No,No,No,No,Two Year,No,Credit Card,5,No,63
Male,52,No,Yes,Yes,2,Yes,9,Offer A,Yes,23.34,No,No,0,No,No,No,No,No,No,No,No,Two Year,No,Credit Card,4,No,71
Male,19,No,Yes,Yes,2,Yes,7,None,Yes,16.71,Yes,Yes,59,Yes,No,No,No,Yes,No,No,Yes,Month-to-Month,Yes,Bank Withdrawal,3,No,11
Female,30,No,No,No,0,No,0,None,Yes,37.03,Yes,Yes,52,Yes,Yes,Yes,Yes,Yes,Yes,Yes,Yes,Two Year,No,Credit Card,3,No,13
Male,38,No,No,Yes,2,No,0,None,Yes,16.91,No,No,0,No,No,No,No,No,No,No,No,Month-to-Month,Yes,Credit Card,4,No,6
Male,19,No,Yes,No,0,Yes,5,None,Yes,1.28,Yes,Yes,30,No,Yes,No,No,No,No,No,Yes,Month-to-Month,No,Credit Card,5,No,18
Female,21,No,Yes,No,0,Yes,6,Offer C,Yes,19.3,No,Yes,47,Yes,No,No,No,No,No,No,Yes,Month-to-Month,Yes,Bank Withdrawal,3,No,32
Male,46,No,No,No,0,No,0,Offer C,No,0,No,Yes,8,Yes,No,No,Yes,No,No,No,Yes,One Year,No,Mailed Check,4,No,29
Female,62,No,No,No,0,No,0,None,Yes,20.1,Yes,Yes,29,No,No,No,No,Yes,No,No,No,Month-to-Month,Yes,Bank Withdrawal,4,No,3
Female,59,No,No,No,0,No,0,Offer B,No,0,No,Yes,21,No,Yes,No,No,No,Yes,Yes,Yes,Month-to-Month,Yes,Bank Withdrawal,5,No,41
Female,59,No,No,No,0,No,0,None,Yes,7.8,No,No,0,No,No,No,No,No,No,No,No,Month-to-Month,No,Bank Withdrawal,4,No,1
Male,57,No,No,No,0,No,0,None,Yes,5.61,No,Yes,24,No,No,No,No,Yes,No,No,Yes,Month-to-Month,No,Mailed Check,3,No,7
Female,36,No,Yes,No,0,No,0,Offer B,Yes,4.22,No,Yes,18,Yes,No,Yes,No,Yes,No,No,Yes,One Year,Yes,Mailed Check,4,No,52
Female,48,No,Yes,Yes,1,Yes,7,Offer B,Yes,20.11,Yes,No,0,No,No,No,No,No,No,No,No,Two Year,Yes,Bank Withdrawal,4,No,45
Male,55,No,Yes,No,0,Yes,4,Offer A,Yes,33.37,Yes,Yes,9,No,Yes,Yes,Yes,Yes,No,No,No,Two Year,No,Credit Card,4,No,70
Female,62,No,No,No,0,No,0,Offer B,Yes,10.32,No,No,0,No,No,No,No,No,No,No,No,Two Year,No,Mailed Check,5,No,53
Female,44,No,Yes,No,0,Yes,8,Offer B,Yes,15.54,Yes,Yes,19,Yes,Yes,No,No,No,Yes,Yes,Yes,Month-to-Month,Yes,Credit Card,3,No,60
Female,63,No,No,No,0,No,0,None,Yes,5.39,No,Yes,9,Yes,No,Yes,Yes,No,Yes,Yes,Yes,One Year,Yes,Bank Withdrawal,3,No,67
Male,41,No,No,No,0,No,0,Offer C,Yes,7.17,No,No,0,No,No,No,No,No,No,No,No,One Year,No,Credit Card,3,No,25
Female,56,No,No,No,0,No,0,None,Yes,49.4,Yes,Yes,22,Yes,No,No,No,No,No,No,No,Month-to-Month,Yes,Bank Withdrawal,4,No,5
Male,29,No,No,No,0,No,0,Offer C,Yes,24.67,Yes,Yes,59,No,No,No,No,No,No,No,Yes,One Year,Yes,Credit Card,3,No,26
Male,21,No,Yes,No,0,Yes,1,Offer E,Yes,23.41,No,No,0,No,No,No,No,No,No,No,No,One Year,No,Mailed Check,3,No,1
Male,60,No,Yes,Yes,3,Yes,1,None,Yes,32.47,Yes,Yes,76,Yes,Yes,Yes,Yes,Yes,Yes,Yes,Yes,Two Year,Yes,Bank Withdrawal,3,No,72
Female,33,No,No,No,0,No,0,Offer D,Yes,21.03,Yes,Yes,7,No,Yes,No,No,No,No,No,Yes,One Year,Yes,Mailed Check,5,No,14
Female,59,No,No,No,0,No,0,Offer D,Yes,33.69,Yes,Yes,15,Yes,No,No,No,No,No,No,No,Month-to-Month,Yes,Credit Card,3,No,13
Female,56,No,No,No,0,No,0,Offer B,Yes,46.83,Yes,Yes,2,Yes,No,Yes,No,Yes,Yes,Yes,Yes,Two Year,No,Mailed Check,4,No,46
Male,59,No,No,No,0,No,0,Offer C,Yes,3.93,No,Yes,15,No,No,No,Yes,No,No,No,Yes,Two Year,Yes,Bank Withdrawal,4,No,39
Male,56,No,No,No,0,No,0,Offer B,No,0,No,Yes,30,Yes,No,Yes,No,Yes,Yes,Yes,Yes,Month-to-Month,Yes,Bank Withdrawal,4,No,57
Female,29,No,Yes,No,0,Yes,1,Offer B,Yes,38.35,No,Yes,82,No,No,No,Yes,Yes,Yes,Yes,Yes,One Year,Yes,Bank Withdrawal,4,No,53
Male,32,No,Yes,Yes,1,Yes,1,Offer D,Yes,24.16,No,Yes,19,Yes,No,Yes,No,Yes,No,No,Yes,Month-to-Month,Yes,Mailed Check,4,No,18
Female,59,No,Yes,No,0,Yes,1,Offer B,Yes,26.36,Yes,Yes,8,Yes,No,No,Yes,No,No,No,No,One Year,Yes,Bank Withdrawal,4,No,58
Female,38,No,No,No,0,No,0,Offer C,Yes,36.42,No,Yes,2,No,No,Yes,Yes,Yes,Yes,Yes,Yes,One Year,Yes,Bank Withdrawal,3,No,35
Male,21,No,No,No,0,No,0,Offer E,Yes,29.84,No,Yes,30,No,No,Yes,No,No,Yes,Yes,Yes,Month-to-Month,No,Credit Card,5,No,3
Male,47,No,No,No,0,No,0,Offer C,Yes,4.34,Yes,Yes,26,Yes,Yes,No,No,Yes,Yes,Yes,Yes,One Year,Yes,Bank Withdrawal,4,No,38
Male,60,No,Yes,No,0,No,0,Offer C,Yes,5.06,Yes,Yes,20,Yes,Yes,Yes,Yes,No,No,No,Yes,Two Year,Yes,Credit Card,3,No,35
Female,33,No,No,No,0,No,0,Offer B,Yes,3.47,No,Yes,12,No,No,Yes,Yes,Yes,Yes,Yes,Yes,Two Year,No,Credit Card,3,No,47
Female,25,No,No,No,0,No,0,Offer D,Yes,39.22,No,Yes,48,No,Yes,No,No,No,No,No,No,Month-to-Month,No,Bank Withdrawal,5,No,14
Male,58,No,Yes,No,0,Yes,1,None,Yes,42.85,Yes,Yes,21,Yes,Yes,No,Yes,Yes,Yes,Yes,Yes,Two Year,No,Bank Withdrawal,4,No,66
Male,26,No,Yes,No,0,Yes,1,Offer D,Yes,39.84,No,No,0,No,No,No,No,No,No,No,No,Month-to-Month,Yes,Credit Card,5,No,15
Female,24,No,No,No,0,No,0,Offer B,Yes,18.31,No,No,0,No,No,No,No,No,No,No,No,Two Year,Yes,Bank Withdrawal,3,No,42
Female,53,No,Yes,No,0,Yes,1,Offer D,Yes,21.15,Yes,Yes,4,Yes,No,No,No,No,No,No,Yes,Month-to-Month,No,Bank Withdrawal,3,No,17
Male,26,No,No,No,0,No,0,Offer C,Yes,38.72,Yes,Yes,59,No,Yes,No,Yes,Yes,Yes,Yes,Yes,One Year,Yes,Credit Card,3,No,37
Female,20,No,No,No,0,No,0,Offer D,Yes,17.14,No,Yes,48,No,Yes,No,No,No,No,No,No,Month-to-Month,Yes,Bank Withdrawal,3,No,12
Female,63,No,No,No,0,No,0,Offer B,Yes,39.41,Yes,No,0,No,No,No,No,No,No,No,No,Two Year,No,Mailed Check,3,No,60
Male,26,No,Yes,Yes,2,Yes,9,Offer D,No,0,No,Yes,52,No,No,No,No,No,No,No,Yes,Month-to-Month,No,Credit Card,3,No,18
Female,56,No,No,No,0,No,0,None,Yes,5.63,No,Yes,15,No,No,No,No,No,No,No,Yes,Month-to-Month,Yes,Bank Withdrawal,3,No,3
Female,23,No,No,Yes,3,No,0,Offer E,Yes,16.77,No,Yes,73,No,No,No,Yes,Yes,Yes,Yes,Yes,Month-to-Month,Yes,Credit Card,3,No,9
Male,45,No,Yes,No,0,Yes,1,Offer B,Yes,40.33,Yes,Yes,9,Yes,Yes,Yes,No,No,No,No,Yes,One Year,Yes,Bank Withdrawal,3,No,56
Male,25,No,No,No,0,No,0,Offer E,Yes,8.95,No,Yes,52,No,No,No,No,No,No,No,Yes,Month-to-Month,Yes,Bank Withdrawal,3,No,7
Female,28,No,Yes,Yes,2,Yes,5,None,Yes,42.49,No,No,0,No,No,No,No,No,No,No,No,Two Year,No,Bank Withdrawal,5,No,69
Male,42,No,Yes,Yes,3,Yes,3,None,Yes,19.7,No,No,0,No,No,No,No,No,No,No,No,Two Year,No,Credit Card,4,No,54
Male,26,No,Yes,No,0,Yes,6,None,Yes,32.28,Yes,No,0,No,No,No,No,No,No,No,No,One Year,Yes,Credit Card,4,No,62
Female,25,No,Yes,Yes,3,Yes,9,None,Yes,36.54,Yes,Yes,41,No,No,No,No,Yes,Yes,Yes,Yes,Month-to-Month,Yes,Credit Card,5,No,62
Male,47,No,No,No,0,No,0,Offer D,Yes,47.45,Yes,Yes,5,Yes,No,No,No,No,Yes,Yes,Yes,Month-to-Month,No,Bank Withdrawal,4,No,17
Male,24,No,No,No,0,No,0,Offer E,No,0,No,Yes,52,No,No,No,No,No,No,No,Yes,Month-to-Month,Yes,Mailed Check,5,No,9
Male,30,No,Yes,No,0,Yes,4,None,Yes,25.74,No,Yes,51,Yes,No,Yes,Yes,Yes,No,No,Yes,Two Year,No,Mailed Check,4,No,64
Female,64,No,Yes,No,0,Yes,3,None,Yes,24.42,Yes,No,0,No,No,No,No,No,No,No,No,Two Year,No,Bank Withdrawal,5,No,72
Male,62,No,No,No,0,No,0,Offer C,Yes,7.19,Yes,Yes,18,Yes,Yes,Yes,No,No,No,No,Yes,One Year,No,Bank Withdrawal,4,No,30
Female,56,No,Yes,No,0,Yes,3,None,Yes,44.81,Yes,Yes,10,Yes,No,No,No,Yes,Yes,Yes,Yes,Month-to-Month,Yes,Mailed Check,3,No,49
Male,21,No,Yes,No,0,Yes,10,None,Yes,28.8,Yes,Yes,52,Yes,No,Yes,Yes,No,Yes,Yes,Yes,Two Year,No,Credit Card,4,No,61
Male,54,No,Yes,Yes,1,Yes,7,None,Yes,1.09,Yes,Yes,13,No,Yes,No,No,Yes,No,No,Yes,Month-to-Month,No,Bank Withdrawal,3,No,47
Male,64,No,No,No,0,No,0,Offer D,Yes,12.6,No,Yes,29,Yes,No,Yes,No,No,Yes,Yes,Yes,Month-to-Month,No,Credit Card,3,No,20
Female,43,No,Yes,Yes,2,Yes,8,None,Yes,30.33,Yes,No,0,No,No,No,No,No,No,No,No,Two Year,No,Bank Withdrawal,4,No,70
Male,58,No,No,Yes,1,No,0,None,Yes,20.93,No,Yes,11,Yes,Yes,No,Yes,Yes,Yes,Yes,No,One Year,Yes,Bank Withdrawal,4,No,54
Male,39,No,No,No,0,No,0,Offer D,Yes,22.31,No,No,0,No,No,No,No,No,No,No,No,One Year,No,Mailed Check,5,No,13
Female,25,No,Yes,Yes,2,Yes,9,Offer E,Yes,11.47,No,Yes,51,No,Yes,No,No,Yes,No,No,Yes,Month-to-Month,Yes,Credit Card,3,No,3
Male,43,No,No,No,0,No,0,Offer C,Yes,17.64,No,No,0,No,No,No,No,No,No,No,No,Month-to-Month,Yes,Mailed Check,5,No,25
Male,58,No,No,No,0,No,0,None,Yes,2.64,Yes,Yes,15,Yes,No,No,No,No,Yes,Yes,Yes,Month-to-Month,Yes,Mailed Check,3,No,30
Female,20,No,Yes,No,0,Yes,8,Offer D,No,0,No,Yes,59,Yes,No,No,No,No,No,No,Yes,Month-to-Month,No,Bank Withdrawal,4,No,21
Female,63,No,Yes,Yes,1,Yes,9,None,Yes,47.48,Yes,Yes,20,Yes,Yes,No,No,Yes,Yes,Yes,Yes,Month-to-Month,Yes,Bank Withdrawal,4,No,45
Female,60,No,Yes,Yes,3,Yes,6,None,Yes,41.45,Yes,Yes,53,No,Yes,Yes,No,No,No,No,Yes,One Year,No,Bank Withdrawal,5,No,24
Female,60,No,Yes,No,0,Yes,10,None,Yes,10.13,Yes,Yes,13,No,No,Yes,Yes,Yes,Yes,Yes,Yes,Two Year,No,Bank Withdrawal,5,No,56
Male,62,No,No,No,0,No,0,Offer E,Yes,46.59,No,No,0,No,No,No,No,No,No,No,No,Month-to-Month,No,Bank Withdrawal,3,No,1
Female,39,No,Yes,No,0,Yes,9,None,Yes,10.87,Yes,Yes,24,Yes,No,Yes,Yes,Yes,Yes,Yes,Yes,Two Year,Yes,Credit Card,4,No,72
Female,57,No,No,No,0,No,0,None,Yes,3.49,No,No,0,No,No,No,No,No,No,No,No,Two Year,No,Credit Card,3,No,47
Male,22,No,No,No,0,No,0,Offer E,Yes,18.62,No,Yes,51,No,Yes,No,No,No,No,No,Yes,Month-to-Month,Yes,Credit Card,5,No,2
Female,49,No,Yes,No,0,No,0,Offer E,Yes,26.58,No,Yes,23,Yes,No,No,Yes,No,No,No,Yes,Month-to-Month,Yes,Bank Withdrawal,3,No,2
Female,26,No,Yes,No,0,Yes,1,Offer D,Yes,46.88,No,Yes,73,No,Yes,No,No,No,No,No,Yes,Month-to-Month,Yes,Bank Withdrawal,3,No,12
Male,61,No,Yes,Yes,1,Yes,6,None,Yes,12.02,No,Yes,30,No,No,No,Yes,Yes,Yes,Yes,Yes,Two Year,Yes,Credit Card,4,No,69
Male,47,No,Yes,No,0,Yes,4,None,Yes,6.59,Yes,Yes,20,No,Yes,Yes,Yes,Yes,No,No,Yes,Two Year,Yes,Bank Withdrawal,4,No,64
Male,56,No,Yes,Yes,3,Yes,3,None,Yes,40.66,Yes,Yes,21,Yes,Yes,Yes,Yes,Yes,Yes,Yes,Yes,Two Year,No,Bank Withdrawal,3,No,62
Male,23,No,Yes,Yes,2,Yes,5,None,Yes,28.92,Yes,No,0,No,No,No,No,No,No,No,No,Two Year,No,Credit Card,4,No,63
Female,34,No,No,No,0,No,0,None,No,0,No,Yes,25,Yes,Yes,Yes,Yes,Yes,No,No,Yes,One Year,Yes,Bank Withdrawal,3,No,53
Male,20,No,Yes,Yes,1,Yes,10,None,Yes,8.04,No,No,0,No,No,No,No,No,No,No,No,Month-to-Month,No,Credit Card,3,No,5
Female,32,No,Yes,Yes,3,Yes,4,None,Yes,28.64,Yes,Yes,52,Yes,No,No,No,Yes,Yes,Yes,No,Two Year,Yes,Bank Withdrawal,3,No,62
Female,28,No,Yes,No,0,Yes,5,None,Yes,2.36,No,Yes,69,Yes,Yes,No,Yes,No,No,No,Yes,Two Year,No,Credit Card,4,No,55
Female,25,No,Yes,Yes,2,Yes,6,None,Yes,22.05,No,No,0,No,No,No,No,No,No,No,No,Two Year,Yes,Credit Card,4,No,72
Male,59,No,Yes,No,0,Yes,7,None,No,0,No,Yes,24,Yes,No,Yes,Yes,Yes,Yes,Yes,Yes,One Year,No,Credit Card,3,No,36
Male,47,No,Yes,No,0,Yes,3,None,Yes,25.08,No,No,0,No,No,No,No,No,No,No,No,One Year,Yes,Bank Withdrawal,4,No,25
Female,44,No,No,No,0,No,0,None,Yes,49.85,No,No,0,No,No,No,No,No,No,No,No,One Year,Yes,Bank Withdrawal,3,No,36
Male,55,No,No,No,0,No,0,None,Yes,42.19,No,Yes,29,No,No,No,No,Yes,Yes,Yes,Yes,Month-to-Month,Yes,Credit Card,5,No,1
Female,25,No,Yes,No,0,No,0,None,Yes,21.96,Yes,Yes,59,Yes,No,Yes,No,Yes,Yes,Yes,Yes,Two Year,Yes,Bank Withdrawal,3,No,72
Male,50,No,Yes,Yes,1,Yes,2,None,Yes,41.19,No,No,0,No,No,No,No,No,No,No,No,Two Year,No,Credit Card,3,No,59
Female,54,No,No,No,0,No,0,None,Yes,36.05,No,Yes,30,No,No,Yes,Yes,Yes,Yes,Yes,Yes,One Year,No,Credit Card,5,No,1
Female,62,No,Yes,Yes,2,Yes,9,None,Yes,24.56,Yes,Yes,18,No,Yes,Yes,Yes,Yes,Yes,Yes,Yes,Month-to-Month,Yes,Bank Withdrawal,4,No,30
Male,42,No,No,No,0,No,0,None,Yes,38.96,No,No,0,No,No,No,No,No,No,No,No,Two Year,No,Credit Card,3,No,64
Male,20,No,No,No,0,No,0,None,Yes,38.37,Yes,Yes,59,Yes,Yes,Yes,Yes,No,No,No,Yes,One Year,No,Bank Withdrawal,3,No,63
Female,60,No,No,No,0,No,0,None,Yes,6.05,Yes,Yes,22,No,Yes,Yes,Yes,Yes,Yes,Yes,Yes,Two Year,No,Bank Withdrawal,4,No,62
Male,19,No,Yes,Yes,1,Yes,6,None,Yes,40.96,Yes,Yes,47,No,Yes,Yes,Yes,Yes,Yes,Yes,Yes,Two Year,Yes,Bank Withdrawal,4,No,67
Female,37,No,Yes,No,0,Yes,5,None,Yes,43.81,Yes,Yes,17,Yes,No,No,Yes,Yes,Yes,Yes,Yes,Two Year,Yes,Bank Withdrawal,3,No,70
Female,50,No,No,No,0,No,0,None,Yes,19.3,Yes,Yes,25,No,No,No,No,No,No,No,No,Month-to-Month,No,Bank Withdrawal,3,No,5
Female,42,No,Yes,No,0,Yes,6,None,No,0,No,Yes,27,Yes,Yes,Yes,No,Yes,Yes,Yes,Yes,One Year,No,Bank Withdrawal,4,No,24
Male,55,No,Yes,No,0,Yes,7,None,Yes,4.32,Yes,Yes,18,No,Yes,Yes,Yes,Yes,Yes,Yes,Yes,Two Year,Yes,Credit Card,3,No,72
Female,26,No,Yes,No,0,Yes,9,None,Yes,24.27,No,Yes,59,Yes,Yes,No,Yes,No,No,No,Yes,Two Year,Yes,Credit Card,3,No,66
Female,41,No,Yes,No,0,Yes,10,None,Yes,26.01,No,Yes,29,Yes,No,Yes,Yes,Yes,Yes,Yes,Yes,Two Year,Yes,Credit Card,3,No,45
Female,47,No,Yes,Yes,3,Yes,5,None,Yes,38.39,No,No,0,No,No,No,No,No,No,No,No,Two Year,No,Bank Withdrawal,5,No,69
Female,57,No,No,No,0,No,0,None,Yes,38.97,No,Yes,3,No,No,Yes,No,Yes,No,No,Yes,Month-to-Month,Yes,Bank Withdrawal,3,No,28
Female,48,No,No,No,0,No,0,None,Yes,32,No,Yes,23,Yes,Yes,Yes,Yes,No,Yes,Yes,No,One Year,Yes,Credit Card,4,No,36
Male,32,No,Yes,No,0,Yes,6,None,No,0,No,Yes,26,No,Yes,Yes,No,No,Yes,Yes,Yes,One Year,Yes,Credit Card,4,No,42
Male,50,No,No,No,0,No,0,Offer B,Yes,44.76,Yes,Yes,18,Yes,No,No,Yes,No,Yes,Yes,Yes,One Year,Yes,Bank Withdrawal,3,No,48
Female,32,No,Yes,Yes,1,Yes,3,Offer D,Yes,2.52,No,No,0,No,No,No,No,No,No,No,No,Two Year,No,Credit Card,5,No,11
Male,47,No,No,No,0,No,0,None,Yes,13.86,No,No,0,No,No,No,No,No,No,No,No,Month-to-Month,Yes,Credit Card,3,No,7
Female,27,No,No,No,0,No,0,None,Yes,26.33,Yes,No,0,No,No,No,No,No,No,No,No,Month-to-Month,No,Credit Card,4,No,3
Male,47,No,No,No,0,No,0,None,Yes,41.13,No,Yes,27,Yes,No,Yes,No,No,Yes,Yes,Yes,Month-to-Month,Yes,Bank Withdrawal,3,No,8
Male,42,No,Yes,Yes,3,Yes,1,None,Yes,43.37,No,Yes,76,Yes,Yes,Yes,No,No,Yes,Yes,No,One Year,No,Credit Card,4,No,32
Male,35,No,Yes,No,0,Yes,4,Offer B,Yes,43.57,No,Yes,30,Yes,Yes,Yes,Yes,No,No,No,Yes,One Year,Yes,Bank Withdrawal,3,No,60
Female,21,No,Yes,No,0,Yes,9,Offer D,Yes,49.6,No,No,0,No,No,No,No,No,No,No,No,Month-to-Month,Yes,Bank Withdrawal,4,No,10
Female,33,No,Yes,No,0,Yes,5,None,Yes,43.37,Yes,No,0,No,No,No,No,No,No,No,No,Two Year,Yes,Bank Withdrawal,4,No,71
Female,61,No,Yes,No,0,Yes,2,Offer B,No,0,No,Yes,6,Yes,Yes,No,Yes,Yes,No,No,Yes,One Year,Yes,Bank Withdrawal,3,No,43
Female,47,No,Yes,No,0,Yes,6,Offer D,Yes,38.93,No,Yes,4,No,No,Yes,Yes,No,No,No,Yes,Month-to-Month,No,Bank Withdrawal,5,No,23
Female,28,No,Yes,No,0,Yes,8,None,Yes,12.87,No,No,0,No,No,No,No,No,No,No,No,Two Year,No,Bank Withdrawal,3,No,72
Male,56,No,Yes,No,0,Yes,8,Offer D,Yes,7.68,No,Yes,7,Yes,No,No,Yes,No,No,No,No,One Year,Yes,Credit Card,4,No,22
Female,19,No,No,No,0,No,0,None,No,0,No,Yes,52,No,No,No,No,No,No,No,Yes,Month-to-Month,Yes,Credit Card,5,No,1
Male,57,No,No,No,0,No,0,None,Yes,22.24,Yes,No,0,No,No,No,No,No,No,No,No,Two Year,No,Bank Withdrawal,3,No,69
Male,45,No,No,No,0,No,0,Offer B,No,0,No,Yes,7,Yes,No,No,Yes,No,No,No,Yes,One Year,Yes,Credit Card,3,No,50
Female,22,No,Yes,No,0,Yes,6,None,Yes,30.09,No,Yes,71,No,Yes,No,No,No,No,No,Yes,Month-to-Month,No,Bank Withdrawal,5,No,15
Male,56,No,No,No,0,No,0,None,Yes,25.58,No,No,0,No,No,No,No,No,No,No,No,Two Year,No,Bank Withdrawal,3,No,31
Female,64,No,Yes,No,0,Yes,2,None,No,0,No,Yes,8,Yes,Yes,Yes,Yes,Yes,No,No,Yes,Two Year,No,Credit Card,4,No,10
Female,55,No,No,No,0,No,0,None,Yes,23.46,No,No,0,No,No,No,No,No,No,No,No,Two Year,No,Credit Card,3,No,8
Male,20,No,Yes,No,0,Yes,5,Offer B,Yes,26.64,No,Yes,71,Yes,No,Yes,No,Yes,Yes,Yes,Yes,One Year,Yes,Credit Card,3,No,64
Female,27,No,Yes,No,0,Yes,3,None,Yes,42.33,No,No,0,No,No,No,No,No,No,No,No,Month-to-Month,No,Credit Card,4,No,28
Female,39,No,Yes,No,0,Yes,5,Offer B,Yes,3.72,Yes,Yes,11,No,No,Yes,No,Yes,Yes,Yes,Yes,One Year,Yes,Credit Card,3,No,57
Male,58,No,No,No,0,No,0,None,Yes,19.1,No,No,0,No,No,No,No,No,No,No,No,Two Year,Yes,Credit Card,4,No,19
Female,21,No,Yes,No,0,No,0,Offer B,No,0,No,Yes,42,No,Yes,No,No,Yes,Yes,Yes,Yes,Month-to-Month,Yes,Bank Withdrawal,3,No,51
Female,51,No,Yes,No,0,Yes,5,None,Yes,22.83,Yes,Yes,22,Yes,Yes,Yes,No,No,No,No,Yes,Two Year,No,Credit Card,3,No,67
Male,43,No,Yes,Yes,2,Yes,3,None,Yes,16.67,No,No,0,No,No,No,No,No,No,No,No,Month-to-Month,Yes,Bank Withdrawal,5,No,11
Male,38,No,Yes,No,0,Yes,8,None,No,0,No,Yes,15,Yes,No,Yes,Yes,Yes,Yes,Yes,Yes,Two Year,No,Bank Withdrawal,4,No,72
Male,59,No,Yes,No,0,Yes,9,Offer A,Yes,45.03,No,No,0,No,No,No,No,No,No,No,No,One Year,Yes,Bank Withdrawal,5,No,66
Female,43,No,No,No,0,No,0,None,Yes,46.94,No,No,0,No,No,No,No,No,No,No,No,Month-to-Month,Yes,Bank Withdrawal,4,No,9
Female,59,No,No,No,0,No,0,None,Yes,9.27,Yes,Yes,28,No,No,No,No,No,No,No,Yes,Month-to-Month,Yes,Credit Card,5,No,9
Male,28,No,Yes,No,0,Yes,9,Offer B,Yes,22.36,Yes,Yes,59,Yes,Yes,Yes,No,Yes,Yes,Yes,Yes,Month-to-Month,Yes,Bank Withdrawal,3,No,48
Male,23,No,No,No,0,No,0,None,Yes,4.29,No,Yes,85,No,No,No,No,No,No,No,Yes,Month-to-Month,No,Credit Card,3,No,10
Female,47,No,Yes,No,0,Yes,8,Offer A,Yes,43.29,Yes,Yes,16,Yes,Yes,Yes,Yes,Yes,Yes,Yes,No,Two Year,No,Bank Withdrawal,3,No,72
Female,63,No,Yes,No,0,Yes,10,Offer B,Yes,33.93,No,Yes,13,Yes,Yes,Yes,Yes,Yes,Yes,Yes,Yes,Two Year,No,Credit Card,3,No,51
Male,41,No,No,No,0,No,0,Offer B,Yes,30.66,No,Yes,18,Yes,No,Yes,Yes,No,No,No,Yes,One Year,No,Bank Withdrawal,3,No,54
Female,38,No,No,No,0,No,0,None,Yes,15.69,Yes,Yes,24,Yes,Yes,No,No,No,No,No,Yes,Month-to-Month,Yes,Credit Card,4,No,33
Female,62,No,No,No,0,No,0,None,Yes,35.77,No,No,0,No,No,No,No,No,No,No,No,Two Year,Yes,Bank Withdrawal,3,No,27
Male,53,No,No,No,0,No,0,None,Yes,48.21,No,Yes,23,No,Yes,No,No,Yes,Yes,Yes,Yes,Month-to-Month,No,Credit Card,3,No,23
Male,63,No,No,Yes,2,No,0,None,Yes,29.1,No,No,0,No,No,No,No,No,No,No,No,Month-to-Month,No,Credit Card,3,No,1
Male,63,No,Yes,No,0,Yes,3,Offer B,Yes,30.8,No,Yes,3,Yes,Yes,Yes,Yes,Yes,Yes,Yes,Yes,Two Year,Yes,Credit Card,3,No,45
Female,35,No,Yes,Yes,1,Yes,3,None,Yes,32.57,No,No,0,No,No,No,No,No,No,No,No,Two Year,Yes,Bank Withdrawal,5,No,39
Male,40,No,Yes,No,0,Yes,10,Offer A,Yes,48.44,Yes,Yes,15,Yes,Yes,Yes,Yes,Yes,No,No,Yes,Two Year,No,Bank Withdrawal,3,No,72
Female,44,No,Yes,Yes,1,Yes,2,Offer B,Yes,44.1,Yes,Yes,19,No,Yes,No,No,Yes,No,No,Yes,Month-to-Month,Yes,Bank Withdrawal,5,No,58
Female,62,No,No,No,0,No,0,Offer A,No,0,No,Yes,11,Yes,Yes,Yes,Yes,No,No,No,Yes,Two Year,Yes,Bank Withdrawal,3,No,70
Male,41,No,Yes,Yes,1,Yes,4,Offer B,Yes,41.57,No,Yes,21,No,Yes,No,Yes,Yes,Yes,Yes,Yes,One Year,Yes,Bank Withdrawal,3,No,61
Male,37,No,No,No,0,No,0,Offer E,Yes,2.72,No,Yes,14,No,No,No,No,No,No,No,No,Month-to-Month,No,Credit Card,4,No,2
Female,39,No,Yes,No,0,No,0,Offer B,Yes,4.6,Yes,No,0,No,No,No,No,No,No,No,No,One Year,No,Credit Card,3,No,46
Female,43,No,No,No,0,No,0,Offer B,Yes,19.04,No,Yes,21,Yes,No,Yes,Yes,Yes,Yes,Yes,Yes,Two Year,Yes,Credit Card,3,No,48
Male,35,No,No,No,0,No,0,Offer B,Yes,14.39,Yes,Yes,7,No,Yes,Yes,Yes,Yes,Yes,Yes,Yes,Two Year,No,Credit Card,4,No,64
Male,53,No,Yes,Yes,3,Yes,3,Offer A,Yes,20.42,Yes,No,0,No,No,No,No,No,No,No,No,Two Year,No,Bank Withdrawal,4,No,72
Female,51,No,Yes,Yes,3,Yes,2,None,Yes,7.97,No,Yes,52,No,No,Yes,No,Yes,No,No,Yes,Month-to-Month,Yes,Credit Card,4,No,12
Female,29,No,Yes,No,0,Yes,6,Offer A,Yes,12.32,No,Yes,59,Yes,Yes,Yes,No,No,Yes,Yes,Yes,Two Year,No,Credit Card,3,No,72
Male,62,No,Yes,No,0,Yes,4,None,Yes,39.5,Yes,Yes,16,No,Yes,Yes,No,No,No,No,No,Month-to-Month,Yes,Bank Withdrawal,3,No,29
Male,21,No,Yes,No,0,Yes,3,None,Yes,49.37,No,No,0,No,No,No,No,No,No,No,No,One Year,No,Credit Card,5,No,33
Female,47,No,No,No,0,No,0,None,Yes,44.09,No,No,0,No,No,No,No,No,No,No,No,Month-to-Month,No,Credit Card,3,No,1
Female,42,No,Yes,Yes,3,Yes,5,Offer B,Yes,13.25,Yes,Yes,57,No,Yes,Yes,Yes,Yes,Yes,Yes,Yes,One Year,Yes,Bank Withdrawal,4,No,62
Female,24,No,No,No,0,No,0,Offer E,Yes,19.84,No,Yes,73,No,No,Yes,No,No,Yes,Yes,Yes,Month-to-Month,Yes,Credit Card,3,No,4
Female,44,No,No,No,0,No,0,None,Yes,25.81,Yes,Yes,3,Yes,No,No,Yes,No,No,No,Yes,Month-to-Month,Yes,Bank Withdrawal,3,No,24
Female,56,No,Yes,No,0,Yes,9,None,Yes,19.03,No,No,0,No,No,No,No,No,No,No,No,One Year,No,Mailed Check,3,No,14
Male,38,No,No,Yes,3,No,0,Offer E,Yes,5.15,No,No,0,No,No,No,No,No,No,No,No,Month-to-Month,No,Mailed Check,5,No,3
Male,40,No,No,No,0,No,0,Offer E,Yes,25.72,No,Yes,24,No,No,No,No,Yes,Yes,Yes,Yes,Month-to-Month,Yes,Bank Withdrawal,5,No,8
Female,38,No,No,No,0,No,0,None,Yes,6.52,Yes,No,0,No,No,No,No,No,No,No,No,Two Year,No,Bank Withdrawal,3,No,35
Male,64,No,No,Yes,3,No,0,Offer A,Yes,23.81,Yes,No,0,No,No,No,No,No,No,No,No,Two Year,Yes,Credit Card,4,No,66
Male,46,No,No,No,0,No,0,None,No,0,No,Yes,4,Yes,No,No,Yes,No,Yes,Yes,Yes,Two Year,Yes,Mailed Check,3,No,8
Female,19,No,Yes,No,0,Yes,8,Offer A,Yes,4.39,Yes,Yes,82,Yes,No,Yes,No,Yes,Yes,Yes,Yes,One Year,Yes,Credit Card,4,No,71
Female,59,No,Yes,Yes,3,Yes,3,Offer B,Yes,27.49,Yes,Yes,53,No,No,Yes,No,No,Yes,Yes,Yes,Month-to-Month,Yes,Bank Withdrawal,3,No,43
Male,35,No,Yes,Yes,2,Yes,6,Offer B,Yes,19.53,Yes,Yes,19,Yes,Yes,Yes,Yes,No,No,No,Yes,Two Year,No,Credit Card,4,No,65
Male,27,No,No,No,0,No,0,None,Yes,45.62,Yes,Yes,59,No,No,Yes,Yes,Yes,No,No,Yes,Month-to-Month,No,Bank Withdrawal,3,No,35
Male,51,No,No,No,0,No,0,Offer B,Yes,9.95,No,Yes,2,Yes,Yes,No,No,Yes,Yes,Yes,Yes,One Year,Yes,Credit Card,5,No,64
Female,58,No,Yes,No,0,Yes,1,Offer B,No,0,No,Yes,11,No,No,Yes,Yes,Yes,Yes,Yes,Yes,Two Year,Yes,Credit Card,3,No,58
Male,38,No,Yes,Yes,3,Yes,4,Offer A,Yes,6.15,Yes,Yes,53,No,Yes,No,No,No,Yes,Yes,Yes,Month-to-Month,Yes,Bank Withdrawal,4,No,67
Male,59,No,Yes,Yes,3,Yes,2,None,Yes,30.1,No,No,0,No,No,No,No,No,No,No,No,Two Year,Yes,Mailed Check,5,No,63
Female,22,No,Yes,No,0,Yes,9,None,Yes,34.48,Yes,Yes,51,No,Yes,No,No,Yes,Yes,Yes,Yes,Month-to-Month,Yes,Bank Withdrawal,4,No,60
Female,56,No,Yes,Yes,2,Yes,4,Offer A,Yes,33.25,Yes,Yes,15,Yes,Yes,Yes,Yes,Yes,Yes,Yes,Yes,Two Year,Yes,Credit Card,5,No,70
Female,32,No,No,No,0,No,0,None,Yes,9.19,No,No,0,No,No,No,No,No,No,No,No,One Year,No,Mailed Check,3,No,48
Male,63,No,Yes,No,0,Yes,7,None,Yes,49.39,No,Yes,5,No,No,Yes,Yes,Yes,Yes,Yes,Yes,Month-to-Month,Yes,Bank Withdrawal,4,No,12
Male,43,No,Yes,Yes,3,Yes,10,None,Yes,47.31,Yes,No,0,No,No,No,No,No,No,No,No,Two Year,No,Mailed Check,5,No,45
Female,21,No,No,No,0,No,0,None,Yes,43.77,Yes,No,0,No,No,No,No,No,No,No,No,One Year,No,Credit Card,3,No,23
Female,64,No,Yes,No,0,Yes,6,None,Yes,12.98,Yes,Yes,8,No,No,No,Yes,Yes,No,No,Yes,One Year,Yes,Bank Withdrawal,3,No,43
Male,49,No,No,No,0,No,0,None,Yes,17.92,No,No,0,No,No,No,No,No,No,No,No,Month-to-Month,No,Bank Withdrawal,3,No,35
Male,47,No,Yes,No,0,Yes,2,Offer E,Yes,34.64,No,Yes,7,Yes,Yes,No,Yes,Yes,No,No,Yes,Month-to-Month,Yes,Mailed Check,3,No,9
Male,61,No,No,No,0,No,0,None,Yes,2.69,Yes,Yes,15,No,No,No,No,No,No,No,Yes,Month-to-Month,No,Mailed Check,3,No,27
Female,61,No,No,No,0,No,0,None,Yes,23.28,No,Yes,6,No,No,Yes,No,No,No,No,Yes,One Year,Yes,Credit Card,5,No,40
Male,26,No,Yes,No,0,Yes,5,Offer E,Yes,48.39,No,No,0,No,No,No,No,No,No,No,No,One Year,No,Credit Card,5,No,8
Female,31,No,Yes,Yes,2,Yes,7,None,Yes,7.99,No,Yes,19,Yes,No,Yes,No,Yes,Yes,Yes,Yes,One Year,No,Bank Withdrawal,3,No,52
Male,34,No,Yes,No,0,Yes,2,Offer E,Yes,4.19,No,Yes,6,No,No,Yes,Yes,No,No,No,Yes,Month-to-Month,Yes,Mailed Check,4,No,3
Male,29,No,No,Yes,3,No,0,None,Yes,30.58,No,Yes,59,Yes,Yes,Yes,Yes,Yes,Yes,Yes,Yes,Two Year,Yes,Bank Withdrawal,5,No,41
Male,26,No,No,No,0,No,0,None,Yes,23.22,Yes,Yes,59,No,No,No,Yes,Yes,Yes,Yes,Yes,Month-to-Month,Yes,Mailed Check,3,No,20
Male,24,No,No,Yes,3,No,0,Offer E,Yes,43.05,Yes,Yes,69,No,No,No,No,No,No,No,Yes,Month-to-Month,Yes,Bank Withdrawal,4,No,1
Male,45,No,No,No,0,No,0,None,Yes,35.32,No,No,0,No,No,No,No,No,No,No,No,Month-to-Month,No,Bank Withdrawal,5,No,23
Male,51,No,Yes,Yes,3,No,0,Offer E,Yes,34.87,No,No,0,No,No,No,No,No,No,No,No,Month-to-Month,Yes,Mailed Check,3,No,8
Male,56,No,No,No,0,No,0,None,Yes,12.21,Yes,Yes,8,Yes,No,Yes,No,Yes,No,No,Yes,Month-to-Month,No,Mailed Check,3,No,18
Male,56,No,No,No,0,No,0,None,Yes,45.92,No,Yes,18,No,Yes,No,No,Yes,Yes,Yes,Yes,Month-to-Month,Yes,Bank Withdrawal,3,No,31
Male,20,No,Yes,Yes,1,Yes,5,None,Yes,24.64,No,No,0,No,No,No,No,No,No,No,No,Month-to-Month,Yes,Mailed Check,3,No,29
Female,54,No,Yes,No,0,Yes,4,None,Yes,19.24,Yes,Yes,18,Yes,Yes,Yes,Yes,No,Yes,Yes,No,Two Year,Yes,Credit Card,3,No,36
Male,53,No,Yes,No,0,Yes,1,None,Yes,42.45,Yes,Yes,11,No,No,Yes,Yes,Yes,Yes,Yes,Yes,One Year,Yes,Bank Withdrawal,3,No,42
Female,38,No,No,No,0,No,0,None,Yes,16.81,No,Yes,21,No,Yes,Yes,No,Yes,Yes,Yes,Yes,Two Year,Yes,Bank Withdrawal,4,No,60
Male,42,No,Yes,No,0,Yes,6,None,Yes,35.62,Yes,Yes,29,Yes,No,No,Yes,Yes,No,No,Yes,Month-to-Month,No,Credit Card,3,No,22
Male,47,No,Yes,No,0,Yes,7,None,Yes,21.77,No,No,0,No,No,No,No,No,No,No,No,One Year,No,Mailed Check,3,No,36
Male,40,No,No,No,0,No,0,Offer E,Yes,27.53,No,Yes,11,Yes,No,No,Yes,No,Yes,Yes,Yes,Month-to-Month,No,Credit Card,3,No,9
Male,28,No,Yes,Yes,1,Yes,5,None,Yes,42.99,No,Yes,59,No,Yes,No,No,No,No,No,Yes,Month-to-Month,No,Credit Card,5,No,1
Male,39,No,Yes,Yes,3,Yes,8,Offer D,Yes,9.58,No,Yes,57,Yes,No,No,No,No,No,No,No,Month-to-Month,Yes,Bank Withdrawal,3,No,12
Female,37,No,No,No,0,No,0,Offer D,Yes,35.03,Yes,Yes,3,No,No,No,Yes,Yes,Yes,Yes,Yes,One Year,Yes,Credit Card,3,No,23
Male,35,No,No,No,0,No,0,None,Yes,24.35,Yes,Yes,16,Yes,Yes,No,No,No,Yes,Yes,Yes,One Year,Yes,Bank Withdrawal,4,No,62
Female,42,No,No,No,0,No,0,None,Yes,14.32,No,No,0,No,No,No,No,No,No,No,No,Month-to-Month,No,Credit Card,3,No,8
Male,46,No,Yes,No,0,Yes,9,None,Yes,29.77,Yes,Yes,12,No,No,Yes,No,Yes,No,No,Yes,Month-to-Month,No,Credit Card,4,No,31
Male,54,No,Yes,Yes,2,Yes,1,None,Yes,22.31,Yes,Yes,19,No,Yes,Yes,No,No,Yes,Yes,Yes,Month-to-Month,Yes,Bank Withdrawal,5,No,45
Male,35,No,No,No,0,No,0,None,Yes,15.83,No,No,0,No,No,No,No,No,No,No,No,Month-to-Month,No,Credit Card,4,No,2
Female,58,No,No,No,0,No,0,None,No,0,No,Yes,3,No,No,Yes,No,Yes,Yes,Yes,Yes,One Year,Yes,Bank Withdrawal,5,No,44
Male,41,No,No,No,0,No,0,None,No,0,No,Yes,14,No,No,Yes,Yes,No,No,No,Yes,One Year,No,Credit Card,3,No,39
Male,53,No,Yes,No,0,Yes,7,Offer A,No,0,No,Yes,15,Yes,Yes,Yes,Yes,Yes,Yes,Yes,Yes,Two Year,Yes,Credit Card,4,No,72
Female,50,No,Yes,No,0,Yes,2,None,Yes,17.95,No,Yes,14,Yes,Yes,No,Yes,No,Yes,Yes,Yes,One Year,Yes,Credit Card,3,No,51
Female,49,No,No,No,0,No,0,None,Yes,32.43,Yes,Yes,2,No,Yes,Yes,No,Yes,Yes,Yes,No,One Year,Yes,Bank Withdrawal,3,No,56
Male,32,No,No,No,0,No,0,None,Yes,39.3,No,Yes,26,Yes,No,No,No,No,No,No,Yes,Month-to-Month,No,Credit Card,4,No,1
Female,30,No,Yes,No,0,Yes,5,Offer D,Yes,12.88,No,Yes,41,Yes,Yes,No,Yes,No,No,No,Yes,One Year,Yes,Credit Card,3,No,23
Female,21,No,No,No,0,No,0,None,Yes,5.1,No,No,0,No,No,No,No,No,No,No,No,Month-to-Month,No,Credit Card,3,No,1
Male,20,No,No,No,0,No,0,Offer D,Yes,8.48,No,Yes,52,Yes,No,Yes,No,No,No,No,Yes,Month-to-Month,Yes,Bank Withdrawal,4,No,11
Female,41,No,Yes,Yes,1,Yes,6,None,Yes,31.09,Yes,Yes,28,Yes,Yes,Yes,No,No,Yes,Yes,Yes,Month-to-Month,No,Bank Withdrawal,4,No,52
Male,19,No,No,No,0,No,0,None,Yes,1.57,No,No,0,No,No,No,No,No,No,No,No,Month-to-Month,Yes,Bank Withdrawal,5,No,3
Female,29,No,Yes,Yes,2,Yes,6,None,Yes,2.53,No,Yes,71,Yes,Yes,No,No,No,No,No,Yes,Month-to-Month,Yes,Bank Withdrawal,3,No,51
Female,64,No,No,No,0,No,0,Offer C,No,0,No,Yes,6,No,No,Yes,No,No,Yes,Yes,Yes,Month-to-Month,Yes,Credit Card,5,No,37
Male,59,No,No,No,0,No,0,Offer D,Yes,18.73,No,No,0,No,No,No,No,No,No,No,No,Two Year,No,Credit Card,4,No,13
Male,29,No,Yes,No,0,Yes,3,None,Yes,42.19,Yes,Yes,52,Yes,No,No,No,No,No,No,Yes,One Year,Yes,Bank Withdrawal,3,No,49
Female,19,No,No,No,0,No,0,Offer D,Yes,2.76,No,Yes,26,No,No,No,No,No,No,No,No,Month-to-Month,Yes,Bank Withdrawal,5,No,18
Male,42,No,Yes,No,0,Yes,7,Offer A,No,0,No,Yes,16,Yes,No,Yes,No,Yes,Yes,Yes,Yes,Two Year,Yes,Bank Withdrawal,3,No,68
Male,27,No,No,No,0,No,0,None,Yes,25.72,No,No,0,No,No,No,No,No,No,No,No,Two Year,No,Credit Card,5,No,54
Male,22,No,Yes,No,0,Yes,2,Offer A,Yes,18.04,Yes,Yes,41,Yes,Yes,Yes,Yes,No,Yes,Yes,Yes,Two Year,No,Credit Card,3,No,71
Female,56,No,Yes,Yes,1,Yes,2,Offer A,Yes,48.75,No,No,0,No,No,No,No,No,No,No,No,Two Year,Yes,Bank Withdrawal,4,No,67
Female,46,No,Yes,Yes,3,Yes,1,Offer D,Yes,26.58,Yes,Yes,53,No,No,No,No,Yes,No,No,Yes,Month-to-Month,Yes,Bank Withdrawal,3,No,14
Female,48,No,No,Yes,1,No,0,None,Yes,24.32,No,No,0,No,No,No,No,No,No,No,No,Two Year,No,Credit Card,5,No,63
Female,36,No,No,No,0,No,0,None,Yes,36.93,Yes,Yes,30,No,No,Yes,Yes,No,Yes,Yes,Yes,One Year,Yes,Bank Withdrawal,4,No,41
Female,46,No,Yes,No,0,Yes,10,Offer D,Yes,9.22,Yes,Yes,13,No,No,No,No,Yes,Yes,Yes,Yes,Month-to-Month,No,Bank Withdrawal,4,No,17
Male,28,No,Yes,No,0,Yes,7,None,Yes,46.9,Yes,Yes,48,Yes,No,No,No,Yes,Yes,Yes,Yes,One Year,Yes,Bank Withdrawal,3,No,56
Female,49,No,No,No,0,No,0,None,Yes,24.53,No,No,0,No,No,No,No,No,No,No,No,Month-to-Month,No,Credit Card,3,No,5
Female,28,No,Yes,No,0,Yes,5,None,Yes,41.9,No,No,0,No,No,No,No,No,No,No,No,Month-to-Month,Yes,Credit Card,3,No,3
Male,42,No,No,No,0,No,0,Offer C,Yes,13.04,Yes,Yes,14,Yes,Yes,Yes,Yes,No,No,No,Yes,One Year,No,Bank Withdrawal,3,No,37
Male,44,No,No,No,0,No,0,None,Yes,7.02,No,Yes,23,No,No,No,No,No,No,No,No,Month-to-Month,No,Credit Card,5,No,8
Female,40,No,No,No,0,No,0,Offer B,Yes,19.01,Yes,Yes,20,No,Yes,Yes,Yes,Yes,Yes,Yes,Yes,Month-to-Month,Yes,Credit Card,5,No,63
Female,61,No,Yes,Yes,1,Yes,7,None,Yes,5.01,No,No,0,No,No,No,No,No,No,No,No,Month-to-Month,No,Credit Card,3,No,7
Female,52,No,No,No,0,No,0,None,Yes,17.01,No,Yes,28,No,Yes,No,No,Yes,Yes,Yes,Yes,Month-to-Month,No,Bank Withdrawal,3,No,3
Male,19,No,Yes,Yes,1,Yes,3,Offer A,Yes,5.7,No,No,0,No,No,No,No,No,No,No,No,Two Year,No,Bank Withdrawal,5,No,72
Female,57,No,No,No,0,No,0,Offer D,Yes,40.22,No,Yes,22,No,No,No,No,No,Yes,Yes,Yes,Month-to-Month,Yes,Bank Withdrawal,5,No,19
Female,60,No,Yes,No,0,Yes,9,Offer B,Yes,26.99,No,No,0,No,No,No,No,No,No,No,No,Two Year,No,Bank Withdrawal,4,No,59
Female,62,No,Yes,Yes,1,Yes,5,Offer C,Yes,24.76,Yes,No,0,No,No,No,No,No,No,No,No,Month-to-Month,Yes,Bank Withdrawal,5,No,35
Male,64,No,No,No,0,No,0,Offer D,Yes,8.54,No,No,0,No,No,No,No,No,No,No,No,Month-to-Month,No,Credit Card,4,No,14
Female,29,No,Yes,Yes,2,Yes,7,Offer A,Yes,8.39,No,No,0,No,No,No,No,No,No,No,No,Two Year,No,Credit Card,5,No,69
Male,64,No,Yes,No,0,Yes,4,Offer A,Yes,44.33,No,Yes,18,Yes,Yes,Yes,Yes,Yes,No,No,Yes,Two Year,Yes,Bank Withdrawal,4,No,69
Female,56,No,Yes,No,0,Yes,10,Offer A,Yes,26.04,Yes,Yes,6,No,Yes,No,Yes,Yes,Yes,Yes,Yes,Two Year,Yes,Bank Withdrawal,5,No,72
Female,61,No,Yes,Yes,1,Yes,8,None,Yes,44.64,No,Yes,21,Yes,No,No,No,No,No,No,Yes,Month-to-Month,No,Bank Withdrawal,3,No,4
Male,30,No,Yes,Yes,2,Yes,9,Offer B,Yes,18.88,No,Yes,48,No,Yes,Yes,No,No,No,No,No,Month-to-Month,Yes,Credit Card,4,No,63
Male,52,No,No,No,0,No,0,Offer A,Yes,3.43,No,No,0,No,No,No,No,No,No,No,No,Two Year,No,Bank Withdrawal,5,No,72
Female,42,No,No,No,0,No,0,Offer B,Yes,32.78,No,No,0,No,No,No,No,No,No,No,No,Two Year,Yes,Bank Withdrawal,5,No,46
Male,53,No,Yes,No,0,Yes,10,Offer C,Yes,23.16,No,Yes,6,No,No,Yes,No,No,No,No,Yes,Month-to-Month,Yes,Credit Card,4,No,30
Male,52,No,No,No,0,No,0,Offer B,Yes,48.75,Yes,Yes,21,No,Yes,Yes,No,Yes,Yes,Yes,Yes,Two Year,Yes,Bank Withdrawal,5,No,63
Female,53,No,No,No,0,No,0,Offer B,Yes,31.12,No,No,0,No,No,No,No,No,No,No,No,Two Year,No,Bank Withdrawal,4,No,60
Male,26,No,Yes,Yes,3,No,0,Offer C,Yes,11.79,No,Yes,59,No,No,No,Yes,Yes,No,No,Yes,Month-to-Month,No,Bank Withdrawal,3,No,25
Male,61,No,No,No,0,No,0,Offer D,Yes,4.79,Yes,No,0,No,No,No,No,No,No,No,No,Two Year,No,Credit Card,4,No,22
Female,58,No,Yes,No,0,Yes,9,Offer C,Yes,28.52,Yes,Yes,2,No,Yes,No,Yes,Yes,Yes,Yes,Yes,Two Year,No,Bank Withdrawal,4,No,31
Female,64,No,Yes,Yes,5,Yes,7,Offer C,Yes,40.68,No,Yes,76,No,No,Yes,Yes,No,No,No,Yes,Month-to-Month,Yes,Bank Withdrawal,5,No,39
Male,31,No,No,No,0,No,0,Offer C,Yes,31.73,No,No,0,No,No,No,No,No,No,No,No,Month-to-Month,No,Credit Card,3,No,26
Male,54,No,No,No,0,No,0,Offer D,Yes,45.8,Yes,Yes,4,Yes,Yes,No,Yes,No,No,No,Yes,Month-to-Month,Yes,Bank Withdrawal,3,No,12
Female,52,No,No,No,0,No,0,None,Yes,25.92,No,No,0,No,No,No,No,No,No,No,No,Month-to-Month,No,Credit Card,3,No,2
Male,40,No,No,No,0,No,0,Offer C,No,0,No,Yes,13,Yes,No,No,Yes,Yes,No,No,Yes,One Year,No,Bank Withdrawal,3,No,39
Female,37,No,Yes,Yes,1,Yes,8,None,No,0,No,Yes,17,Yes,No,No,Yes,No,No,No,Yes,Month-to-Month,No,Credit Card,3,No,7
Female,39,No,No,No,0,No,0,Offer B,Yes,22.34,No,Yes,4,No,Yes,Yes,No,No,No,No,Yes,Month-to-Month,Yes,Bank Withdrawal,3,No,55
Male,43,No,Yes,No,0,Yes,7,None,Yes,42.16,No,Yes,18,No,Yes,Yes,No,Yes,Yes,Yes,Yes,Two Year,Yes,Bank Withdrawal,3,No,72
Female,62,No,Yes,No,0,Yes,6,Offer D,Yes,37.08,No,Yes,7,No,No,Yes,No,Yes,Yes,Yes,Yes,Month-to-Month,Yes,Credit Card,5,No,10
Female,24,No,Yes,Yes,3,Yes,7,Offer D,Yes,24.27,No,Yes,27,No,No,No,No,No,No,No,Yes,Month-to-Month,No,Bank Withdrawal,5,No,15
Female,48,No,Yes,Yes,1,Yes,1,Offer D,Yes,39.59,No,No,0,No,No,No,No,No,No,No,No,Two Year,No,Bank Withdrawal,4,No,23
Male,46,No,No,Yes,3,No,0,None,Yes,7.66,No,No,0,No,No,No,No,No,No,No,No,Month-to-Month,No,Credit Card,3,No,1
Male,23,No,Yes,Yes,2,Yes,1,Offer B,Yes,15.59,No,Yes,52,Yes,Yes,Yes,No,No,Yes,Yes,Yes,One Year,Yes,Bank Withdrawal,3,No,47
Female,36,No,No,No,0,No,0,None,Yes,23.56,No,No,0,No,No,No,No,No,No,No,No,One Year,No,Credit Card,5,No,15
Male,39,No,No,No,0,No,0,None,No,0,No,Yes,9,No,Yes,No,Yes,No,No,No,Yes,Month-to-Month,Yes,Credit Card,4,No,21
Female,62,No,Yes,No,0,Yes,1,Offer B,Yes,39.72,Yes,Yes,11,Yes,No,No,No,Yes,No,No,Yes,One Year,No,Bank Withdrawal,3,No,56
Female,28,No,Yes,Yes,1,Yes,1,Offer E,Yes,24.83,Yes,Yes,82,No,No,No,No,No,No,No,Yes,Month-to-Month,Yes,Credit Card,3,No,6
Male,30,No,Yes,No,0,Yes,1,Offer B,Yes,17.31,Yes,Yes,82,Yes,No,No,Yes,Yes,Yes,Yes,Yes,One Year,No,Credit Card,3,No,42
Female,55,No,Yes,Yes,3,Yes,1,None,Yes,18.42,Yes,Yes,53,Yes,No,Yes,Yes,Yes,Yes,Yes,Yes,Two Year,Yes,Bank Withdrawal,4,No,68
Male,59,No,Yes,Yes,3,Yes,1,Offer B,Yes,20.73,Yes,No,0,No,No,No,No,No,No,No,No,Two Year,No,Bank Withdrawal,3,No,48
Female,31,No,Yes,Yes,3,No,0,Offer B,Yes,41.84,No,No,0,No,No,No,No,No,No,No,No,Two Year,No,Bank Withdrawal,4,No,63
Male,24,No,No,No,0,No,0,None,Yes,34.02,No,No,0,No,No,No,No,No,No,No,No,Month-to-Month,No,Credit Card,3,No,17
Male,41,No,Yes,Yes,1,Yes,1,Offer E,Yes,39.04,No,No,0,No,No,No,No,No,No,No,No,Month-to-Month,No,Credit Card,4,No,4
Female,51,No,No,Yes,3,No,0,Offer B,Yes,2.83,Yes,No,0,No,No,No,No,No,No,No,No,Two Year,No,Bank Withdrawal,3,No,62
Female,45,No,Yes,No,0,Yes,1,Offer E,Yes,7.7,No,Yes,22,No,No,No,No,No,No,No,No,Month-to-Month,Yes,Bank Withdrawal,3,No,2
Male,33,No,Yes,No,0,Yes,1,Offer B,Yes,6.1,Yes,Yes,18,Yes,Yes,Yes,No,Yes,No,No,Yes,Two Year,Yes,Bank Withdrawal,4,No,48
Male,53,No,Yes,No,0,Yes,1,Offer C,Yes,44.19,No,No,0,No,No,No,No,No,No,No,No,Two Year,No,Bank Withdrawal,4,No,27
Female,28,No,Yes,No,0,Yes,4,None,Yes,39.78,No,Yes,52,No,Yes,Yes,Yes,Yes,Yes,Yes,Yes,Two Year,Yes,Bank Withdrawal,5,No,70
Male,44,No,Yes,No,0,Yes,1,Offer B,Yes,10.13,Yes,Yes,3,No,Yes,Yes,No,Yes,No,No,Yes,One Year,Yes,Bank Withdrawal,4,No,46
Male,35,No,Yes,Yes,2,Yes,9,None,Yes,42.45,Yes,Yes,27,No,Yes,Yes,No,Yes,No,No,Yes,One Year,No,Credit Card,4,No,69
Male,34,No,No,No,0,No,0,Offer B,Yes,44.7,No,No,0,No,No,No,No,No,No,No,No,Two Year,Yes,Credit Card,5,No,65
Male,46,No,No,No,0,No,0,None,Yes,31.6,No,No,0,No,No,No,No,No,No,No,No,One Year,Yes,Credit Card,4,No,17
Male,23,No,Yes,No,0,Yes,2,Offer B,Yes,39.32,Yes,Yes,76,Yes,No,Yes,Yes,Yes,Yes,Yes,Yes,One Year,Yes,Bank Withdrawal,4,No,51
Male,40,No,Yes,No,0,Yes,5,Offer B,Yes,9.53,No,Yes,10,Yes,Yes,No,Yes,No,No,No,Yes,Two Year,No,Credit Card,3,No,51
Female,52,No,Yes,No,0,Yes,6,None,Yes,42.64,Yes,Yes,15,Yes,Yes,Yes,Yes,Yes,Yes,Yes,Yes,Two Year,Yes,Bank Withdrawal,3,No,72
Male,31,No,No,No,0,No,0,Offer C,Yes,36.52,No,No,0,No,No,No,No,No,No,No,No,Month-to-Month,No,Credit Card,3,No,34
Male,39,No,Yes,No,0,Yes,10,None,No,0,No,Yes,6,Yes,Yes,No,Yes,No,Yes,Yes,Yes,Two Year,Yes,Bank Withdrawal,3,No,67
Female,56,No,Yes,No,0,Yes,3,None,Yes,22.1,No,No,0,No,No,No,No,No,No,No,No,One Year,Yes,Bank Withdrawal,5,No,49
Male,38,No,Yes,Yes,3,Yes,8,None,Yes,25.32,No,No,0,No,No,No,No,No,No,No,No,Two Year,Yes,Credit Card,3,No,53
Male,55,No,No,No,0,No,0,None,Yes,33.94,Yes,Yes,25,No,No,Yes,Yes,No,No,No,Yes,Month-to-Month,No,Bank Withdrawal,4,No,27
Male,46,No,No,No,0,No,0,None,Yes,3.24,Yes,Yes,26,Yes,Yes,Yes,Yes,No,Yes,Yes,Yes,Two Year,Yes,Credit Card,4,No,69
Female,51,No,Yes,Yes,2,Yes,4,Offer E,No,0,No,Yes,27,No,No,No,Yes,No,No,No,Yes,Month-to-Month,No,Bank Withdrawal,4,No,2
Female,45,No,Yes,No,0,Yes,6,None,Yes,44.75,No,Yes,27,Yes,Yes,No,Yes,No,Yes,Yes,Yes,One Year,No,Credit Card,3,No,46
Female,39,No,No,No,0,No,0,None,Yes,31.55,Yes,Yes,8,No,Yes,No,No,Yes,Yes,Yes,Yes,Two Year,Yes,Bank Withdrawal,5,No,54
Male,53,No,No,No,0,No,0,None,Yes,33.14,Yes,Yes,17,Yes,No,No,Yes,No,No,No,No,Month-to-Month,No,Bank Withdrawal,3,No,20
Male,20,No,No,No,0,No,0,None,Yes,13.55,No,Yes,27,No,Yes,No,No,No,No,No,Yes,Month-to-Month,Yes,Credit Card,4,No,11
Male,56,No,Yes,No,0,Yes,4,None,Yes,11.94,No,Yes,3,Yes,Yes,Yes,No,No,Yes,Yes,Yes,Two Year,No,Bank Withdrawal,3,No,68
Female,39,No,No,No,0,No,0,Offer E,Yes,37.5,No,Yes,3,No,No,No,No,No,No,No,Yes,Month-to-Month,No,Bank Withdrawal,5,No,1
Male,36,No,Yes,No,0,Yes,1,None,No,0,No,Yes,5,Yes,Yes,Yes,No,Yes,Yes,Yes,Yes,Two Year,No,Bank Withdrawal,3,No,63
Female,58,No,No,No,0,No,0,Offer E,Yes,29.51,No,Yes,17,No,No,Yes,No,Yes,Yes,Yes,No,One Year,Yes,Bank Withdrawal,5,No,3
Female,25,No,No,No,0,No,0,None,Yes,13.67,Yes,No,0,No,No,No,No,No,No,No,No,One Year,No,Bank Withdrawal,5,No,48
Male,45,No,No,No,0,No,0,None,No,0,No,Yes,15,No,No,No,Yes,No,No,No,Yes,One Year,No,Credit Card,3,No,66
Female,44,No,Yes,Yes,1,Yes,3,None,Yes,24.94,Yes,Yes,30,No,Yes,Yes,No,No,No,No,Yes,Two Year,Yes,Credit Card,5,No,68
Female,20,No,Yes,No,0,Yes,2,Offer E,Yes,41.64,No,No,0,No,No,No,No,No,No,No,No,One Year,No,Mailed Check,4,No,7
Male,48,No,Yes,No,0,Yes,5,None,Yes,12.02,Yes,Yes,26,Yes,Yes,Yes,Yes,Yes,Yes,Yes,Yes,Two Year,Yes,Bank Withdrawal,3,No,72
Female,46,No,Yes,No,0,No,0,None,Yes,5.69,No,No,0,No,No,No,No,No,No,No,No,Month-to-Month,No,Mailed Check,4,No,29
Male,56,No,Yes,No,0,Yes,4,None,Yes,6.99,No,Yes,22,No,No,Yes,Yes,No,Yes,Yes,No,Month-to-Month,Yes,Bank Withdrawal,3,No,37
Female,57,No,Yes,No,0,Yes,6,None,Yes,14.49,Yes,Yes,25,Yes,Yes,No,Yes,No,No,No,Yes,One Year,No,Mailed Check,3,No,59
Female,29,No,No,No,0,No,0,None,Yes,1.31,No,Yes,53,No,Yes,No,Yes,No,No,No,Yes,Month-to-Month,Yes,Mailed Check,3,No,27
Male,36,No,Yes,No,0,Yes,1,None,No,0,No,Yes,10,Yes,No,Yes,No,No,No,No,Yes,Month-to-Month,No,Mailed Check,3,No,17
Male,31,No,Yes,No,0,Yes,9,None,Yes,18.68,No,No,0,No,No,No,No,No,No,No,No,Two Year,No,Credit Card,5,No,58
Male,29,No,Yes,No,0,Yes,9,None,Yes,43.57,No,No,0,No,No,No,No,No,No,No,No,One Year,No,Mailed Check,3,No,1
Female,50,No,No,No,0,No,0,None,Yes,2.51,Yes,Yes,19,Yes,Yes,Yes,No,No,No,No,No,Month-to-Month,No,Bank Withdrawal,3,No,53
Male,21,No,No,No,0,No,0,None,Yes,39.84,Yes,No,0,No,No,No,No,No,No,No,No,Month-to-Month,Yes,Bank Withdrawal,4,No,35
Male,35,No,Yes,No,0,Yes,1,None,Yes,11.12,Yes,Yes,10,No,Yes,No,Yes,No,Yes,Yes,Yes,Two Year,No,Credit Card,4,No,68
Male,20,No,Yes,No,0,Yes,1,None,Yes,10.07,Yes,No,0,No,No,No,No,No,No,No,No,Month-to-Month,No,Bank Withdrawal,3,No,47
Female,51,No,No,No,0,No,0,Offer E,Yes,42.41,Yes,Yes,8,No,No,No,No,No,No,No,Yes,Month-to-Month,Yes,Bank Withdrawal,5,No,9
Female,41,No,No,No,0,No,0,Offer E,Yes,15.86,No,No,0,No,No,No,No,No,No,No,No,Two Year,No,Mailed Check,5,No,8
Male,40,No,No,No,0,No,0,None,Yes,33.5,Yes,No,0,No,No,No,No,No,No,No,No,One Year,Yes,Credit Card,4,No,14
Female,26,No,No,No,0,No,0,None,Yes,33.73,Yes,Yes,30,Yes,Yes,Yes,Yes,Yes,Yes,Yes,Yes,Month-to-Month,Yes,Bank Withdrawal,3,No,45
Female,21,No,No,No,0,No,0,Offer E,Yes,1.28,Yes,Yes,42,No,No,No,No,No,No,No,Yes,Month-to-Month,Yes,Credit Card,5,No,8
Male,40,No,Yes,Yes,2,Yes,7,None,Yes,39.45,No,Yes,19,Yes,Yes,Yes,No,Yes,Yes,Yes,Yes,One Year,Yes,Bank Withdrawal,4,No,66
Male,39,No,Yes,No,0,Yes,5,None,Yes,42.55,Yes,Yes,18,Yes,Yes,Yes,Yes,No,No,No,Yes,Two Year,No,Credit Card,3,No,72
Female,47,No,Yes,Yes,2,Yes,4,None,Yes,35.86,Yes,No,0,No,No,No,No,No,No,No,No,Two Year,No,Mailed Check,5,No,23
Female,27,No,No,No,0,No,0,Offer E,Yes,6.5,Yes,Yes,73,Yes,No,No,No,No,No,No,Yes,Month-to-Month,Yes,Bank Withdrawal,3,No,4
Male,58,No,Yes,Yes,3,Yes,8,Offer E,Yes,31.73,Yes,No,0,No,No,No,No,No,No,No,No,Two Year,No,Mailed Check,3,No,6
Male,64,No,Yes,No,0,Yes,7,None,Yes,32.93,Yes,No,0,No,No,No,No,No,No,No,No,One Year,Yes,Mailed Check,3,No,56
Female,56,No,Yes,No,0,Yes,7,None,Yes,39.98,Yes,No,0,No,No,No,No,No,No,No,No,Two Year,No,Credit Card,4,No,72
Male,64,No,Yes,No,0,Yes,9,None,Yes,16.58,Yes,Yes,30,Yes,Yes,Yes,No,Yes,Yes,Yes,Yes,Two Year,Yes,Bank Withdrawal,3,No,72
Male,60,No,Yes,Yes,3,Yes,10,None,Yes,34.04,No,No,0,No,No,No,No,No,No,No,No,Two Year,No,Credit Card,5,No,23
Female,52,No,No,Yes,1,No,0,None,Yes,38.82,Yes,Yes,19,No,No,No,No,No,No,No,No,Month-to-Month,No,Mailed Check,3,No,35
Male,54,No,Yes,No,0,Yes,5,None,Yes,45.15,Yes,No,0,No,No,No,No,No,No,No,No,One Year,No,Mailed Check,4,No,12
Female,33,No,No,No,0,No,0,None,Yes,8.36,No,No,0,No,No,No,No,No,No,No,No,Two Year,No,Mailed Check,5,No,40
Male,21,No,Yes,Yes,2,Yes,9,Offer E,No,0,No,Yes,47,Yes,Yes,Yes,No,Yes,Yes,Yes,Yes,Month-to-Month,No,Credit Card,3,No,7
Male,62,No,Yes,Yes,3,Yes,8,None,Yes,32.38,Yes,Yes,53,Yes,Yes,No,No,Yes,No,No,Yes,Month-to-Month,Yes,Credit Card,4,No,70
Male,31,No,Yes,Yes,1,Yes,7,None,Yes,21.98,No,No,0,No,No,No,No,No,No,No,No,Two Year,No,Credit Card,5,No,60
Male,27,No,Yes,No,0,Yes,8,None,No,0,No,Yes,48,No,No,No,No,No,No,No,Yes,One Year,Yes,Credit Card,3,No,39
Male,53,No,Yes,No,0,Yes,5,None,Yes,6.29,Yes,Yes,8,Yes,Yes,Yes,Yes,Yes,Yes,Yes,Yes,Two Year,No,Credit Card,4,No,72
Male,49,No,Yes,No,0,Yes,3,None,Yes,48.45,Yes,Yes,28,No,Yes,No,Yes,Yes,No,No,Yes,One Year,Yes,Bank Withdrawal,3,No,54
Female,58,No,Yes,No,0,Yes,7,None,Yes,6.33,No,Yes,30,Yes,Yes,Yes,Yes,Yes,No,No,Yes,Two Year,No,Credit Card,4,No,63
Male,40,No,Yes,Yes,3,Yes,9,None,Yes,33.67,Yes,Yes,75,No,Yes,No,Yes,No,No,No,Yes,Two Year,Yes,Bank Withdrawal,3,No,71
Female,56,No,No,No,0,No,0,None,Yes,23.25,No,No,0,No,No,No,No,No,No,No,No,One Year,Yes,Credit Card,4,No,42
Male,27,No,No,No,0,No,0,None,Yes,6.61,No,No,0,No,No,No,No,No,No,No,No,Two Year,No,Bank Withdrawal,4,No,47
Male,20,No,No,No,0,No,0,None,No,0,No,Yes,73,No,Yes,No,Yes,No,No,No,Yes,Month-to-Month,Yes,Bank Withdrawal,4,No,11
Male,41,No,No,No,0,No,0,Offer A,Yes,49.35,Yes,Yes,30,No,Yes,Yes,Yes,Yes,No,No,Yes,Two Year,Yes,Credit Card,3,No,69
Female,21,No,No,No,0,No,0,Offer E,Yes,29.74,Yes,Yes,42,No,No,Yes,Yes,No,No,No,Yes,Month-to-Month,Yes,Bank Withdrawal,4,No,5
Female,19,No,Yes,No,0,Yes,1,Offer A,Yes,24.72,Yes,No,0,No,No,No,No,No,No,No,No,Two Year,Yes,Credit Card,5,No,71
Female,28,No,No,No,0,No,0,None,Yes,39.35,Yes,Yes,69,No,Yes,No,No,No,No,No,Yes,One Year,Yes,Bank Withdrawal,4,No,29
Male,39,No,Yes,No,0,Yes,3,None,Yes,44.65,Yes,Yes,3,No,Yes,No,Yes,No,No,No,Yes,Month-to-Month,No,Bank Withdrawal,3,No,52
Male,40,No,No,No,0,No,0,Offer A,Yes,20.29,Yes,Yes,29,Yes,Yes,Yes,No,No,Yes,Yes,Yes,One Year,No,Credit Card,4,No,68
Female,61,No,Yes,Yes,1,Yes,9,None,Yes,47.5,No,No,0,No,No,No,No,No,No,No,No,Two Year,No,Credit Card,4,No,46
Male,63,No,No,No,0,No,0,None,Yes,30.53,No,Yes,26,No,No,No,No,No,Yes,Yes,Yes,Month-to-Month,Yes,Credit Card,5,No,8
Male,23,No,Yes,No,0,Yes,10,Offer A,Yes,27.97,No,No,0,No,No,No,No,No,No,No,No,Two Year,No,Credit Card,3,No,72
Female,38,No,No,No,0,No,0,None,Yes,25.62,No,No,0,No,No,No,No,No,No,No,No,One Year,No,Bank Withdrawal,4,No,17
Male,42,No,No,No,0,No,0,Offer E,Yes,12.66,No,Yes,28,No,Yes,Yes,Yes,Yes,Yes,Yes,Yes,Month-to-Month,Yes,Bank Withdrawal,3,No,3
Female,52,No,No,No,0,No,0,None,No,0,No,Yes,24,No,Yes,Yes,No,Yes,Yes,Yes,Yes,One Year,Yes,Credit Card,4,No,51
Female,52,No,Yes,Yes,1,Yes,4,Offer E,Yes,25.05,No,No,0,No,No,No,No,No,No,No,No,Two Year,No,Credit Card,4,No,6
Female,51,No,Yes,No,0,Yes,5,None,Yes,2.97,Yes,Yes,7,No,No,No,No,Yes,Yes,Yes,Yes,Month-to-Month,No,Bank Withdrawal,5,No,3
Male,62,No,Yes,No,0,Yes,4,None,Yes,5.56,Yes,Yes,8,No,No,No,No,No,No,No,No,Month-to-Month,No,Bank Withdrawal,4,No,30
Male,39,No,No,No,0,No,0,None,Yes,6.4,Yes,Yes,24,No,Yes,No,Yes,Yes,No,No,Yes,Month-to-Month,Yes,Bank Withdrawal,4,No,31
Female,57,No,No,No,0,No,0,Offer B,Yes,37.39,No,Yes,30,Yes,No,Yes,Yes,Yes,Yes,Yes,Yes,Two Year,No,Bank Withdrawal,3,No,45
Male,30,No,Yes,No,0,Yes,5,Offer B,Yes,13.8,Yes,Yes,48,Yes,Yes,Yes,No,No,No,No,Yes,One Year,No,Bank Withdrawal,3,No,64
Male,46,No,No,No,0,No,0,None,Yes,5.02,No,No,0,No,No,No,No,No,No,No,No,Month-to-Month,No,Credit Card,4,No,1
Male,51,No,Yes,Yes,1,No,0,Offer A,Yes,24.95,Yes,Yes,13,Yes,Yes,Yes,Yes,Yes,Yes,Yes,Yes,Two Year,No,Bank Withdrawal,3,No,72
Female,61,No,Yes,No,0,Yes,4,None,Yes,31.43,No,Yes,24,No,No,No,No,No,No,No,No,Month-to-Month,Yes,Credit Card,5,No,7
Female,43,No,Yes,No,0,Yes,6,Offer A,Yes,11.72,Yes,Yes,20,No,Yes,Yes,Yes,No,No,No,Yes,One Year,Yes,Bank Withdrawal,5,No,66
Male,61,No,Yes,Yes,1,Yes,2,Offer B,Yes,1.89,No,No,0,No,No,No,No,No,No,No,No,Month-to-Month,Yes,Bank Withdrawal,3,No,40
Male,24,No,No,No,0,No,0,None,Yes,25.71,Yes,Yes,48,No,Yes,Yes,No,No,Yes,Yes,Yes,Month-to-Month,Yes,Bank Withdrawal,5,No,16
Male,19,No,Yes,No,0,Yes,9,Offer A,Yes,3.28,Yes,No,0,No,No,No,No,No,No,No,No,Two Year,No,Credit Card,4,No,67
Female,45,No,Yes,No,0,Yes,2,Offer B,Yes,9.85,No,Yes,14,Yes,Yes,Yes,No,Yes,Yes,Yes,Yes,One Year,Yes,Bank Withdrawal,3,No,41
Female,58,No,Yes,Yes,1,Yes,2,Offer B,Yes,48.56,No,No,0,No,No,No,No,No,No,No,No,Two Year,Yes,Credit Card,3,No,56
Female,25,No,No,No,0,No,0,Offer A,Yes,48.52,Yes,Yes,51,Yes,Yes,Yes,Yes,Yes,Yes,Yes,No,Two Year,Yes,Bank Withdrawal,4,No,72
Female,58,No,Yes,No,0,Yes,1,Offer B,Yes,32.72,No,No,0,No,No,No,No,No,No,No,No,Two Year,No,Credit Card,5,No,54
Female,63,No,No,No,0,No,0,Offer B,Yes,29.8,No,Yes,26,No,No,Yes,Yes,No,Yes,Yes,Yes,Two Year,Yes,Bank Withdrawal,4,No,50
Male,33,No,Yes,No,0,Yes,10,None,Yes,9.01,No,Yes,5,Yes,No,No,No,No,No,No,Yes,One Year,No,Credit Card,3,No,27
Male,56,No,No,No,0,No,0,Offer B,Yes,38.33,No,Yes,30,Yes,Yes,No,No,Yes,Yes,Yes,Yes,One Year,Yes,Credit Card,4,No,62
Female,59,No,No,No,0,No,0,Offer D,Yes,37.63,No,Yes,26,No,Yes,No,Yes,No,No,No,No,Month-to-Month,Yes,Bank Withdrawal,3,No,12
Male,31,No,Yes,Yes,8,Yes,2,Offer B,Yes,46.7,No,Yes,75,No,Yes,No,Yes,No,No,No,Yes,Two Year,Yes,Bank Withdrawal,3,No,54
Female,49,No,No,No,0,No,0,Offer A,Yes,2.83,No,No,0,No,No,No,No,No,No,No,No,Two Year,No,Bank Withdrawal,4,No,68
Male,20,No,No,No,0,No,0,Offer D,Yes,31.02,No,No,0,No,No,No,No,No,No,No,No,Month-to-Month,No,Credit Card,3,No,20
Male,46,No,Yes,No,0,Yes,4,Offer B,Yes,10.33,Yes,Yes,6,No,No,Yes,No,No,No,No,Yes,One Year,No,Bank Withdrawal,4,No,50
Male,42,No,No,No,0,No,0,Offer B,Yes,2.38,Yes,No,0,No,No,No,No,No,No,No,No,Two Year,Yes,Credit Card,4,No,58
Male,41,No,Yes,Yes,3,Yes,4,None,Yes,48.08,Yes,Yes,53,No,Yes,No,No,Yes,No,No,No,Month-to-Month,Yes,Bank Withdrawal,3,No,35
Female,31,No,No,No,0,No,0,None,Yes,10.81,No,Yes,13,No,No,No,No,No,No,No,Yes,Month-to-Month,Yes,Bank Withdrawal,3,No,2
Male,35,No,Yes,No,0,Yes,3,Offer B,Yes,12.15,Yes,Yes,21,Yes,No,Yes,Yes,No,Yes,Yes,Yes,Two Year,No,Credit Card,3,No,63
Female,35,No,Yes,No,0,Yes,8,Offer B,Yes,37.95,Yes,Yes,18,Yes,Yes,Yes,No,Yes,Yes,Yes,Yes,One Year,Yes,Credit Card,3,No,58
Female,37,No,Yes,No,0,Yes,10,None,Yes,20.96,No,No,0,No,No,No,No,No,No,No,No,One Year,Yes,Credit Card,4,No,27
Female,57,No,Yes,No,0,Yes,7,Offer A,Yes,9.44,Yes,Yes,9,Yes,Yes,Yes,Yes,Yes,Yes,Yes,Yes,Two Year,Yes,Credit Card,3,No,71
Female,35,No,No,No,0,No,0,Offer B,Yes,27.38,No,Yes,9,No,No,Yes,No,No,Yes,Yes,Yes,One Year,No,Credit Card,3,No,63
Male,40,No,Yes,No,0,Yes,8,Offer A,Yes,26.56,Yes,Yes,7,No,Yes,Yes,No,No,Yes,Yes,No,Month-to-Month,Yes,Bank Withdrawal,4,No,71
Female,51,No,Yes,Yes,1,Yes,10,Offer A,Yes,46.61,No,No,0,No,No,No,No,No,No,No,No,Two Year,Yes,Bank Withdrawal,4,No,68
Male,32,No,Yes,Yes,2,Yes,10,None,Yes,26.26,No,Yes,22,Yes,No,No,No,No,No,No,Yes,Month-to-Month,Yes,Credit Card,4,No,1
Female,37,No,No,No,0,No,0,None,Yes,3.25,Yes,Yes,11,No,No,No,Yes,No,No,No,Yes,Month-to-Month,Yes,Credit Card,3,No,28
Male,54,No,Yes,Yes,2,Yes,3,Offer A,Yes,47.69,Yes,No,0,No,No,No,No,No,No,No,No,Two Year,No,Credit Card,4,No,72
Female,36,No,No,No,0,No,0,None,Yes,46.78,No,Yes,12,Yes,Yes,No,No,Yes,No,No,No,Month-to-Month,Yes,Bank Withdrawal,3,No,2
Male,39,No,Yes,No,0,Yes,4,Offer A,Yes,38.38,Yes,Yes,20,Yes,Yes,Yes,Yes,Yes,Yes,Yes,Yes,Two Year,Yes,Credit Card,3,No,68
Female,54,No,Yes,No,0,Yes,10,Offer B,Yes,23.28,No,No,0,No,No,No,No,No,No,No,No,Two Year,Yes,Bank Withdrawal,4,No,57
Male,45,No,Yes,No,0,Yes,9,Offer B,No,0,No,Yes,9,No,Yes,No,No,No,No,No,Yes,Month-to-Month,No,Bank Withdrawal,4,No,54
Female,60,No,Yes,No,0,Yes,8,Offer B,Yes,44.87,No,Yes,20,Yes,Yes,Yes,No,No,No,No,No,One Year,Yes,Credit Card,3,No,44
Male,64,No,Yes,Yes,1,Yes,10,Offer B,Yes,16.67,Yes,Yes,17,Yes,Yes,No,No,Yes,No,No,Yes,Month-to-Month,Yes,Bank Withdrawal,3,No,42
Male,27,No,Yes,Yes,1,Yes,1,Offer A,Yes,35.33,Yes,No,0,No,No,No,No,No,No,No,No,Two Year,No,Bank Withdrawal,3,No,72
Female,26,No,Yes,No,0,Yes,3,Offer A,Yes,9.5,Yes,Yes,76,Yes,Yes,Yes,Yes,Yes,Yes,Yes,Yes,Two Year,No,Credit Card,3,No,71
Female,20,No,Yes,No,0,Yes,5,Offer D,Yes,14.53,Yes,Yes,48,No,No,No,Yes,Yes,Yes,Yes,Yes,Month-to-Month,Yes,Credit Card,5,No,23
Female,35,No,No,No,0,No,0,None,Yes,9.27,No,No,0,No,No,No,No,No,No,No,No,Two Year,No,Credit Card,3,No,30
Male,40,No,No,No,0,No,0,None,Yes,49.13,Yes,No,0,No,No,No,No,No,No,No,No,One Year,No,Bank Withdrawal,3,No,35
Male,54,No,No,No,0,No,0,None,Yes,15.9,No,Yes,27,No,No,No,No,No,No,No,No,Month-to-Month,Yes,Bank Withdrawal,4,No,1
Male,22,No,No,No,0,No,0,Offer D,Yes,15.77,No,Yes,42,No,No,No,No,No,No,No,Yes,Month-to-Month,Yes,Credit Card,3,No,22
Male,26,No,Yes,No,0,Yes,5,None,No,0,No,Yes,58,Yes,Yes,Yes,No,No,No,No,Yes,Two Year,No,Credit Card,4,No,7
Female,46,No,No,No,0,No,0,None,No,0,No,Yes,9,Yes,Yes,Yes,Yes,No,Yes,Yes,Yes,Two Year,Yes,Credit Card,3,No,36
Female,39,No,Yes,Yes,1,Yes,7,None,Yes,9.66,No,No,0,No,No,No,No,No,No,No,No,Month-to-Month,No,Credit Card,3,No,34
Male,25,No,Yes,No,0,Yes,1,Offer A,Yes,32.67,Yes,Yes,48,Yes,Yes,Yes,No,No,No,No,Yes,Two Year,No,Credit Card,3,No,72
Male,48,No,Yes,Yes,1,Yes,9,None,Yes,34.79,Yes,No,0,No,No,No,No,No,No,No,No,Two Year,No,Credit Card,3,No,36
Female,35,No,Yes,Yes,1,Yes,3,Offer A,Yes,34.53,Yes,Yes,19,Yes,Yes,Yes,Yes,No,No,No,No,One Year,Yes,Credit Card,3,No,71
Male,33,No,Yes,No,0,Yes,1,Offer D,Yes,28.83,No,Yes,5,No,No,Yes,No,Yes,Yes,Yes,Yes,One Year,Yes,Bank Withdrawal,5,No,17
Male,26,No,No,No,0,No,0,None,Yes,5.63,No,Yes,52,No,No,Yes,Yes,Yes,Yes,Yes,Yes,Month-to-Month,Yes,Bank Withdrawal,5,No,1
Male,44,No,Yes,Yes,3,Yes,7,Offer D,Yes,4.71,No,No,0,No,No,No,No,No,No,No,No,Two Year,No,Credit Card,4,No,12
Female,51,No,Yes,No,0,Yes,6,Offer A,Yes,43.91,No,No,0,No,No,No,No,No,No,No,No,Two Year,No,Credit Card,4,No,72
Male,33,No,No,No,0,No,0,None,Yes,35.88,No,No,0,No,No,No,No,No,No,No,No,Month-to-Month,No,Credit Card,3,No,1
Male,50,No,Yes,Yes,4,Yes,9,Offer B,Yes,38.44,Yes,Yes,57,No,No,No,No,No,No,No,Yes,Month-to-Month,No,Bank Withdrawal,5,No,60
Female,38,No,Yes,No,0,Yes,10,Offer B,No,0,No,Yes,17,No,Yes,Yes,Yes,Yes,No,No,Yes,Two Year,No,Credit Card,3,No,61
Female,27,No,Yes,No,0,Yes,9,Offer E,Yes,5.69,No,Yes,27,No,No,No,No,No,No,No,Yes,Month-to-Month,No,Credit Card,4,No,6
Male,29,No,Yes,Yes,1,Yes,9,Offer A,Yes,27.16,No,No,0,No,No,No,No,No,No,No,No,Two Year,No,Bank Withdrawal,3,No,72
Female,42,No,No,No,0,No,0,None,Yes,32.02,Yes,Yes,3,No,Yes,No,No,No,No,No,Yes,Month-to-Month,Yes,Bank Withdrawal,5,No,32
Male,52,No,Yes,No,0,Yes,1,Offer B,Yes,19.84,Yes,Yes,2,No,Yes,No,No,No,Yes,Yes,No,Month-to-Month,Yes,Bank Withdrawal,5,No,65
Female,54,No,Yes,Yes,2,Yes,10,Offer B,No,0,No,Yes,18,Yes,No,No,No,Yes,Yes,Yes,Yes,Month-to-Month,Yes,Bank Withdrawal,3,No,45
Male,20,No,No,No,0,No,0,None,Yes,27.64,Yes,No,0,No,No,No,No,No,No,No,No,One Year,No,Bank Withdrawal,5,No,42
Male,64,No,No,No,0,No,0,Offer E,Yes,11.58,Yes,Yes,7,No,No,No,No,No,No,No,Yes,Month-to-Month,Yes,Bank Withdrawal,4,No,8
Male,38,No,No,Yes,2,No,0,None,Yes,16.94,No,No,0,No,No,No,No,No,No,No,No,Two Year,No,Credit Card,4,No,32
Male,33,No,No,No,0,No,0,Offer E,Yes,46.23,No,Yes,25,Yes,No,No,No,No,No,No,Yes,Month-to-Month,No,Bank Withdrawal,4,No,1
Female,25,No,Yes,No,0,Yes,7,Offer E,Yes,40.63,No,Yes,52,No,No,No,No,No,No,No,No,Month-to-Month,Yes,Bank Withdrawal,5,No,1
Female,24,No,No,No,0,No,0,Offer E,Yes,9.75,Yes,No,0,No,No,No,No,No,No,No,No,Two Year,Yes,Credit Card,3,No,4
Female,23,No,Yes,No,0,Yes,7,None,Yes,21.21,Yes,No,0,No,No,No,No,No,No,No,No,One Year,No,Bank Withdrawal,5,No,56
Male,61,No,No,No,0,No,0,None,Yes,10.36,No,Yes,6,Yes,No,Yes,No,Yes,Yes,Yes,Yes,Month-to-Month,Yes,Bank Withdrawal,4,No,45
Female,22,No,Yes,Yes,2,Yes,5,None,Yes,22.36,No,No,0,No,No,No,No,No,No,No,No,Two Year,No,Credit Card,3,No,71
Male,49,No,Yes,No,0,Yes,3,None,Yes,16.06,No,Yes,4,Yes,Yes,Yes,No,Yes,No,No,Yes,One Year,No,Credit Card,3,No,59
Male,37,No,No,No,0,No,0,None,No,0,No,Yes,19,No,Yes,Yes,No,No,No,No,No,One Year,Yes,Bank Withdrawal,5,No,69
Male,62,No,No,No,0,No,0,Offer D,Yes,17.17,No,No,0,No,No,No,No,No,No,No,No,One Year,No,Credit Card,3,No,19
Female,24,No,Yes,Yes,2,Yes,8,None,Yes,27.75,No,No,0,No,No,No,No,No,No,No,No,Two Year,No,Credit Card,5,No,55
Female,48,No,No,No,0,No,0,None,Yes,32.63,No,No,0,No,No,No,No,No,No,No,No,One Year,No,Mailed Check,5,No,38
Male,35,No,Yes,Yes,2,Yes,4,None,Yes,14.91,No,No,0,No,No,No,No,No,No,No,No,Two Year,Yes,Mailed Check,5,No,46
Female,22,No,Yes,No,0,Yes,5,None,Yes,34.31,No,Yes,71,Yes,No,Yes,Yes,No,No,No,Yes,Two Year,No,Credit Card,4,No,65
Male,21,No,Yes,Yes,3,Yes,6,None,Yes,11.3,No,No,0,No,No,No,No,No,No,No,No,Two Year,No,Mailed Check,4,No,71
Male,37,No,Yes,No,0,Yes,4,None,Yes,47.29,Yes,No,0,No,No,No,No,No,No,No,No,One Year,No,Mailed Check,4,No,6
Female,42,No,Yes,Yes,2,Yes,4,None,Yes,13.95,Yes,Yes,11,Yes,No,No,Yes,Yes,Yes,Yes,Yes,One Year,Yes,Bank Withdrawal,4,No,64
Male,49,No,No,No,0,No,0,Offer E,Yes,30.73,No,Yes,10,No,No,No,No,No,No,No,Yes,Month-to-Month,Yes,Bank Withdrawal,5,No,1
Male,48,No,Yes,Yes,1,No,0,None,Yes,19.64,Yes,No,0,No,No,No,No,No,No,No,No,Two Year,No,Credit Card,4,No,72
Male,50,No,No,No,0,No,0,Offer E,Yes,16.34,No,Yes,4,No,No,No,No,No,No,No,Yes,Month-to-Month,Yes,Mailed Check,4,No,1
Female,41,No,Yes,Yes,3,Yes,9,None,Yes,27.23,Yes,Yes,75,Yes,Yes,No,No,No,Yes,Yes,Yes,Month-to-Month,Yes,Bank Withdrawal,3,No,51
Female,45,No,Yes,Yes,1,Yes,1,None,Yes,23.95,No,No,0,No,No,No,No,No,No,No,No,Two Year,No,Bank Withdrawal,3,No,41
Female,59,No,Yes,No,0,Yes,6,None,Yes,43.12,No,Yes,22,Yes,Yes,Yes,No,Yes,No,No,Yes,Two Year,Yes,Credit Card,3,No,72
Female,64,No,Yes,No,0,Yes,6,None,Yes,21.08,Yes,Yes,14,Yes,Yes,No,Yes,Yes,Yes,Yes,Yes,Two Year,No,Credit Card,4,No,43
Male,64,No,Yes,No,0,Yes,6,None,Yes,23.27,Yes,Yes,3,Yes,Yes,Yes,Yes,Yes,Yes,Yes,Yes,Two Year,Yes,Credit Card,3,No,72
Male,21,No,Yes,No,0,Yes,1,None,Yes,20.93,Yes,Yes,85,No,No,No,No,Yes,Yes,Yes,No,One Year,Yes,Credit Card,5,No,47
Male,61,No,No,No,0,No,0,None,Yes,46.1,Yes,Yes,27,Yes,Yes,Yes,Yes,Yes,Yes,Yes,Yes,Two Year,No,Credit Card,4,No,72
Male,23,No,No,No,0,No,0,Offer E,Yes,16.39,No,No,0,No,No,No,No,No,No,No,No,Month-to-Month,Yes,Credit Card,5,No,3
Male,39,No,No,No,0,No,0,None,No,0,No,Yes,6,Yes,Yes,No,No,No,Yes,Yes,Yes,Month-to-Month,Yes,Bank Withdrawal,4,No,26
Male,28,No,Yes,Yes,3,Yes,9,None,Yes,1.41,No,Yes,73,Yes,No,No,No,No,Yes,Yes,Yes,Month-to-Month,Yes,Credit Card,3,No,29
Male,50,No,No,No,0,No,0,None,Yes,20.29,No,Yes,21,Yes,Yes,No,No,No,No,No,Yes,One Year,No,Bank Withdrawal,3,No,27
Male,30,No,Yes,Yes,2,Yes,6,None,Yes,44.57,No,Yes,26,Yes,Yes,No,Yes,No,Yes,Yes,Yes,Month-to-Month,Yes,Credit Card,3,No,24
Male,60,No,Yes,No,0,Yes,1,None,Yes,21.17,No,Yes,13,Yes,No,Yes,Yes,No,No,No,No,Two Year,Yes,Bank Withdrawal,3,No,67
Female,55,No,No,No,0,No,0,Offer D,Yes,9.04,No,Yes,8,No,Yes,Yes,No,No,No,No,Yes,One Year,No,Bank Withdrawal,3,No,23
Male,63,No,No,No,0,No,0,Offer D,No,0,No,Yes,12,No,Yes,No,No,No,No,No,Yes,Month-to-Month,Yes,Mailed Check,5,No,14
Male,46,No,No,Yes,2,No,0,Offer D,Yes,13.99,Yes,Yes,18,Yes,Yes,No,No,No,Yes,Yes,Yes,Month-to-Month,Yes,Bank Withdrawal,4,No,16
Female,47,No,Yes,No,0,Yes,1,None,No,0,No,Yes,8,No,No,No,No,Yes,Yes,Yes,Yes,Month-to-Month,Yes,Bank Withdrawal,3,No,46
Male,62,No,No,No,0,No,0,None,Yes,11.5,Yes,Yes,29,Yes,Yes,No,Yes,Yes,Yes,Yes,Yes,Two Year,Yes,Bank Withdrawal,4,No,68
Male,51,No,No,No,0,No,0,None,Yes,28,Yes,Yes,22,Yes,Yes,Yes,Yes,No,No,No,No,Month-to-Month,No,Bank Withdrawal,3,No,38
Male,49,No,No,No,0,No,0,Offer D,Yes,34.98,No,Yes,21,No,Yes,Yes,No,No,Yes,Yes,Yes,Month-to-Month,Yes,Credit Card,5,No,17
Male,25,No,Yes,Yes,1,Yes,1,Offer E,Yes,24.57,No,No,0,No,No,No,No,No,No,No,No,Two Year,No,Mailed Check,4,No,4
Female,35,No,No,No,0,No,0,Offer D,Yes,26.67,No,No,0,No,No,No,No,No,No,No,No,One Year,No,Bank Withdrawal,5,No,12
Male,57,No,Yes,No,0,Yes,1,None,Yes,34.97,Yes,Yes,11,Yes,Yes,Yes,Yes,Yes,Yes,Yes,Yes,Two Year,Yes,Credit Card,3,No,72
Male,58,No,No,No,0,No,0,Offer E,Yes,15.6,No,Yes,9,No,No,No,No,Yes,Yes,Yes,Yes,Month-to-Month,Yes,Bank Withdrawal,3,No,3
Female,38,No,No,No,0,No,0,None,Yes,32.66,Yes,No,0,No,No,No,No,No,No,No,No,One Year,Yes,Mailed Check,3,No,41
Male,55,No,No,No,0,No,0,None,No,0,No,Yes,12,No,Yes,No,Yes,No,No,No,No,One Year,No,Credit Card,3,No,40
Female,44,No,No,No,0,No,0,Offer E,Yes,3.34,No,Yes,13,Yes,Yes,No,Yes,Yes,Yes,Yes,Yes,Month-to-Month,Yes,Bank Withdrawal,4,No,7
Male,24,No,No,No,0,No,0,None,Yes,7.18,No,No,0,No,No,No,No,No,No,No,No,Two Year,No,Credit Card,4,No,69
Male,64,No,Yes,No,0,Yes,1,None,Yes,21.09,No,No,0,No,No,No,No,No,No,No,No,One Year,No,Mailed Check,5,No,7
Female,22,No,Yes,Yes,1,Yes,1,None,No,0,No,Yes,59,No,Yes,No,No,No,No,No,Yes,Month-to-Month,Yes,Bank Withdrawal,3,No,5
Female,57,No,Yes,Yes,1,Yes,1,None,Yes,6.41,Yes,Yes,14,Yes,Yes,Yes,Yes,Yes,No,No,Yes,Two Year,No,Credit Card,4,No,72
Male,64,No,Yes,No,0,Yes,1,None,Yes,27.4,No,No,0,No,No,No,No,No,No,No,No,One Year,Yes,Bank Withdrawal,3,No,44
Female,59,No,No,No,0,No,0,None,Yes,27.68,Yes,Yes,6,No,Yes,Yes,No,Yes,No,No,No,One Year,Yes,Bank Withdrawal,5,No,65
Female,20,No,No,No,0,No,0,None,Yes,40.99,Yes,Yes,48,No,No,No,Yes,Yes,No,No,Yes,Month-to-Month,No,Bank Withdrawal,5,No,3
Male,45,No,No,No,0,No,0,None,Yes,2.33,No,Yes,2,No,No,No,Yes,No,No,No,Yes,Month-to-Month,Yes,Credit Card,5,No,24
Male,28,No,No,No,0,No,0,None,Yes,30.07,No,Yes,69,Yes,No,No,Yes,No,No,No,Yes,Month-to-Month,No,Bank Withdrawal,3,No,24
Male,43,No,Yes,No,0,Yes,1,Offer D,Yes,20.78,No,No,0,No,No,No,No,No,No,No,No,Month-to-Month,Yes,Bank Withdrawal,4,No,22
Male,33,No,Yes,No,0,Yes,10,None,Yes,30.06,Yes,Yes,24,No,Yes,Yes,Yes,Yes,Yes,Yes,Yes,Two Year,Yes,Credit Card,5,No,70
Male,55,No,Yes,Yes,3,Yes,1,None,Yes,25.87,Yes,Yes,76,No,No,No,No,Yes,No,No,No,Month-to-Month,No,Bank Withdrawal,4,No,25
Male,24,No,Yes,Yes,3,No,0,None,Yes,8.21,No,No,0,No,No,No,No,No,No,No,No,Two Year,No,Bank Withdrawal,3,No,37
Female,39,No,Yes,No,0,Yes,9,None,Yes,24.81,Yes,Yes,24,No,No,Yes,Yes,Yes,No,No,Yes,Two Year,Yes,Bank Withdrawal,5,No,59
Male,19,No,Yes,Yes,3,Yes,1,None,Yes,36.32,No,Yes,85,No,No,No,No,No,Yes,Yes,Yes,Month-to-Month,Yes,Bank Withdrawal,5,No,1
Male,28,No,No,No,0,No,0,None,Yes,37.01,No,No,0,No,No,No,No,No,No,No,No,Month-to-Month,Yes,Bank Withdrawal,5,No,3
Female,29,No,Yes,No,0,Yes,3,None,Yes,41.82,Yes,Yes,69,No,Yes,Yes,Yes,Yes,Yes,Yes,Yes,One Year,Yes,Bank Withdrawal,3,No,53
Male,27,No,No,No,0,No,0,None,Yes,42.15,No,No,0,No,No,No,No,No,No,No,No,Month-to-Month,No,Mailed Check,3,No,1
Male,59,No,No,No,0,No,0,Offer D,Yes,30.13,No,No,0,No,No,No,No,No,No,No,No,One Year,Yes,Mailed Check,4,No,20
Female,61,No,No,No,0,No,0,Offer B,Yes,29.87,No,No,0,No,No,No,No,No,No,No,No,One Year,Yes,Bank Withdrawal,5,No,51
Female,56,No,Yes,No,0,Yes,4,Offer B,Yes,47.18,No,Yes,12,Yes,Yes,No,Yes,No,No,No,Yes,One Year,Yes,Bank Withdrawal,3,No,51
Female,21,No,Yes,Yes,3,Yes,1,None,Yes,42.23,No,No,0,No,No,No,No,No,No,No,No,Two Year,No,Mailed Check,4,No,13
Female,28,No,No,No,0,No,0,None,Yes,10.21,No,No,0,No,No,No,No,No,No,No,No,Month-to-Month,No,Mailed Check,5,No,1
Male,53,No,No,Yes,1,No,0,None,Yes,10.14,No,No,0,No,No,No,No,No,No,No,No,Month-to-Month,Yes,Mailed Check,3,No,1
Male,46,No,No,No,0,No,0,Offer B,Yes,18.05,Yes,Yes,11,Yes,Yes,Yes,Yes,No,No,No,No,One Year,No,Bank Withdrawal,3,No,63
Male,64,No,No,No,0,No,0,None,Yes,33.53,No,Yes,30,No,No,No,No,No,Yes,Yes,Yes,Month-to-Month,No,Mailed Check,5,No,3
Male,49,No,No,No,0,No,0,Offer B,Yes,30.99,No,No,0,No,No,No,No,No,No,No,No,Two Year,No,Credit Card,4,No,46
Male,31,No,No,No,0,No,0,None,Yes,3.97,Yes,Yes,11,No,No,No,No,No,No,No,Yes,Month-to-Month,Yes,Credit Card,4,No,1
Female,60,No,Yes,Yes,1,Yes,8,None,Yes,11.13,No,No,0,No,No,No,No,No,No,No,No,Two Year,No,Bank Withdrawal,4,No,71
Male,38,No,Yes,Yes,3,Yes,10,Offer B,Yes,22.56,Yes,Yes,56,No,No,Yes,No,Yes,No,No,Yes,Month-to-Month,Yes,Credit Card,5,No,55
Female,38,No,No,No,0,No,0,None,Yes,13.4,Yes,Yes,3,No,Yes,Yes,Yes,No,No,No,No,One Year,Yes,Bank Withdrawal,3,No,70
Male,32,No,Yes,Yes,3,Yes,10,None,Yes,11.31,Yes,Yes,57,Yes,No,No,Yes,Yes,Yes,Yes,Yes,Two Year,No,Bank Withdrawal,3,No,67
Male,27,No,Yes,No,0,Yes,6,None,Yes,4.05,No,Yes,59,No,No,Yes,No,No,No,No,Yes,Month-to-Month,No,Credit Card,3,No,14
Female,28,No,Yes,Yes,2,Yes,5,None,Yes,38.71,Yes,Yes,48,No,No,Yes,Yes,No,Yes,Yes,Yes,Month-to-Month,Yes,Bank Withdrawal,3,No,20
Female,56,No,Yes,Yes,6,Yes,6,Offer B,Yes,8.18,Yes,Yes,53,No,No,No,No,Yes,Yes,Yes,Yes,Month-to-Month,Yes,Bank Withdrawal,5,No,49
Female,32,No,No,No,0,No,0,Offer A,Yes,2.25,Yes,Yes,16,Yes,Yes,Yes,No,Yes,No,No,Yes,Two Year,Yes,Bank Withdrawal,3,No,72
Female,25,No,Yes,No,0,Yes,1,Offer B,Yes,44.74,Yes,Yes,82,Yes,No,No,No,No,No,Yes,Yes,Month-to-Month,No,Bank Withdrawal,3,No,46
Male,57,No,No,No,0,No,0,Offer C,Yes,13.13,Yes,Yes,14,No,Yes,Yes,No,No,No,No,No,Month-to-Month,Yes,Bank Withdrawal,4,No,24
Female,52,No,Yes,Yes,2,Yes,9,None,No,0,No,Yes,19,No,Yes,No,Yes,No,No,No,Yes,Month-to-Month,No,Bank Withdrawal,5,No,5
Female,21,No,Yes,Yes,1,Yes,6,Offer C,Yes,11.01,Yes,Yes,73,No,Yes,Yes,Yes,No,No,Yes,Yes,Month-to-Month,No,Credit Card,3,No,33
Female,23,No,No,No,0,No,0,Offer B,Yes,29.44,Yes,Yes,41,Yes,Yes,No,No,No,No,Yes,Yes,One Year,Yes,Bank Withdrawal,3,No,42
Male,21,No,No,No,0,No,0,None,Yes,41.94,No,Yes,30,Yes,No,Yes,No,Yes,Yes,Yes,Yes,One Year,Yes,Credit Card,3,No,23
Male,26,No,No,No,0,No,0,Offer E,Yes,41.93,No,Yes,59,No,No,No,No,No,No,Yes,Yes,Month-to-Month,No,Bank Withdrawal,5,No,8
Male,32,No,No,No,0,No,0,Offer A,Yes,11.56,No,Yes,30,Yes,Yes,No,No,No,No,No,Yes,One Year,Yes,Mailed Check,4,No,66
Female,22,No,No,No,0,No,0,Offer B,Yes,8.33,No,Yes,73,No,Yes,Yes,No,Yes,Yes,Yes,Yes,One Year,Yes,Mailed Check,4,No,53
Female,61,No,No,No,0,No,0,None,No,0,No,Yes,4,Yes,No,Yes,No,Yes,Yes,Yes,Yes,Two Year,No,Bank Withdrawal,3,No,60
Female,32,No,No,No,0,No,0,None,Yes,10.9,No,No,0,No,No,No,No,No,No,No,No,One Year,Yes,Credit Card,5,No,20
Female,25,No,Yes,Yes,1,Yes,10,None,Yes,9.84,Yes,Yes,71,No,No,No,No,No,Yes,Yes,Yes,Month-to-Month,No,Bank Withdrawal,3,No,23
Male,23,No,Yes,No,0,Yes,8,Offer A,Yes,35.07,No,Yes,53,Yes,No,Yes,Yes,Yes,Yes,Yes,Yes,Two Year,Yes,Bank Withdrawal,5,No,72
Male,43,No,No,No,0,No,0,None,Yes,16.81,No,No,0,No,No,No,No,No,No,No,No,Two Year,No,Mailed Check,4,No,21
Female,21,No,No,No,0,No,0,None,Yes,36.14,No,Yes,48,No,Yes,Yes,Yes,Yes,No,Yes,Yes,Two Year,No,Mailed Check,3,No,57
Female,42,No,Yes,Yes,2,Yes,9,None,Yes,21.73,No,No,0,No,No,No,No,No,No,No,No,Two Year,Yes,Bank Withdrawal,4,No,45
Male,35,No,No,No,0,No,0,None,Yes,26.43,Yes,Yes,13,No,Yes,Yes,No,No,Yes,Yes,Yes,Month-to-Month,Yes,Bank Withdrawal,3,No,10
Male,49,No,No,Yes,5,No,0,None,Yes,40.66,No,No,0,No,No,No,No,No,No,No,No,Month-to-Month,No,Credit Card,5,No,14
Male,42,No,Yes,No,0,Yes,3,Offer C,Yes,11.83,Yes,Yes,14,Yes,No,No,Yes,Yes,Yes,Yes,Yes,One Year,No,Credit Card,3,No,27
Female,59,No,Yes,Yes,1,No,0,Offer A,Yes,28.53,Yes,Yes,24,No,Yes,No,Yes,No,Yes,Yes,Yes,Two Year,Yes,Bank Withdrawal,5,No,69
Female,59,No,Yes,No,0,Yes,7,Offer C,No,0,No,Yes,24,Yes,No,No,Yes,Yes,No,No,No,Two Year,Yes,Credit Card,4,No,35
Male,33,No,Yes,No,0,Yes,3,None,Yes,39.82,Yes,Yes,13,No,Yes,Yes,No,Yes,Yes,Yes,Yes,One Year,No,Credit Card,3,No,45
Female,60,No,No,No,0,No,0,None,Yes,22.61,No,Yes,19,No,Yes,No,No,Yes,No,No,Yes,Month-to-Month,Yes,Bank Withdrawal,5,No,17
Male,62,No,No,No,0,No,0,None,Yes,20.46,No,No,0,No,No,No,No,No,No,No,No,One Year,No,Credit Card,5,No,22
Male,21,No,Yes,No,0,Yes,5,Offer A,Yes,2.12,No,Yes,58,Yes,No,Yes,Yes,No,Yes,Yes,Yes,Two Year,No,Credit Card,3,No,67
Female,45,No,Yes,Yes,3,Yes,8,Offer A,Yes,17.79,Yes,Yes,22,No,No,Yes,Yes,Yes,Yes,Yes,Yes,Two Year,Yes,Bank Withdrawal,5,No,67
Female,30,No,No,No,0,No,0,Offer E,Yes,3.37,No,No,0,No,No,No,No,No,No,No,No,Month-to-Month,No,Credit Card,4,No,5
Male,47,No,No,No,0,No,0,None,No,0,No,Yes,10,Yes,No,No,Yes,Yes,No,No,Yes,Two Year,No,Credit Card,4,No,54
Male,56,No,Yes,No,0,Yes,8,Offer A,Yes,27.97,Yes,Yes,2,Yes,Yes,Yes,Yes,Yes,No,No,Yes,Two Year,Yes,Bank Withdrawal,3,No,70
Male,51,No,Yes,Yes,2,Yes,5,None,Yes,26.84,Yes,Yes,12,Yes,No,Yes,Yes,Yes,Yes,Yes,Yes,Month-to-Month,No,Bank Withdrawal,5,No,53
Female,63,No,No,No,0,No,0,Offer C,Yes,33.71,No,No,0,No,No,No,No,No,No,No,No,One Year,No,Credit Card,3,No,31
Male,56,No,Yes,Yes,3,Yes,8,None,Yes,28.15,No,Yes,56,No,Yes,Yes,Yes,No,No,No,Yes,Month-to-Month,No,Bank Withdrawal,3,No,13
Female,33,No,Yes,Yes,1,Yes,6,Offer C,Yes,41.41,Yes,Yes,30,No,No,No,No,No,No,No,Yes,Month-to-Month,No,Credit Card,5,No,28
Male,62,No,Yes,No,0,Yes,8,Offer C,Yes,6.97,No,No,0,No,No,No,No,No,No,No,No,Two Year,No,Bank Withdrawal,5,No,38
Male,28,No,Yes,No,0,Yes,9,None,Yes,10.4,No,Yes,85,Yes,Yes,No,No,Yes,Yes,Yes,Yes,One Year,Yes,Credit Card,5,No,52
Male,42,No,Yes,Yes,3,Yes,2,None,Yes,1.76,No,Yes,20,Yes,Yes,Yes,Yes,Yes,Yes,Yes,Yes,Two Year,No,Credit Card,4,No,62
Female,40,No,No,No,0,No,0,Offer D,Yes,22.3,No,Yes,28,No,Yes,No,No,No,Yes,Yes,Yes,Month-to-Month,Yes,Bank Withdrawal,5,No,16
Male,57,No,No,No,0,No,0,Offer D,Yes,49,No,Yes,23,No,No,Yes,No,Yes,Yes,Yes,Yes,One Year,No,Bank Withdrawal,5,No,12
Female,63,No,Yes,Yes,1,Yes,1,Offer A,Yes,31.83,Yes,Yes,14,Yes,Yes,Yes,Yes,Yes,Yes,Yes,Yes,Two Year,Yes,Bank Withdrawal,3,No,72
Female,33,No,Yes,No,0,Yes,1,Offer C,Yes,32.86,No,No,0,No,No,No,No,No,No,No,No,One Year,No,Credit Card,3,No,24
Female,64,No,No,No,0,No,0,Offer D,Yes,39.49,No,No,0,No,No,No,No,No,No,No,No,Two Year,No,Credit Card,3,No,15
Male,54,No,No,Yes,2,No,0,None,Yes,14.88,Yes,Yes,12,Yes,Yes,No,No,No,No,No,Yes,Month-to-Month,No,Bank Withdrawal,4,No,2
Female,40,No,Yes,Yes,3,Yes,3,Offer E,No,0,No,Yes,53,No,No,No,No,No,No,No,Yes,Month-to-Month,No,Credit Card,5,No,5
Male,20,No,Yes,No,0,Yes,8,None,Yes,2.43,No,Yes,69,Yes,Yes,Yes,No,No,No,Yes,Yes,One Year,Yes,Bank Withdrawal,3,No,41
Female,26,No,No,Yes,1,No,0,None,Yes,5.6,No,Yes,30,Yes,Yes,No,No,No,Yes,Yes,Yes,Month-to-Month,Yes,Bank Withdrawal,3,No,43
Male,30,No,Yes,No,0,Yes,2,Offer A,Yes,28.58,Yes,Yes,30,Yes,Yes,Yes,Yes,Yes,Yes,Yes,Yes,Two Year,No,Bank Withdrawal,4,No,71
Male,29,No,No,No,0,No,0,None,Yes,9.43,No,No,0,No,No,No,No,No,No,No,No,Two Year,No,Credit Card,5,No,7
Male,48,No,No,No,0,No,0,Offer E,Yes,30.58,No,No,0,No,No,No,No,No,No,No,No,One Year,No,Credit Card,5,No,7
Female,30,No,No,No,0,No,0,Offer A,Yes,23.92,Yes,Yes,42,No,Yes,Yes,Yes,Yes,Yes,Yes,Yes,Two Year,Yes,Bank Withdrawal,4,No,69
Female,29,No,No,Yes,1,No,0,Offer E,No,0,No,Yes,48,No,No,No,No,No,No,No,No,Month-to-Month,No,Credit Card,5,No,1
Male,36,No,No,No,0,No,0,Offer E,Yes,44.42,No,Yes,6,Yes,No,Yes,No,Yes,Yes,Yes,Yes,Month-to-Month,Yes,Bank Withdrawal,4,No,3
Female,33,No,Yes,No,0,Yes,6,Offer A,Yes,34.49,Yes,Yes,29,No,Yes,Yes,No,No,No,No,Yes,Month-to-Month,Yes,Bank Withdrawal,5,No,69
Female,44,No,Yes,No,0,Yes,1,Offer A,No,0,No,Yes,16,Yes,Yes,Yes,Yes,No,No,No,Yes,Two Year,Yes,Bank Withdrawal,3,No,71
Female,19,No,Yes,Yes,2,No,0,Offer A,Yes,25.18,No,No,0,No,No,No,No,No,No,No,No,Two Year,No,Credit Card,5,No,69
Female,35,No,No,No,0,No,0,None,Yes,10.5,Yes,Yes,12,No,No,Yes,Yes,Yes,Yes,Yes,Yes,Month-to-Month,Yes,Bank Withdrawal,5,No,48
Male,30,No,No,No,0,No,0,None,Yes,5.97,Yes,Yes,73,Yes,No,Yes,Yes,Yes,Yes,Yes,Yes,Month-to-Month,Yes,Credit Card,3,No,45
Male,54,No,No,No,0,No,0,None,Yes,42.93,Yes,Yes,11,No,Yes,No,No,No,No,No,No,Month-to-Month,No,Bank Withdrawal,3,No,51
Male,39,No,No,No,0,No,0,Offer A,Yes,11.41,Yes,Yes,17,Yes,Yes,Yes,Yes,Yes,Yes,Yes,Yes,Two Year,No,Bank Withdrawal,3,No,72
Male,33,No,Yes,Yes,1,Yes,1,Offer C,Yes,38.89,Yes,Yes,29,No,Yes,Yes,No,Yes,No,No,Yes,Month-to-Month,Yes,Bank Withdrawal,4,No,37
Male,31,No,Yes,No,0,Yes,1,Offer A,Yes,18.42,Yes,Yes,29,Yes,Yes,Yes,Yes,Yes,Yes,Yes,Yes,Two Year,No,Bank Withdrawal,4,No,71
Female,51,No,No,No,0,No,0,Offer A,Yes,20.77,Yes,No,0,No,No,No,No,No,No,No,No,Two Year,Yes,Credit Card,5,No,66
Male,59,No,Yes,No,0,Yes,1,None,Yes,31.66,No,Yes,3,Yes,No,No,Yes,Yes,Yes,Yes,Yes,One Year,Yes,Bank Withdrawal,3,No,51
Female,57,No,Yes,No,0,Yes,1,None,Yes,21.14,No,No,0,No,No,No,No,No,No,No,No,One Year,No,Bank Withdrawal,3,No,30
Female,26,No,No,No,0,No,0,None,Yes,23.54,Yes,Yes,76,No,No,No,No,Yes,No,No,No,Month-to-Month,No,Bank Withdrawal,5,No,34
Male,62,No,Yes,Yes,1,Yes,1,None,Yes,35.25,Yes,No,0,No,No,No,No,No,No,No,No,Two Year,Yes,Credit Card,3,No,64
Male,50,No,No,No,0,No,0,None,Yes,47.73,Yes,Yes,25,Yes,Yes,No,Yes,Yes,No,No,Yes,Month-to-Month,No,Credit Card,3,No,47
Female,53,No,Yes,Yes,3,Yes,1,Offer A,Yes,11.4,Yes,Yes,27,No,Yes,No,Yes,Yes,No,No,Yes,Two Year,No,Credit Card,4,No,67
Male,42,No,No,No,0,No,0,None,Yes,48.61,No,No,0,No,No,No,No,No,No,No,No,One Year,No,Bank Withdrawal,3,No,39
Male,27,No,No,No,0,No,0,Offer D,Yes,43.5,No,No,0,No,No,No,No,No,No,No,No,Month-to-Month,No,Credit Card,3,No,14
Female,19,No,No,No,0,No,0,Offer D,Yes,34.01,No,Yes,69,No,No,No,Yes,No,Yes,Yes,Yes,One Year,No,Credit Card,4,No,14
Male,57,No,Yes,No,0,Yes,1,Offer D,Yes,21.04,No,Yes,17,Yes,Yes,No,No,No,No,No,Yes,One Year,Yes,Credit Card,3,No,16
Male,40,No,Yes,Yes,1,Yes,1,Offer A,Yes,40.28,Yes,Yes,13,Yes,Yes,No,No,Yes,Yes,Yes,Yes,Month-to-Month,Yes,Bank Withdrawal,4,No,70
Female,51,No,Yes,Yes,3,Yes,6,Offer D,Yes,48.73,No,Yes,75,No,No,Yes,No,No,No,No,Yes,Month-to-Month,Yes,Credit Card,5,No,23
Male,53,No,No,Yes,1,No,0,Offer D,Yes,31.26,Yes,No,0,No,No,No,No,No,No,No,No,Month-to-Month,No,Credit Card,4,No,21
Female,38,No,No,No,0,No,0,None,Yes,46.92,Yes,Yes,5,No,No,Yes,No,No,No,No,No,One Year,No,Bank Withdrawal,3,No,36
Female,48,No,No,No,0,No,0,None,No,0,No,Yes,6,No,Yes,Yes,Yes,No,No,No,Yes,Two Year,No,Credit Card,3,No,50
Female,38,No,Yes,Yes,1,Yes,6,None,No,0,No,Yes,16,No,No,No,Yes,No,No,No,Yes,Month-to-Month,Yes,Credit Card,4,No,48
Female,40,No,No,Yes,3,No,0,None,Yes,18.95,No,No,0,No,No,No,No,No,No,No,No,Two Year,No,Credit Card,3,No,50
Male,34,No,Yes,No,0,Yes,3,Offer A,Yes,45.05,Yes,Yes,9,Yes,Yes,Yes,Yes,No,Yes,Yes,Yes,Two Year,No,Credit Card,3,No,72
Male,61,No,No,Yes,3,No,0,Offer D,Yes,34.47,Yes,No,0,No,No,No,No,No,No,No,No,Month-to-Month,No,Credit Card,3,No,10
Female,44,No,No,No,0,No,0,Offer D,Yes,18.2,No,No,0,No,No,No,No,No,No,No,No,Month-to-Month,No,Credit Card,3,No,18
Male,40,No,No,No,0,No,0,Offer E,Yes,15.53,No,Yes,14,No,No,Yes,No,Yes,Yes,Yes,Yes,Month-to-Month,Yes,Bank Withdrawal,4,No,9
Male,55,No,No,No,0,No,0,Offer E,Yes,27.17,Yes,Yes,23,Yes,No,No,No,No,Yes,Yes,Yes,Month-to-Month,No,Credit Card,3,No,2
Female,61,No,Yes,No,0,Yes,10,None,Yes,39.97,Yes,Yes,17,No,No,No,Yes,No,No,No,Yes,Month-to-Month,Yes,Credit Card,4,No,40
Male,50,No,Yes,No,0,Yes,10,Offer A,Yes,3.81,Yes,Yes,4,No,No,Yes,No,Yes,Yes,Yes,Yes,One Year,No,Bank Withdrawal,4,No,69
Male,29,No,No,Yes,3,No,0,Offer D,Yes,41.08,Yes,Yes,48,No,No,Yes,No,No,No,No,Yes,Month-to-Month,Yes,Credit Card,5,No,18
Male,24,No,Yes,No,0,Yes,5,None,Yes,36.17,No,Yes,69,Yes,No,No,No,No,Yes,Yes,No,One Year,No,Credit Card,4,No,55
Male,35,No,Yes,No,0,Yes,5,None,Yes,31.76,Yes,Yes,7,No,Yes,Yes,No,No,Yes,Yes,Yes,Month-to-Month,Yes,Bank Withdrawal,4,No,33
Female,19,No,No,No,0,No,0,None,Yes,40.32,No,Yes,51,No,No,No,No,No,No,No,Yes,Month-to-Month,No,Bank Withdrawal,5,No,46
Male,54,No,No,No,0,No,0,None,Yes,20.47,Yes,No,0,No,No,No,No,No,No,No,No,Two Year,No,Bank Withdrawal,3,No,34
Female,64,No,No,No,0,No,0,None,Yes,31.81,No,No,0,No,No,No,No,No,No,No,No,Month-to-Month,No,Bank Withdrawal,5,No,3
Male,58,No,Yes,Yes,3,Yes,6,None,Yes,40,No,No,0,No,No,No,No,No,No,No,No,Two Year,No,Credit Card,3,No,30
Female,41,No,No,No,0,No,0,None,Yes,10.28,Yes,Yes,7,Yes,No,No,Yes,No,No,No,Yes,One Year,No,Bank Withdrawal,3,No,33
Male,25,No,Yes,Yes,2,Yes,6,None,Yes,33.45,Yes,Yes,69,No,Yes,Yes,No,No,Yes,Yes,No,One Year,Yes,Credit Card,4,No,45
Male,49,No,No,No,0,No,0,None,Yes,36.98,No,Yes,21,Yes,Yes,No,Yes,No,No,No,Yes,Month-to-Month,Yes,Credit Card,4,No,40
Female,58,No,No,No,0,No,0,Offer A,Yes,17.9,Yes,Yes,21,Yes,Yes,Yes,Yes,Yes,Yes,Yes,Yes,Two Year,Yes,Bank Withdrawal,3,No,71
Female,53,No,Yes,No,0,No,0,Offer A,No,0,No,Yes,6,Yes,Yes,Yes,Yes,Yes,Yes,Yes,Yes,Two Year,No,Bank Withdrawal,4,No,72
Female,59,No,Yes,Yes,3,Yes,5,Offer D,Yes,33.46,No,Yes,29,No,No,No,No,No,Yes,Yes,Yes,Month-to-Month,Yes,Bank Withdrawal,5,No,22
Male,44,No,Yes,No,0,Yes,6,None,Yes,4.72,No,No,0,No,No,No,No,No,No,No,No,One Year,Yes,Bank Withdrawal,3,No,46
Female,53,No,Yes,Yes,3,Yes,8,Offer B,Yes,38.51,No,No,0,No,No,No,No,No,No,No,No,Two Year,No,Credit Card,3,No,55
Male,26,No,No,No,0,No,0,None,Yes,30.09,No,No,0,No,No,No,No,No,No,No,No,Month-to-Month,No,Credit Card,4,No,1
Female,23,No,No,No,0,No,0,Offer D,Yes,49.25,Yes,Yes,47,No,No,No,Yes,Yes,Yes,Yes,Yes,One Year,Yes,Credit Card,4,No,12
Male,43,No,No,No,0,No,0,None,Yes,37.07,Yes,Yes,23,No,Yes,No,No,No,No,No,Yes,Month-to-Month,Yes,Bank Withdrawal,4,No,31
Female,24,No,Yes,No,0,Yes,5,Offer A,Yes,1.36,Yes,Yes,82,Yes,No,No,No,Yes,Yes,Yes,Yes,Two Year,Yes,Bank Withdrawal,3,No,67
Male,45,No,No,No,0,No,0,None,Yes,23.34,No,Yes,16,No,No,No,No,No,No,No,Yes,Month-to-Month,No,Credit Card,3,No,1
Male,61,No,Yes,Yes,2,Yes,4,Offer B,Yes,28.55,Yes,Yes,20,Yes,Yes,Yes,No,Yes,No,No,Yes,Month-to-Month,Yes,Credit Card,3,No,41
Male,48,No,Yes,No,0,Yes,10,Offer B,No,0,No,Yes,8,Yes,No,Yes,Yes,Yes,No,No,Yes,Two Year,No,Credit Card,4,No,42
Male,62,No,Yes,No,0,Yes,2,Offer D,Yes,24.88,No,No,0,No,No,No,No,No,No,No,No,One Year,No,Mailed Check,5,No,23
Female,40,No,No,No,0,No,0,None,Yes,27.59,No,No,0,No,No,No,No,No,No,No,No,Month-to-Month,No,Mailed Check,4,No,1
Female,25,No,No,No,0,No,0,Offer B,Yes,24.77,Yes,Yes,51,Yes,Yes,No,No,Yes,Yes,Yes,Yes,Month-to-Month,Yes,Credit Card,4,No,56
Male,31,No,No,Yes,1,No,0,Offer D,Yes,30.22,Yes,Yes,12,No,Yes,No,No,Yes,No,No,Yes,Month-to-Month,Yes,Bank Withdrawal,4,No,15
Male,55,No,Yes,Yes,3,Yes,8,Offer D,Yes,44.12,Yes,No,0,No,No,No,No,No,No,No,No,Two Year,Yes,Bank Withdrawal,3,No,12
Female,21,No,Yes,No,0,Yes,3,Offer B,Yes,28.17,No,Yes,76,Yes,No,Yes,Yes,No,Yes,Yes,Yes,Two Year,No,Bank Withdrawal,4,No,54
Female,30,No,No,No,0,No,0,None,Yes,48.16,No,Yes,85,No,No,No,No,Yes,Yes,Yes,Yes,Month-to-Month,Yes,Bank Withdrawal,4,No,7
Male,30,No,Yes,Yes,3,Yes,4,Offer D,Yes,38.55,No,No,0,No,No,No,No,No,No,No,No,Month-to-Month,No,Bank Withdrawal,4,No,16
Female,55,No,No,No,0,No,0,Offer D,Yes,30.88,No,Yes,15,Yes,No,Yes,No,No,Yes,Yes,Yes,One Year,No,Mailed Check,3,No,21
Male,45,No,No,No,0,No,0,None,Yes,26.38,No,Yes,25,No,No,No,Yes,No,No,No,Yes,Month-to-Month,Yes,Mailed Check,4,No,3
Male,27,No,No,No,0,No,0,Offer D,Yes,18.33,No,Yes,76,No,No,Yes,No,No,No,No,Yes,Month-to-Month,No,Bank Withdrawal,3,No,11
Female,39,No,No,No,0,No,0,Offer B,Yes,36.84,Yes,Yes,13,Yes,Yes,Yes,Yes,Yes,Yes,Yes,Yes,One Year,Yes,Credit Card,4,No,62
Male,42,No,No,No,0,No,0,Offer D,Yes,33.16,No,No,0,No,No,No,No,No,No,No,No,Month-to-Month,No,Bank Withdrawal,5,No,18
Male,20,No,No,Yes,1,No,0,None,Yes,17.53,No,No,0,No,No,No,No,No,No,No,No,Month-to-Month,No,Credit Card,4,No,6
Female,45,No,No,No,0,No,0,Offer B,Yes,27.97,Yes,Yes,22,No,No,Yes,No,Yes,Yes,Yes,Yes,One Year,Yes,Bank Withdrawal,4,No,46
Male,46,No,No,No,0,No,0,None,Yes,49.05,Yes,Yes,9,No,No,No,No,No,Yes,Yes,Yes,Month-to-Month,Yes,Bank Withdrawal,4,No,21
Male,45,No,No,No,0,No,0,None,Yes,37.79,Yes,No,0,No,No,No,No,No,No,No,No,Two Year,Yes,Bank Withdrawal,4,No,68
Female,19,No,No,No,0,No,0,None,Yes,29.13,Yes,Yes,51,No,No,No,No,No,No,No,Yes,Month-to-Month,Yes,Bank Withdrawal,4,No,1
Female,26,No,Yes,No,0,Yes,7,None,Yes,37.1,No,Yes,82,No,No,Yes,No,No,No,No,Yes,Month-to-Month,Yes,Bank Withdrawal,5,No,25
Female,57,No,No,Yes,1,No,0,None,Yes,34.24,No,No,0,No,No,No,No,No,No,No,No,Two Year,No,Mailed Check,3,No,24
Male,31,No,Yes,No,0,Yes,3,Offer B,Yes,29.4,Yes,Yes,21,No,Yes,Yes,No,Yes,Yes,Yes,No,One Year,Yes,Bank Withdrawal,3,No,51
Female,33,No,Yes,No,0,Yes,2,Offer B,Yes,10.05,Yes,Yes,16,Yes,No,Yes,Yes,Yes,Yes,Yes,Yes,Two Year,Yes,Bank Withdrawal,3,No,57
Female,52,No,No,No,0,No,0,None,Yes,40.97,Yes,No,0,No,No,No,No,No,No,No,No,Two Year,No,Bank Withdrawal,5,No,15
Female,25,No,Yes,No,0,Yes,9,None,Yes,16.05,No,Yes,46,Yes,Yes,Yes,Yes,Yes,Yes,Yes,Yes,Two Year,Yes,Bank Withdrawal,3,No,72
Male,25,No,Yes,No,0,Yes,10,None,Yes,33.57,Yes,Yes,52,No,Yes,Yes,No,Yes,No,No,Yes,Month-to-Month,No,Credit Card,5,No,28
Male,52,No,Yes,Yes,2,Yes,10,None,Yes,49.67,No,Yes,19,Yes,Yes,Yes,Yes,Yes,No,No,Yes,Two Year,Yes,Credit Card,3,No,70
Female,52,No,No,No,0,No,0,None,Yes,26.57,No,No,0,No,No,No,No,No,No,No,No,One Year,No,Mailed Check,5,No,13
Female,49,No,Yes,No,0,Yes,6,Offer B,Yes,13.32,No,Yes,22,Yes,No,Yes,Yes,Yes,Yes,Yes,Yes,Two Year,No,Mailed Check,4,No,62
Female,30,No,No,No,0,No,0,None,Yes,7.41,No,Yes,51,Yes,No,Yes,Yes,No,No,No,Yes,One Year,Yes,Bank Withdrawal,4,No,21
Female,28,No,No,No,0,No,0,None,Yes,15.25,No,Yes,82,No,No,Yes,No,No,Yes,Yes,Yes,Month-to-Month,No,Bank Withdrawal,5,No,2
Female,38,No,No,No,0,No,0,None,Yes,45.59,No,Yes,5,No,No,No,No,No,No,No,Yes,Month-to-Month,No,Credit Card,5,No,1
Male,63,No,No,No,0,No,0,None,Yes,44.36,No,Yes,20,No,No,Yes,No,No,Yes,Yes,Yes,Month-to-Month,No,Bank Withdrawal,5,No,4
Female,45,No,No,No,0,No,0,None,Yes,18.57,No,No,0,No,No,No,No,No,No,No,No,One Year,No,Credit Card,4,No,19
Male,48,No,Yes,Yes,2,Yes,6,None,Yes,5.48,No,No,0,No,No,No,No,No,No,No,No,Two Year,Yes,Credit Card,5,No,67
Male,35,No,Yes,No,0,Yes,8,Offer B,Yes,34.46,No,No,0,No,No,No,No,No,No,No,No,Two Year,No,Credit Card,3,No,53
Female,54,No,No,No,0,No,0,None,Yes,37.97,No,No,0,No,No,No,No,No,No,No,No,One Year,No,Bank Withdrawal,4,No,5
Female,53,No,Yes,No,0,Yes,9,Offer B,Yes,46.49,Yes,Yes,11,No,Yes,Yes,Yes,Yes,Yes,Yes,Yes,One Year,Yes,Credit Card,3,No,50
Male,38,No,Yes,Yes,1,Yes,3,Offer B,Yes,42.16,Yes,Yes,19,No,No,Yes,Yes,Yes,Yes,Yes,Yes,Two Year,Yes,Bank Withdrawal,3,No,56
Male,61,No,No,No,0,No,0,None,Yes,6.34,No,Yes,28,No,No,No,Yes,No,No,No,No,Month-to-Month,Yes,Credit Card,4,No,2
Male,40,No,Yes,Yes,2,Yes,9,Offer B,Yes,26.12,No,No,0,No,No,No,No,No,No,No,No,Two Year,No,Credit Card,5,No,46
Male,42,No,Yes,No,0,Yes,4,None,Yes,6.19,Yes,Yes,9,Yes,Yes,Yes,Yes,Yes,Yes,Yes,Yes,Two Year,Yes,Bank Withdrawal,3,No,71
Female,30,No,No,No,0,No,0,None,No,0,No,Yes,59,No,No,No,Yes,No,No,No,Yes,Month-to-Month,Yes,Bank Withdrawal,5,No,29
Male,23,No,Yes,Yes,3,Yes,1,None,Yes,33.09,Yes,No,0,No,No,No,No,No,No,No,No,Two Year,No,Bank Withdrawal,5,No,69
Male,32,No,Yes,No,0,Yes,4,None,Yes,15.12,Yes,Yes,30,No,Yes,Yes,Yes,Yes,Yes,Yes,Yes,Two Year,No,Credit Card,4,No,71
Male,38,No,No,No,0,No,0,Offer B,Yes,48.63,No,No,0,No,No,No,No,No,No,No,No,One Year,Yes,Mailed Check,4,No,56
Female,22,No,Yes,No,0,Yes,7,None,Yes,43.36,Yes,No,0,No,No,No,No,No,No,No,No,One Year,No,Mailed Check,3,No,28
Female,47,No,Yes,Yes,2,Yes,6,None,Yes,46.91,No,No,0,No,No,No,No,No,No,No,No,Month-to-Month,No,Mailed Check,4,No,19
Male,21,No,Yes,No,0,Yes,4,None,Yes,7.67,Yes,Yes,69,No,No,No,Yes,No,Yes,Yes,Yes,Month-to-Month,No,Bank Withdrawal,3,No,66
Female,52,No,Yes,No,0,Yes,6,None,Yes,47.59,Yes,Yes,25,No,No,Yes,Yes,No,No,No,Yes,One Year,Yes,Mailed Check,5,No,17
Male,61,No,Yes,Yes,2,Yes,6,Offer B,Yes,49.51,Yes,No,0,No,No,No,No,No,No,No,No,Two Year,No,Mailed Check,3,No,52
Female,19,No,No,No,0,No,0,None,Yes,24.35,No,Yes,69,No,Yes,No,No,Yes,No,No,Yes,One Year,No,Bank Withdrawal,4,No,19
Female,26,No,No,No,0,No,0,None,Yes,13.9,No,Yes,73,Yes,Yes,Yes,Yes,Yes,Yes,Yes,No,One Year,No,Bank Withdrawal,4,No,36
Male,22,No,Yes,Yes,2,Yes,9,None,Yes,41.18,Yes,Yes,52,Yes,Yes,Yes,Yes,No,Yes,Yes,Yes,One Year,Yes,Credit Card,3,No,72
Male,38,No,Yes,No,0,Yes,7,None,Yes,22.34,No,No,0,No,No,No,No,No,No,No,No,Month-to-Month,Yes,Bank Withdrawal,5,No,8
Female,44,No,No,No,0,No,0,None,Yes,1.85,Yes,Yes,13,No,No,Yes,Yes,Yes,Yes,Yes,Yes,Two Year,No,Bank Withdrawal,5,No,69
Female,57,No,Yes,No,0,Yes,7,Offer B,Yes,20.79,Yes,Yes,7,Yes,No,Yes,No,Yes,Yes,Yes,Yes,One Year,Yes,Mailed Check,3,No,50
Male,58,No,No,No,0,No,0,None,Yes,15.71,No,No,0,No,No,No,No,No,No,No,No,One Year,No,Credit Card,3,No,10
Female,39,No,Yes,Yes,2,Yes,4,None,Yes,39.59,Yes,No,0,No,No,No,No,No,No,No,No,Two Year,No,Credit Card,3,No,12
Female,46,No,Yes,No,0,Yes,8,None,No,0,No,Yes,26,Yes,No,Yes,Yes,No,Yes,Yes,Yes,Two Year,Yes,Bank Withdrawal,3,No,70
Female,31,No,Yes,No,0,Yes,9,None,Yes,36.36,Yes,Yes,3,Yes,Yes,Yes,Yes,Yes,Yes,Yes,Yes,Two Year,No,Credit Card,3,No,66
Female,40,No,Yes,No,0,No,0,None,Yes,38.22,No,Yes,23,Yes,No,Yes,Yes,Yes,Yes,Yes,Yes,Two Year,Yes,Credit Card,3,No,71
Male,48,No,Yes,No,0,Yes,2,None,Yes,29.8,No,Yes,14,Yes,Yes,No,Yes,Yes,Yes,Yes,No,Two Year,Yes,Bank Withdrawal,3,No,72
Female,64,No,Yes,No,0,Yes,10,None,Yes,4.71,No,Yes,29,Yes,Yes,Yes,Yes,No,No,No,Yes,Two Year,No,Credit Card,4,No,71
Male,34,No,Yes,Yes,1,Yes,9,None,Yes,24.22,Yes,Yes,14,No,No,Yes,No,Yes,Yes,Yes,Yes,Month-to-Month,Yes,Credit Card,3,No,38
Male,62,No,No,No,0,No,0,None,No,0,No,Yes,30,No,Yes,No,No,Yes,No,No,Yes,One Year,Yes,Bank Withdrawal,4,No,33
Female,27,No,Yes,No,0,Yes,10,None,No,0,No,Yes,42,Yes,No,No,Yes,No,No,No,Yes,Two Year,No,Credit Card,4,No,23
Male,54,No,Yes,No,0,Yes,3,Offer B,Yes,27.93,No,No,0,No,No,No,No,No,No,No,No,One Year,Yes,Bank Withdrawal,3,No,58
Male,40,No,Yes,No,0,Yes,2,None,Yes,28.47,No,Yes,5,No,No,No,No,No,No,No,No,Month-to-Month,No,Bank Withdrawal,5,No,4
Male,24,No,Yes,Yes,2,Yes,3,Offer B,Yes,39.03,No,No,0,No,No,No,No,No,No,No,No,Two Year,No,Credit Card,3,No,45
Male,26,No,Yes,Yes,2,Yes,2,None,Yes,32.3,No,No,0,No,No,No,No,No,No,No,No,Two Year,No,Credit Card,5,No,36
Male,61,No,No,No,0,No,0,Offer B,Yes,27.62,No,Yes,24,Yes,Yes,No,Yes,Yes,No,No,Yes,Month-to-Month,Yes,Credit Card,4,No,54
Male,33,No,Yes,No,0,Yes,6,None,Yes,13.79,Yes,Yes,17,No,Yes,No,Yes,No,No,No,Yes,Two Year,No,Credit Card,5,No,23
Female,28,No,Yes,No,0,Yes,8,Offer B,Yes,18.84,Yes,Yes,26,Yes,Yes,Yes,No,Yes,No,No,Yes,One Year,Yes,Credit Card,3,No,41
Male,25,No,Yes,No,0,Yes,3,None,No,0,No,Yes,27,No,Yes,Yes,No,No,Yes,Yes,No,One Year,Yes,Credit Card,4,No,27
Female,50,No,No,No,0,No,0,None,Yes,2.7,No,Yes,14,No,No,No,Yes,Yes,Yes,Yes,Yes,Month-to-Month,Yes,Bank Withdrawal,4,No,1
Female,55,No,Yes,No,0,Yes,5,None,No,0,No,Yes,30,Yes,No,No,Yes,No,No,No,Yes,Two Year,No,Credit Card,3,No,67
Female,40,No,Yes,Yes,2,Yes,9,None,Yes,29.06,Yes,No,0,No,No,No,No,No,No,No,No,Two Year,Yes,Credit Card,5,No,56
Male,44,No,Yes,No,0,Yes,7,None,Yes,32.22,Yes,No,0,No,No,No,No,No,No,No,No,One Year,No,Bank Withdrawal,3,No,44
Female,51,No,Yes,No,0,Yes,3,None,Yes,14.69,Yes,Yes,6,No,No,Yes,Yes,Yes,Yes,Yes,No,Two Year,No,Bank Withdrawal,5,No,69
Female,48,No,No,No,0,No,0,None,Yes,26.03,No,No,0,No,No,No,No,No,No,No,No,Two Year,No,Credit Card,4,No,40
Male,50,No,Yes,Yes,2,Yes,6,None,Yes,12.49,Yes,Yes,19,Yes,No,No,No,No,No,No,Yes,Month-to-Month,Yes,Bank Withdrawal,4,No,30
Female,38,No,No,No,0,No,0,None,Yes,47.61,No,Yes,12,No,No,No,Yes,Yes,Yes,Yes,Yes,Month-to-Month,No,Credit Card,3,No,11
Female,58,No,No,No,0,No,0,None,Yes,9.74,No,No,0,No,No,No,No,No,No,No,No,One Year,No,Credit Card,5,No,15
Male,35,No,No,No,0,No,0,None,Yes,16.14,No,Yes,8,No,No,Yes,No,Yes,Yes,Yes,Yes,Month-to-Month,Yes,Bank Withdrawal,3,No,11
Female,47,No,Yes,No,0,Yes,7,None,Yes,23.25,No,No,0,No,No,No,No,No,No,No,No,One Year,No,Bank Withdrawal,5,No,64
Female,42,No,No,Yes,3,No,0,None,Yes,2.98,No,Yes,26,Yes,No,No,No,No,No,No,Yes,Month-to-Month,No,Credit Card,3,No,1
Female,26,No,No,No,0,No,0,Offer D,Yes,20.11,No,Yes,73,Yes,Yes,Yes,Yes,No,No,Yes,Yes,One Year,No,Credit Card,3,No,15
Female,32,No,No,No,0,No,0,None,Yes,16.11,Yes,Yes,18,No,No,Yes,Yes,Yes,Yes,Yes,Yes,One Year,No,Credit Card,5,No,60
Male,57,No,No,No,0,No,0,None,Yes,21.61,No,Yes,27,Yes,No,Yes,No,No,No,No,Yes,One Year,No,Credit Card,3,No,56
Female,31,No,No,No,0,No,0,None,Yes,11.46,No,No,0,No,No,No,No,No,No,No,No,Two Year,No,Credit Card,5,No,8
Female,19,No,Yes,No,0,Yes,6,None,Yes,28.42,Yes,Yes,41,No,No,No,No,No,No,Yes,No,Month-to-Month,Yes,Credit Card,4,No,49
Male,51,No,No,No,0,No,0,Offer A,Yes,14.63,Yes,Yes,30,Yes,Yes,Yes,Yes,Yes,Yes,Yes,Yes,Two Year,Yes,Bank Withdrawal,3,No,70
Female,25,No,Yes,No,0,Yes,6,Offer A,Yes,24.85,Yes,Yes,47,Yes,Yes,Yes,Yes,Yes,Yes,Yes,Yes,Two Year,Yes,Credit Card,3,No,72
Female,42,No,No,No,0,No,0,None,Yes,22.89,No,No,0,No,No,No,No,No,No,No,No,Two Year,Yes,Bank Withdrawal,3,No,40
Male,44,No,No,Yes,3,No,0,Offer E,Yes,42.55,No,Yes,25,No,No,Yes,No,No,No,No,Yes,Month-to-Month,Yes,Bank Withdrawal,4,No,1
Male,33,No,Yes,No,0,Yes,2,None,Yes,9.81,No,No,0,No,No,No,No,No,No,No,No,One Year,No,Credit Card,5,No,30
Male,20,No,No,Yes,1,No,0,Offer E,Yes,33.28,No,Yes,69,Yes,No,Yes,No,No,No,Yes,Yes,Month-to-Month,No,Credit Card,4,No,3
Female,37,No,No,No,0,No,0,Offer E,Yes,45.74,No,Yes,30,No,Yes,No,No,Yes,No,No,No,Month-to-Month,Yes,Credit Card,4,No,5
Female,49,No,Yes,Yes,2,Yes,6,Offer A,Yes,2.71,Yes,Yes,20,Yes,No,Yes,Yes,Yes,Yes,Yes,Yes,Two Year,No,Credit Card,4,No,72
Female,27,No,Yes,No,0,Yes,5,None,Yes,29.66,Yes,Yes,76,Yes,Yes,Yes,Yes,Yes,Yes,Yes,Yes,Two Year,No,Credit Card,3,No,54
Male,57,No,Yes,No,0,Yes,2,Offer A,Yes,10.97,Yes,Yes,30,No,Yes,Yes,Yes,Yes,Yes,Yes,Yes,Two Year,No,Bank Withdrawal,4,No,72
Male,53,No,Yes,Yes,1,Yes,5,Offer A,Yes,21.56,Yes,Yes,17,No,No,Yes,No,No,No,No,Yes,Two Year,Yes,Credit Card,4,No,69
Female,58,No,No,No,0,No,0,None,Yes,13.03,No,Yes,5,Yes,Yes,No,No,No,No,No,Yes,Two Year,No,Credit Card,4,No,48
Female,54,No,Yes,No,0,Yes,4,Offer E,Yes,9.88,Yes,Yes,4,No,No,No,Yes,No,Yes,Yes,No,Month-to-Month,Yes,Bank Withdrawal,3,No,8
Male,59,No,Yes,No,0,Yes,7,Offer A,Yes,46.53,Yes,Yes,3,Yes,Yes,Yes,Yes,Yes,Yes,Yes,Yes,Two Year,Yes,Credit Card,3,No,71
Male,40,No,Yes,No,0,Yes,8,Offer A,Yes,31.41,No,Yes,23,Yes,Yes,No,No,Yes,Yes,Yes,Yes,One Year,Yes,Credit Card,3,No,67
Male,28,No,Yes,Yes,2,Yes,9,None,Yes,42.74,Yes,Yes,52,No,Yes,No,No,Yes,Yes,Yes,Yes,Month-to-Month,Yes,Bank Withdrawal,3,No,34
Female,53,No,No,No,0,No,0,Offer E,Yes,34.76,No,Yes,21,No,No,No,No,No,No,No,Yes,Month-to-Month,Yes,Bank Withdrawal,5,No,3
Female,37,No,Yes,No,0,Yes,2,None,Yes,42.39,No,Yes,16,No,Yes,No,Yes,Yes,No,No,Yes,One Year,Yes,Credit Card,3,No,9
Male,23,No,Yes,Yes,3,Yes,1,Offer A,Yes,14.14,No,Yes,59,Yes,Yes,Yes,No,Yes,Yes,Yes,Yes,One Year,Yes,Bank Withdrawal,4,No,71
Male,34,No,No,No,0,No,0,None,Yes,30.77,Yes,Yes,10,No,No,No,Yes,Yes,No,No,No,Two Year,Yes,Credit Card,5,No,57
Male,36,No,No,No,0,No,0,Offer A,No,0,No,Yes,14,Yes,Yes,Yes,Yes,Yes,Yes,Yes,Yes,Two Year,Yes,Bank Withdrawal,3,No,72
Male,28,No,No,No,0,No,0,Offer D,Yes,38.73,No,No,0,No,No,No,No,No,No,No,No,One Year,No,Credit Card,5,No,18
Male,20,No,Yes,Yes,2,No,0,None,Yes,22.83,Yes,Yes,47,No,No,Yes,Yes,Yes,Yes,Yes,Yes,One Year,Yes,Credit Card,5,No,43
Female,62,No,Yes,No,0,Yes,2,Offer A,Yes,1.72,Yes,Yes,7,Yes,Yes,Yes,Yes,Yes,Yes,Yes,Yes,Two Year,Yes,Bank Withdrawal,3,No,72
Male,61,No,Yes,No,0,Yes,10,None,Yes,13.39,Yes,Yes,20,No,No,No,Yes,Yes,Yes,Yes,Yes,One Year,Yes,Bank Withdrawal,4,No,35
Male,28,No,No,No,0,No,0,None,Yes,45.37,No,No,0,No,No,No,No,No,No,No,No,Month-to-Month,No,Credit Card,5,No,4
Female,23,No,Yes,Yes,2,Yes,8,None,Yes,33.65,Yes,No,0,No,No,No,No,No,No,No,No,Two Year,No,Credit Card,3,No,49
Female,61,No,Yes,Yes,2,Yes,5,Offer A,Yes,36.5,Yes,Yes,19,Yes,Yes,Yes,No,Yes,No,No,Yes,Two Year,No,Bank Withdrawal,4,No,71
Male,44,No,Yes,Yes,1,Yes,9,Offer D,Yes,38.48,No,Yes,19,No,No,No,No,Yes,Yes,Yes,Yes,Month-to-Month,No,Bank Withdrawal,5,No,11
Male,39,No,Yes,No,0,Yes,6,None,Yes,44.55,Yes,Yes,29,Yes,Yes,Yes,Yes,Yes,Yes,Yes,Yes,Two Year,Yes,Credit Card,3,No,63
Female,60,No,No,Yes,3,No,0,None,Yes,31.7,No,No,0,No,No,No,No,No,No,No,No,Two Year,No,Credit Card,4,No,49
Female,30,No,Yes,Yes,2,Yes,1,None,Yes,28.55,No,No,0,No,No,No,No,No,No,No,No,Month-to-Month,Yes,Bank Withdrawal,4,No,4
Female,21,No,Yes,No,0,Yes,2,Offer A,Yes,11.85,Yes,Yes,82,No,Yes,Yes,Yes,Yes,Yes,Yes,Yes,One Year,No,Credit Card,4,No,72
Female,47,No,No,No,0,No,0,None,Yes,38.94,Yes,Yes,7,No,Yes,No,Yes,No,Yes,Yes,Yes,One Year,No,Bank Withdrawal,4,No,57
Male,52,No,Yes,Yes,2,Yes,2,None,Yes,9.31,Yes,Yes,19,No,Yes,No,No,No,Yes,Yes,Yes,Month-to-Month,No,Bank Withdrawal,3,No,28
Female,56,No,Yes,No,0,Yes,10,None,Yes,3.6,Yes,No,0,No,No,No,No,No,No,No,No,One Year,Yes,Credit Card,5,No,25
Female,49,No,Yes,No,0,Yes,1,None,Yes,6.56,No,Yes,11,Yes,No,Yes,No,Yes,No,No,No,One Year,Yes,Credit Card,4,No,47
Female,35,No,Yes,Yes,1,Yes,3,None,Yes,1.54,Yes,Yes,15,Yes,Yes,No,Yes,No,No,No,Yes,Month-to-Month,No,Bank Withdrawal,3,No,57
Male,24,No,No,No,0,No,0,None,Yes,41.29,No,Yes,51,Yes,No,Yes,No,No,No,No,Yes,Month-to-Month,Yes,Credit Card,3,No,5
Male,48,No,Yes,Yes,2,No,0,Offer A,Yes,8.53,No,No,0,No,No,No,No,No,No,No,No,Two Year,No,Bank Withdrawal,3,No,72
Female,43,No,Yes,Yes,3,Yes,3,None,No,0,No,Yes,22,Yes,No,Yes,No,No,Yes,Yes,Yes,One Year,No,Credit Card,3,No,48
Female,46,No,Yes,No,0,Yes,8,Offer A,Yes,23.14,Yes,Yes,21,Yes,Yes,Yes,Yes,Yes,Yes,Yes,Yes,Two Year,No,Bank Withdrawal,3,No,68
Female,22,No,No,No,0,No,0,None,Yes,42.49,Yes,Yes,73,Yes,No,No,Yes,Yes,Yes,Yes,No,Month-to-Month,No,Bank Withdrawal,4,No,30
Female,61,No,Yes,No,0,Yes,2,None,Yes,2.66,No,Yes,7,No,No,No,No,No,No,No,Yes,Month-to-Month,Yes,Mailed Check,4,No,3
Female,57,No,No,Yes,2,No,0,None,Yes,27.37,No,No,0,No,No,No,No,No,No,No,No,Month-to-Month,Yes,Bank Withdrawal,5,No,4
Female,58,No,Yes,Yes,2,Yes,9,Offer A,Yes,27.26,Yes,Yes,12,No,Yes,Yes,No,No,Yes,Yes,Yes,Two Year,Yes,Credit Card,5,No,71
Male,43,No,Yes,No,0,Yes,6,None,Yes,23.18,Yes,No,0,No,No,No,No,No,No,No,No,One Year,No,Mailed Check,5,No,8
Male,24,No,Yes,Yes,1,Yes,3,None,No,0,No,Yes,76,Yes,No,Yes,No,No,No,No,No,Month-to-Month,No,Bank Withdrawal,3,No,61
Male,31,No,Yes,Yes,3,Yes,7,Offer A,Yes,8.51,Yes,Yes,24,No,Yes,Yes,Yes,No,No,No,Yes,Two Year,No,Bank Withdrawal,3,No,72
Female,29,No,No,No,0,No,0,None,Yes,48.49,Yes,Yes,85,No,No,No,No,Yes,No,No,Yes,Month-to-Month,Yes,Bank Withdrawal,4,No,5
Female,37,No,No,No,0,No,0,None,Yes,20.45,No,Yes,23,Yes,Yes,Yes,Yes,No,No,No,Yes,Two Year,No,Bank Withdrawal,3,No,49
Male,28,No,No,No,0,No,0,Offer E,Yes,22.15,No,No,0,No,No,No,No,No,No,No,No,Month-to-Month,Yes,Bank Withdrawal,4,No,8
Male,60,No,No,No,0,No,0,Offer E,Yes,49.63,No,Yes,26,No,No,No,No,No,Yes,Yes,Yes,Month-to-Month,Yes,Bank Withdrawal,5,No,3
Male,53,No,Yes,Yes,3,Yes,9,Offer E,Yes,2.68,No,No,0,No,No,No,No,No,No,No,No,Two Year,No,Mailed Check,3,No,9
Male,42,No,Yes,Yes,2,Yes,1,Offer A,Yes,10.9,No,Yes,26,Yes,Yes,No,No,No,No,No,No,Two Year,Yes,Bank Withdrawal,4,No,67
Male,36,No,No,No,0,No,0,Offer B,Yes,24.13,No,Yes,16,No,No,No,No,No,No,No,Yes,Month-to-Month,Yes,Credit Card,5,No,46
Female,23,No,Yes,No,0,Yes,10,Offer A,Yes,4.71,Yes,Yes,58,Yes,Yes,Yes,No,No,Yes,Yes,Yes,One Year,No,Mailed Check,4,No,67
Female,54,No,Yes,No,0,Yes,8,Offer B,Yes,3.28,No,No,0,No,No,No,No,No,No,No,No,One Year,No,Bank Withdrawal,3,No,55
Male,54,No,Yes,No,0,Yes,1,None,Yes,19.11,Yes,Yes,21,Yes,Yes,Yes,No,Yes,No,No,Yes,Month-to-Month,Yes,Bank Withdrawal,3,No,33
Male,64,No,Yes,Yes,1,Yes,5,Offer B,Yes,20.96,No,No,0,No,No,No,No,No,No,No,No,Two Year,No,Credit Card,5,No,62
Male,24,No,Yes,Yes,2,Yes,8,Offer B,No,0,No,Yes,47,Yes,No,No,No,No,Yes,Yes,Yes,Month-to-Month,Yes,Bank Withdrawal,4,No,49
Male,37,No,No,No,0,No,0,Offer E,Yes,18.57,No,Yes,26,No,No,No,No,No,No,No,No,Month-to-Month,Yes,Bank Withdrawal,4,No,1
Male,37,No,Yes,No,0,Yes,8,Offer D,Yes,45.57,Yes,Yes,10,No,Yes,Yes,No,No,No,No,Yes,Month-to-Month,Yes,Bank Withdrawal,5,No,14
Female,43,No,Yes,No,0,Yes,1,Offer A,Yes,24.89,Yes,Yes,5,Yes,Yes,Yes,Yes,Yes,Yes,Yes,Yes,Two Year,Yes,Credit Card,3,No,72
Male,38,No,No,No,0,No,0,Offer B,Yes,36.54,Yes,Yes,14,Yes,No,Yes,Yes,No,Yes,Yes,Yes,Two Year,No,Credit Card,4,No,64
Male,29,No,Yes,No,0,Yes,9,Offer A,Yes,3.41,Yes,Yes,41,Yes,Yes,Yes,Yes,Yes,Yes,Yes,Yes,Two Year,Yes,Bank Withdrawal,4,No,69
Female,30,No,No,No,0,No,0,Offer E,Yes,43.84,Yes,No,0,No,No,No,No,No,No,No,No,Month-to-Month,Yes,Bank Withdrawal,3,No,1
Male,48,No,Yes,Yes,3,Yes,1,Offer A,Yes,15.71,Yes,Yes,57,Yes,Yes,Yes,Yes,Yes,Yes,Yes,No,Two Year,No,Credit Card,3,No,71
Female,34,No,Yes,Yes,2,Yes,1,Offer A,Yes,48.11,No,Yes,27,No,No,No,Yes,No,No,No,Yes,One Year,Yes,Credit Card,3,No,66
Male,32,No,No,No,0,No,0,Offer E,Yes,15.16,No,No,0,No,No,No,No,No,No,No,No,Month-to-Month,No,Credit Card,5,No,2
Male,29,No,No,No,0,No,0,Offer D,Yes,27.84,No,Yes,59,No,Yes,No,No,Yes,No,No,Yes,One Year,Yes,Bank Withdrawal,3,No,11
Male,52,No,No,Yes,2,No,0,Offer B,Yes,25.25,No,Yes,17,Yes,Yes,No,No,No,No,No,Yes,Month-to-Month,Yes,Bank Withdrawal,3,No,47
Male,57,No,Yes,Yes,1,Yes,1,Offer B,Yes,2.83,Yes,Yes,19,No,Yes,No,Yes,Yes,Yes,Yes,Yes,Month-to-Month,Yes,Bank Withdrawal,4,No,60
Male,22,No,No,No,0,No,0,Offer D,Yes,33.48,No,No,0,No,No,No,No,No,No,No,No,One Year,No,Mailed Check,4,No,11
Female,47,No,No,No,0,No,0,None,No,0,No,Yes,28,Yes,Yes,No,Yes,No,No,No,Yes,One Year,No,Credit Card,3,No,29
Male,23,No,Yes,Yes,9,Yes,1,Offer D,No,0,No,Yes,59,No,No,No,No,No,No,No,Yes,Month-to-Month,Yes,Bank Withdrawal,5,No,21
Female,44,No,No,Yes,3,No,0,None,No,0,No,Yes,53,No,Yes,No,No,No,No,No,Yes,Month-to-Month,No,Mailed Check,3,No,3
Female,41,No,Yes,Yes,2,Yes,1,Offer B,Yes,14.64,No,Yes,19,No,Yes,No,No,No,No,No,Yes,Month-to-Month,No,Mailed Check,4,No,43
Male,34,No,No,No,0,No,0,Offer E,Yes,44.65,Yes,Yes,30,No,Yes,Yes,No,Yes,Yes,Yes,Yes,Month-to-Month,No,Bank Withdrawal,3,No,5
Female,63,No,No,No,0,No,0,Offer E,Yes,6.43,No,Yes,27,No,No,No,No,No,Yes,Yes,No,Month-to-Month,Yes,Bank Withdrawal,4,No,1
Male,57,No,Yes,Yes,3,No,0,Offer A,Yes,23.41,Yes,Yes,53,Yes,No,Yes,Yes,Yes,Yes,Yes,Yes,One Year,No,Bank Withdrawal,4,No,71
Female,20,No,Yes,No,0,Yes,1,Offer E,Yes,28.37,No,No,0,No,No,No,No,No,No,No,No,One Year,No,Bank Withdrawal,4,No,8
Male,38,No,No,No,0,No,0,Offer E,Yes,48.2,Yes,Yes,22,No,No,No,No,Yes,No,No,Yes,Month-to-Month,Yes,Bank Withdrawal,3,No,8
Male,38,No,No,No,0,No,0,Offer D,Yes,25.41,Yes,Yes,27,No,No,Yes,No,Yes,No,No,Yes,Month-to-Month,Yes,Credit Card,4,No,20
Male,44,No,No,No,0,No,0,Offer A,Yes,41.34,Yes,Yes,10,No,Yes,No,No,No,No,No,Yes,One Year,Yes,Credit Card,4,No,71
Female,31,No,Yes,Yes,2,Yes,6,Offer E,No,0,No,Yes,20,No,Yes,No,No,No,No,No,Yes,Month-to-Month,Yes,Mailed Check,3,No,2
Female,24,No,Yes,No,0,Yes,10,Offer D,No,0,No,Yes,82,No,No,Yes,No,Yes,Yes,Yes,Yes,Month-to-Month,Yes,Bank Withdrawal,3,No,12
Female,46,No,No,Yes,1,No,0,None,Yes,42.1,No,Yes,16,Yes,No,Yes,Yes,No,Yes,Yes,Yes,Month-to-Month,No,Bank Withdrawal,3,No,9
Male,46,No,No,Yes,1,No,0,None,Yes,27.78,No,No,0,No,No,No,No,No,No,No,No,Month-to-Month,No,Mailed Check,3,No,6
Female,50,No,Yes,No,0,Yes,2,None,Yes,23.06,No,Yes,6,Yes,Yes,Yes,Yes,Yes,Yes,Yes,Yes,One Year,Yes,Bank Withdrawal,3,No,71
Female,21,No,Yes,Yes,3,Yes,5,Offer B,Yes,6.37,Yes,Yes,69,Yes,Yes,No,No,Yes,No,No,No,One Year,Yes,Credit Card,3,No,42
Female,24,No,Yes,Yes,1,Yes,2,Offer B,Yes,40.19,No,No,0,No,No,No,No,No,No,No,No,Two Year,No,Mailed Check,4,No,45
Male,58,No,Yes,Yes,3,Yes,8,None,No,0,No,Yes,52,No,Yes,Yes,Yes,Yes,Yes,Yes,Yes,One Year,Yes,Credit Card,5,No,28
Female,41,No,Yes,No,0,Yes,7,Offer B,Yes,41.83,Yes,Yes,15,No,Yes,No,No,No,No,No,Yes,Month-to-Month,No,Bank Withdrawal,4,No,43
Male,28,No,No,Yes,1,No,0,Offer B,Yes,49.96,Yes,Yes,85,Yes,No,Yes,Yes,Yes,Yes,Yes,Yes,Two Year,Yes,Bank Withdrawal,3,No,60
Male,46,No,Yes,Yes,2,Yes,4,None,No,0,No,Yes,28,Yes,No,Yes,Yes,No,Yes,Yes,Yes,Two Year,No,Credit Card,3,No,7
Female,21,No,Yes,No,0,Yes,2,None,Yes,10.49,No,No,0,No,No,No,No,No,No,No,No,One Year,Yes,Bank Withdrawal,3,No,25
Male,23,No,No,No,0,No,0,Offer C,Yes,8.86,Yes,Yes,73,No,No,Yes,No,Yes,Yes,Yes,No,One Year,Yes,Bank Withdrawal,3,No,27
Male,53,No,No,No,0,No,0,Offer D,No,0,No,Yes,22,No,Yes,No,Yes,No,No,No,Yes,Month-to-Month,No,Bank Withdrawal,3,No,10
Female,33,No,No,No,0,No,0,Offer D,Yes,7.42,No,Yes,17,No,No,Yes,Yes,No,No,No,Yes,One Year,No,Bank Withdrawal,5,No,11
Male,56,No,Yes,Yes,3,Yes,3,None,No,0,No,Yes,53,Yes,No,No,No,Yes,No,No,Yes,Month-to-Month,No,Credit Card,4,No,4
Male,19,No,No,No,0,No,0,None,No,0,No,Yes,58,No,No,Yes,No,No,Yes,Yes,Yes,Month-to-Month,Yes,Bank Withdrawal,4,No,68
Female,38,No,No,No,0,No,0,Offer D,Yes,18.8,No,No,0,No,No,No,No,No,No,No,No,One Year,No,Mailed Check,4,No,18
Male,57,No,No,No,0,No,0,Offer C,Yes,13.34,No,No,0,No,No,No,No,No,No,No,No,Month-to-Month,Yes,Bank Withdrawal,5,No,26
Female,48,No,Yes,No,0,Yes,5,Offer D,No,0,No,Yes,23,No,Yes,Yes,No,No,No,No,Yes,Month-to-Month,Yes,Credit Card,3,No,17
Male,35,No,No,No,0,No,0,Offer C,Yes,47.06,No,Yes,24,Yes,No,Yes,No,No,No,No,Yes,Two Year,Yes,Mailed Check,3,No,30
Male,61,No,No,No,0,No,0,None,No,0,No,Yes,14,Yes,No,Yes,Yes,No,Yes,Yes,Yes,One Year,No,Mailed Check,4,No,9
Female,44,No,Yes,Yes,3,Yes,1,None,Yes,30.34,No,No,0,No,No,No,No,No,No,No,No,Month-to-Month,No,Credit Card,4,No,3
Female,44,No,No,Yes,1,No,0,Offer D,Yes,44.14,No,Yes,24,No,No,Yes,No,Yes,No,No,Yes,Month-to-Month,Yes,Credit Card,4,No,14
Female,38,No,No,No,0,No,0,None,Yes,15.84,No,Yes,14,Yes,Yes,Yes,No,No,No,No,Yes,Month-to-Month,No,Bank Withdrawal,3,No,7
Male,61,No,Yes,No,0,Yes,8,Offer D,Yes,14.69,No,No,0,No,No,No,No,No,No,No,No,One Year,No,Bank Withdrawal,3,No,17
Male,22,No,Yes,Yes,3,Yes,5,Offer C,Yes,35.05,No,No,0,No,No,No,No,No,No,No,No,Month-to-Month,Yes,Credit Card,4,No,32
Female,27,No,Yes,Yes,3,Yes,9,None,Yes,33.39,Yes,Yes,52,Yes,Yes,Yes,No,Yes,Yes,Yes,No,Two Year,No,Credit Card,4,No,72
Female,56,No,Yes,Yes,2,Yes,6,Offer C,Yes,46.66,No,Yes,28,Yes,No,No,No,No,No,No,Yes,Month-to-Month,No,Credit Card,3,No,27
Male,55,No,No,No,0,No,0,Offer E,Yes,34.59,No,Yes,12,No,No,Yes,No,No,No,No,Yes,Month-to-Month,Yes,Bank Withdrawal,3,No,7
Male,25,No,Yes,Yes,1,Yes,7,Offer D,Yes,21.14,No,Yes,47,No,No,Yes,No,Yes,No,No,Yes,Month-to-Month,Yes,Bank Withdrawal,3,No,11
Female,62,No,Yes,Yes,1,Yes,9,None,Yes,46.63,Yes,Yes,14,Yes,No,Yes,Yes,Yes,Yes,Yes,Yes,Two Year,Yes,Bank Withdrawal,4,No,72
Female,30,No,No,No,0,No,0,None,Yes,2.66,Yes,No,0,No,No,No,No,No,No,No,No,Two Year,No,Bank Withdrawal,5,No,71
Male,28,No,Yes,Yes,2,Yes,3,Offer B,Yes,15.68,Yes,No,0,No,No,No,No,No,No,No,No,Two Year,No,Credit Card,4,No,47
Male,23,No,No,No,0,No,0,Offer E,Yes,35.21,No,No,0,No,No,No,No,No,No,No,No,Month-to-Month,Yes,Credit Card,3,No,8
Female,20,No,Yes,Yes,2,Yes,3,Offer B,Yes,13.26,No,No,0,No,No,No,No,No,No,No,No,Two Year,No,Credit Card,5,No,48
Female,30,No,No,No,0,No,0,None,Yes,10,No,No,0,No,No,No,No,No,No,No,No,One Year,No,Bank Withdrawal,4,No,70
Male,61,No,No,Yes,1,No,0,None,Yes,20.1,No,Yes,21,Yes,Yes,No,Yes,No,Yes,Yes,Yes,Month-to-Month,Yes,Bank Withdrawal,3,No,1
Male,62,No,Yes,No,0,Yes,1,Offer E,Yes,39.59,Yes,Yes,16,No,No,No,No,No,Yes,Yes,No,Month-to-Month,Yes,Bank Withdrawal,4,No,8
Male,37,No,Yes,Yes,3,Yes,4,Offer B,Yes,15.65,No,No,0,No,No,No,No,No,No,No,No,Two Year,No,Credit Card,3,No,60
Male,61,No,Yes,Yes,1,Yes,7,Offer B,Yes,16.02,Yes,Yes,18,No,No,No,Yes,Yes,Yes,Yes,Yes,One Year,Yes,Bank Withdrawal,3,No,49
Female,30,No,No,No,0,No,0,Offer C,Yes,32.43,No,No,0,No,No,No,No,No,No,No,No,One Year,No,Credit Card,5,No,29
Female,55,No,Yes,No,0,Yes,1,None,Yes,35.34,Yes,No,0,No,No,No,No,No,No,No,No,Two Year,Yes,Credit Card,5,No,67
Male,38,No,Yes,No,0,Yes,8,None,Yes,28.06,Yes,Yes,15,Yes,Yes,Yes,Yes,No,No,No,Yes,Two Year,No,Credit Card,3,No,67
Female,40,No,Yes,Yes,1,Yes,1,Offer E,Yes,6.48,No,No,0,No,No,No,No,No,No,No,No,Month-to-Month,No,Credit Card,3,No,6
Female,51,No,No,No,0,No,0,Offer B,Yes,14.54,Yes,Yes,10,No,Yes,Yes,No,Yes,Yes,Yes,Yes,Month-to-Month,Yes,Bank Withdrawal,4,No,47
Female,46,No,No,No,0,No,0,Offer B,Yes,43.57,No,Yes,13,Yes,Yes,Yes,Yes,No,Yes,Yes,Yes,Two Year,No,Credit Card,3,No,53
Male,41,No,Yes,No,0,Yes,10,None,Yes,48.37,No,Yes,7,Yes,Yes,Yes,Yes,Yes,Yes,Yes,Yes,Two Year,Yes,Credit Card,3,No,69
Male,54,No,No,No,0,No,0,Offer E,Yes,18.26,No,Yes,29,Yes,No,No,No,No,Yes,Yes,Yes,Month-to-Month,Yes,Credit Card,4,No,3
Male,38,No,No,No,0,No,0,Offer E,Yes,30.07,No,Yes,29,No,No,No,No,No,No,No,Yes,Month-to-Month,No,Credit Card,3,No,4
Male,33,No,Yes,Yes,1,Yes,6,Offer B,Yes,37.58,Yes,Yes,26,Yes,Yes,No,Yes,No,Yes,Yes,Yes,Two Year,Yes,Credit Card,3,No,56
Female,38,No,Yes,No,0,Yes,8,Offer E,Yes,15.5,No,Yes,12,No,No,No,No,No,No,No,Yes,Month-to-Month,Yes,Bank Withdrawal,4,No,2
Male,57,No,Yes,Yes,1,Yes,6,None,Yes,46.06,No,No,0,No,No,No,No,No,No,No,No,Month-to-Month,No,Credit Card,3,No,12
Female,44,No,Yes,Yes,1,Yes,7,Offer C,Yes,26.28,Yes,Yes,19,No,No,No,Yes,No,Yes,Yes,Yes,One Year,Yes,Bank Withdrawal,3,No,28
Male,50,No,No,No,0,No,0,Offer C,Yes,23.71,No,Yes,4,Yes,Yes,No,Yes,No,No,No,Yes,Month-to-Month,No,Bank Withdrawal,5,No,24
Female,57,No,Yes,Yes,3,Yes,8,None,Yes,7.47,Yes,Yes,29,Yes,Yes,Yes,Yes,No,Yes,Yes,Yes,One Year,Yes,Bank Withdrawal,5,No,68
Male,21,No,No,Yes,1,No,0,Offer C,Yes,14.72,Yes,Yes,85,No,No,No,Yes,Yes,Yes,Yes,Yes,Two Year,No,Credit Card,3,No,39
Female,37,No,Yes,No,0,No,0,Offer B,Yes,5.95,No,No,0,No,No,No,No,No,No,No,No,Month-to-Month,No,Credit Card,3,No,42
Female,56,No,Yes,No,0,Yes,1,None,Yes,23.35,Yes,Yes,8,No,Yes,No,No,No,Yes,Yes,Yes,Month-to-Month,Yes,Bank Withdrawal,4,No,6
Female,47,No,Yes,No,0,Yes,1,Offer C,Yes,10.54,No,No,0,No,No,No,No,No,No,No,No,One Year,Yes,Credit Card,4,No,38
Male,64,No,No,No,0,No,0,None,Yes,26.26,No,No,0,No,No,No,No,No,No,No,No,Two Year,No,Credit Card,3,No,18
Female,34,No,Yes,No,0,Yes,1,None,Yes,29.14,No,No,0,No,No,No,No,No,No,No,No,Month-to-Month,No,Credit Card,4,No,4
Male,32,No,Yes,No,0,Yes,1,Offer C,Yes,41.48,No,Yes,15,No,Yes,No,Yes,No,No,No,Yes,Month-to-Month,Yes,Bank Withdrawal,4,No,27
Male,44,No,No,Yes,1,No,0,None,Yes,13.76,No,Yes,11,Yes,Yes,Yes,No,Yes,No,No,Yes,One Year,No,Credit Card,4,No,41
Male,29,No,Yes,Yes,1,Yes,1,None,Yes,31.83,No,Yes,47,Yes,No,No,Yes,Yes,Yes,Yes,No,One Year,No,Bank Withdrawal,3,No,50
Male,24,No,Yes,Yes,1,Yes,1,None,Yes,22.78,No,No,0,No,No,No,No,No,No,No,No,Two Year,No,Bank Withdrawal,3,No,72
Female,35,No,No,No,0,No,0,None,Yes,31.33,Yes,No,0,No,No,No,No,No,No,No,No,One Year,No,Credit Card,5,No,70
Male,37,No,Yes,Yes,2,Yes,1,None,Yes,34.94,No,No,0,No,No,No,No,No,No,No,No,One Year,No,Bank Withdrawal,5,No,44
Female,43,No,Yes,Yes,1,Yes,1,Offer C,Yes,41.72,No,No,0,No,No,No,No,No,No,No,No,One Year,Yes,Bank Withdrawal,5,No,34
Male,20,No,Yes,No,0,Yes,9,None,Yes,32.18,Yes,No,0,No,No,No,No,No,No,No,No,Two Year,Yes,Bank Withdrawal,4,No,71
Female,42,No,No,No,0,No,0,None,Yes,5.68,Yes,Yes,24,No,Yes,Yes,Yes,Yes,Yes,Yes,No,Two Year,Yes,Credit Card,5,No,64
Female,45,No,Yes,No,0,Yes,9,None,Yes,49.51,Yes,No,0,No,No,No,No,No,No,No,No,Two Year,Yes,Bank Withdrawal,3,No,72
Female,38,No,Yes,No,0,Yes,3,None,Yes,31.39,No,Yes,29,Yes,No,Yes,Yes,No,Yes,Yes,Yes,One Year,Yes,Bank Withdrawal,3,No,23
Male,19,No,Yes,Yes,3,Yes,10,None,Yes,40.76,No,No,0,No,No,No,No,No,No,No,No,Two Year,No,Credit Card,5,No,52
Female,51,No,No,No,0,No,0,None,Yes,44.31,Yes,Yes,4,Yes,Yes,Yes,Yes,Yes,Yes,Yes,Yes,Two Year,Yes,Bank Withdrawal,3,No,64
Male,39,No,No,No,0,No,0,Offer C,Yes,25.68,Yes,Yes,6,No,Yes,No,No,Yes,Yes,Yes,Yes,Month-to-Month,Yes,Bank Withdrawal,3,No,24
Male,39,No,Yes,No,0,No,0,None,Yes,49.41,Yes,Yes,20,No,No,Yes,No,Yes,No,No,No,Month-to-Month,Yes,Bank Withdrawal,5,No,2
Female,41,No,Yes,Yes,2,Yes,9,Offer C,Yes,9.09,No,Yes,16,Yes,Yes,Yes,Yes,Yes,Yes,Yes,Yes,Two Year,No,Credit Card,3,No,34
Male,43,No,Yes,Yes,3,Yes,7,None,Yes,31.86,Yes,Yes,56,No,No,Yes,Yes,Yes,Yes,Yes,Yes,One Year,Yes,Credit Card,4,No,53
Female,64,No,Yes,Yes,1,Yes,8,None,Yes,37.35,No,No,0,No,No,No,No,No,No,No,No,Two Year,No,Credit Card,5,No,47
Male,22,No,No,Yes,1,No,0,None,Yes,31.93,No,No,0,No,No,No,No,No,No,No,No,Two Year,No,Credit Card,4,No,72
Male,25,No,Yes,Yes,3,Yes,1,None,Yes,20.79,Yes,Yes,59,Yes,Yes,No,Yes,No,Yes,Yes,Yes,Two Year,Yes,Credit Card,3,No,72
Female,45,No,No,No,0,No,0,None,Yes,39.02,No,Yes,25,No,No,Yes,Yes,Yes,Yes,Yes,Yes,Month-to-Month,Yes,Bank Withdrawal,3,No,7
Female,59,No,Yes,No,0,Yes,10,None,Yes,33,Yes,No,0,No,No,No,No,No,No,No,No,Two Year,Yes,Credit Card,5,No,71
Male,39,No,Yes,Yes,2,Yes,2,Offer A,No,0,No,Yes,17,Yes,No,No,No,Yes,Yes,Yes,Yes,Two Year,No,Credit Card,4,No,67
Male,51,No,Yes,No,0,Yes,8,Offer A,Yes,33.37,Yes,Yes,24,Yes,Yes,Yes,Yes,No,Yes,Yes,Yes,One Year,Yes,Credit Card,4,No,69
Male,33,No,No,No,0,No,0,Offer A,Yes,2.56,Yes,Yes,25,Yes,Yes,Yes,Yes,Yes,Yes,Yes,Yes,Two Year,No,Bank Withdrawal,3,No,72
Male,31,No,Yes,Yes,1,Yes,10,None,No,0,No,Yes,29,No,No,No,Yes,Yes,No,No,Yes,Two Year,Yes,Bank Withdrawal,5,No,34
Female,48,No,Yes,Yes,1,Yes,7,None,Yes,2.95,Yes,No,0,No,No,No,No,No,No,No,No,Two Year,No,Credit Card,3,No,65
Female,60,No,No,No,0,No,0,Offer A,Yes,44.57,Yes,Yes,26,Yes,Yes,Yes,Yes,Yes,Yes,Yes,Yes,Two Year,Yes,Credit Card,4,No,70
Female,61,No,Yes,Yes,1,Yes,10,Offer A,No,0,No,Yes,14,Yes,No,Yes,No,Yes,Yes,Yes,Yes,Two Year,Yes,Credit Card,3,No,72
Male,23,No,No,Yes,2,No,0,None,Yes,10.11,No,Yes,73,No,No,No,Yes,Yes,Yes,Yes,Yes,One Year,Yes,Credit Card,4,No,35
Female,46,No,Yes,No,0,Yes,3,None,Yes,25.09,Yes,Yes,17,Yes,No,Yes,No,Yes,Yes,Yes,Yes,One Year,No,Bank Withdrawal,3,No,12
Female,58,No,Yes,Yes,2,Yes,5,None,Yes,42.05,No,Yes,20,Yes,No,Yes,Yes,Yes,No,No,Yes,One Year,Yes,Bank Withdrawal,3,No,62
Female,26,No,No,No,0,No,0,None,Yes,21.67,No,Yes,48,Yes,No,No,Yes,Yes,Yes,Yes,Yes,Month-to-Month,Yes,Credit Card,3,No,25
Female,63,No,No,No,0,No,0,None,No,0,No,Yes,7,Yes,Yes,No,Yes,No,No,No,No,Two Year,No,Credit Card,3,No,52
Male,33,No,No,No,0,No,0,None,Yes,1.81,No,No,0,No,No,No,No,No,No,No,No,Month-to-Month,No,Credit Card,3,No,2
Female,58,No,Yes,Yes,3,Yes,10,None,Yes,35.38,No,No,0,No,No,No,No,No,No,No,No,Two Year,No,Credit Card,4,No,56
Female,27,No,No,No,0,No,0,None,Yes,35.81,No,No,0,No,No,No,No,No,No,No,No,Month-to-Month,No,Bank Withdrawal,4,No,12
Female,20,No,Yes,No,0,Yes,7,None,Yes,11.68,Yes,No,0,No,No,No,No,No,No,No,No,One Year,No,Bank Withdrawal,4,No,47
Female,30,No,No,No,0,No,0,None,Yes,17.33,No,Yes,69,No,No,Yes,No,No,No,No,No,Month-to-Month,Yes,Credit Card,5,No,18
Female,43,No,No,No,0,No,0,None,Yes,46.78,No,Yes,24,Yes,No,No,No,Yes,No,No,Yes,Month-to-Month,Yes,Bank Withdrawal,3,No,8
Male,49,No,Yes,No,0,Yes,8,None,Yes,22.8,Yes,Yes,15,Yes,No,Yes,No,No,No,No,Yes,Month-to-Month,Yes,Credit Card,3,No,45
Male,35,No,No,No,0,No,0,None,Yes,20.37,No,Yes,17,No,No,No,No,No,No,No,Yes,Month-to-Month,No,Credit Card,5,No,3
Female,22,No,No,No,0,No,0,None,Yes,40.64,No,No,0,No,No,No,No,No,No,No,No,One Year,No,Credit Card,3,No,38
Male,46,No,Yes,No,0,Yes,2,Offer A,Yes,47.82,Yes,Yes,21,Yes,Yes,Yes,Yes,Yes,Yes,Yes,Yes,Two Year,Yes,Bank Withdrawal,3,No,72
Female,43,No,Yes,Yes,2,Yes,4,Offer A,Yes,15.73,Yes,Yes,17,Yes,Yes,Yes,No,Yes,No,No,Yes,Two Year,Yes,Credit Card,3,No,71
Male,33,No,Yes,Yes,4,Yes,9,Offer A,No,0,No,Yes,23,No,No,No,Yes,Yes,Yes,Yes,No,Two Year,No,Bank Withdrawal,4,No,66
Female,44,No,Yes,Yes,3,Yes,5,None,Yes,35.19,Yes,No,0,No,No,No,No,No,No,No,No,Two Year,Yes,Bank Withdrawal,4,No,13
Female,52,No,Yes,Yes,3,Yes,1,None,Yes,10.11,Yes,Yes,26,Yes,Yes,Yes,Yes,Yes,Yes,Yes,Yes,Two Year,No,Bank Withdrawal,3,No,65
Male,19,No,Yes,Yes,3,Yes,2,None,Yes,46.47,No,No,0,No,No,No,No,No,No,No,No,Two Year,No,Credit Card,3,No,15
Female,21,No,Yes,No,0,Yes,1,Offer A,Yes,13.27,Yes,No,0,No,No,No,No,No,No,No,No,Two Year,No,Credit Card,3,No,72
Female,42,No,Yes,Yes,3,Yes,1,None,Yes,12.6,No,Yes,26,No,No,Yes,Yes,Yes,Yes,Yes,Yes,Two Year,Yes,Bank Withdrawal,5,No,42
Female,61,No,Yes,No,0,Yes,1,Offer A,Yes,48.01,Yes,No,0,No,No,No,No,No,No,No,No,Two Year,No,Bank Withdrawal,4,No,71
Female,31,No,No,No,0,No,0,None,Yes,37.81,No,No,0,No,No,No,No,No,No,No,No,Month-to-Month,No,Bank Withdrawal,5,No,35
Female,38,No,Yes,Yes,2,Yes,1,None,Yes,43.39,No,Yes,29,No,Yes,Yes,Yes,Yes,Yes,Yes,Yes,Month-to-Month,Yes,Bank Withdrawal,4,No,53
Male,41,No,No,No,0,No,0,None,Yes,33.68,No,No,0,No,No,No,No,No,No,No,No,Two Year,No,Credit Card,5,No,48
Male,56,No,No,No,0,No,0,None,Yes,4.42,No,No,0,No,No,No,No,No,No,No,No,Month-to-Month,No,Credit Card,5,No,10
Female,62,No,No,Yes,2,No,0,None,Yes,16.96,Yes,Yes,18,No,Yes,Yes,No,Yes,Yes,Yes,Yes,Month-to-Month,Yes,Bank Withdrawal,3,No,12
Female,47,No,Yes,No,0,No,0,None,Yes,40.16,No,Yes,20,Yes,Yes,No,No,Yes,No,No,No,Month-to-Month,Yes,Credit Card,3,No,58
Female,49,No,No,No,0,No,0,None,Yes,41.99,No,No,0,No,No,No,No,No,No,No,No,Two Year,No,Credit Card,5,No,37
Female,21,No,Yes,Yes,2,Yes,1,None,Yes,4.17,No,No,0,No,No,No,No,No,No,No,No,Month-to-Month,No,Credit Card,5,No,44
Male,26,No,No,Yes,3,No,0,None,Yes,17.3,No,No,0,No,No,No,No,No,No,No,No,One Year,No,Credit Card,3,No,27
Female,52,No,No,No,0,No,0,None,Yes,20.9,No,Yes,6,No,No,No,Yes,No,No,No,Yes,Month-to-Month,No,Bank Withdrawal,4,No,8
Female,37,No,Yes,Yes,3,Yes,1,None,Yes,32.37,Yes,Yes,28,No,Yes,No,No,Yes,Yes,Yes,Yes,Month-to-Month,Yes,Bank Withdrawal,3,No,57
Female,38,No,No,No,0,No,0,None,Yes,18.12,No,No,0,No,No,No,No,No,No,No,No,Month-to-Month,No,Credit Card,4,No,12
Female,57,No,Yes,Yes,2,Yes,1,None,Yes,2.41,No,No,0,No,No,No,No,No,No,No,No,Two Year,No,Bank Withdrawal,5,No,62
Female,25,No,Yes,No,0,Yes,1,None,Yes,27.69,Yes,Yes,52,No,Yes,Yes,Yes,Yes,Yes,Yes,Yes,Two Year,Yes,Bank Withdrawal,5,No,65
Female,30,No,Yes,No,0,Yes,1,Offer A,Yes,26.58,Yes,Yes,27,No,No,Yes,Yes,Yes,Yes,Yes,Yes,Two Year,Yes,Bank Withdrawal,5,No,71
Female,63,No,Yes,Yes,3,Yes,1,None,Yes,35.72,No,Yes,30,No,Yes,No,No,Yes,No,No,Yes,One Year,Yes,Credit Card,4,No,21
Male,53,No,Yes,No,0,Yes,9,Offer A,Yes,49.32,Yes,Yes,9,Yes,Yes,Yes,No,Yes,Yes,Yes,Yes,One Year,Yes,Bank Withdrawal,3,No,71
Female,56,No,No,No,0,No,0,None,Yes,30.06,No,Yes,10,No,No,Yes,No,No,No,No,No,Month-to-Month,Yes,Bank Withdrawal,3,No,7
Female,23,No,No,No,0,No,0,Offer A,Yes,23.02,No,Yes,69,Yes,Yes,Yes,Yes,No,Yes,Yes,Yes,Two Year,Yes,Credit Card,4,No,72
Female,53,No,No,No,0,No,0,None,Yes,1.15,No,Yes,23,No,No,No,No,No,No,No,Yes,Month-to-Month,No,Bank Withdrawal,4,No,1
Female,61,No,Yes,Yes,2,Yes,6,Offer A,Yes,35.21,Yes,Yes,10,No,Yes,Yes,Yes,No,Yes,Yes,Yes,Two Year,Yes,Bank Withdrawal,4,No,72
Female,48,No,Yes,Yes,3,Yes,3,Offer B,Yes,39.37,Yes,Yes,53,No,Yes,Yes,Yes,Yes,Yes,Yes,Yes,One Year,Yes,Bank Withdrawal,5,No,64
Female,56,No,No,No,0,No,0,Offer A,Yes,48.37,Yes,Yes,5,Yes,Yes,Yes,Yes,Yes,Yes,Yes,Yes,Two Year,Yes,Bank Withdrawal,4,No,72
Female,33,No,No,No,0,No,0,None,Yes,10.67,Yes,Yes,12,No,No,Yes,No,Yes,Yes,Yes,Yes,Month-to-Month,No,Bank Withdrawal,4,No,29
Female,23,No,No,No,0,No,0,None,Yes,6.56,No,No,0,No,No,No,No,No,No,No,No,Two Year,Yes,Credit Card,5,No,13
Female,23,No,No,No,0,No,0,None,Yes,45.71,Yes,Yes,58,Yes,Yes,No,No,Yes,Yes,Yes,Yes,Month-to-Month,No,Bank Withdrawal,4,No,31
Female,43,No,Yes,Yes,3,Yes,8,Offer D,Yes,9.77,Yes,Yes,21,No,Yes,No,Yes,Yes,Yes,Yes,Yes,Month-to-Month,No,Credit Card,3,No,14
Female,47,No,No,No,0,No,0,Offer A,Yes,44.21,Yes,Yes,22,Yes,Yes,Yes,Yes,Yes,Yes,Yes,Yes,Two Year,Yes,Bank Withdrawal,3,No,72
Male,47,No,Yes,Yes,1,No,0,None,Yes,18.87,No,No,0,No,No,No,No,No,No,No,No,One Year,No,Bank Withdrawal,5,No,25
Male,22,No,No,No,0,No,0,Offer D,Yes,48.68,No,Yes,48,Yes,No,Yes,Yes,Yes,No,No,Yes,Month-to-Month,Yes,Bank Withdrawal,3,No,18
Male,21,No,Yes,No,0,Yes,6,Offer A,Yes,28.02,No,Yes,27,No,Yes,Yes,Yes,Yes,Yes,Yes,Yes,Two Year,Yes,Credit Card,5,No,71
Female,56,No,No,Yes,1,No,0,None,Yes,5.3,Yes,Yes,11,Yes,No,No,No,No,No,No,Yes,Month-to-Month,No,Credit Card,4,No,2
Male,48,No,Yes,Yes,3,Yes,1,Offer D,Yes,29.87,Yes,Yes,53,No,Yes,Yes,Yes,No,No,No,Yes,Month-to-Month,Yes,Mailed Check,3,No,17
Male,32,No,No,No,0,No,0,Offer B,Yes,37.15,Yes,Yes,13,Yes,Yes,No,No,No,No,No,Yes,Month-to-Month,Yes,Bank Withdrawal,5,No,56
Female,31,No,Yes,No,0,Yes,7,Offer B,No,0,No,Yes,4,Yes,Yes,Yes,No,No,Yes,Yes,Yes,One Year,No,Bank Withdrawal,3,No,60
Female,60,No,No,No,0,No,0,None,Yes,36.5,Yes,No,0,No,No,No,No,No,No,No,No,Two Year,No,Credit Card,4,No,33
Female,49,No,No,No,0,No,0,None,Yes,43.06,No,Yes,9,Yes,Yes,No,Yes,No,No,No,Yes,Month-to-Month,Yes,Credit Card,3,No,1
Male,52,No,Yes,No,0,Yes,8,Offer B,Yes,12.96,Yes,Yes,7,Yes,No,No,Yes,No,No,No,No,Two Year,Yes,Credit Card,4,No,63
Female,63,No,No,No,0,No,0,Offer B,Yes,27,No,Yes,20,No,Yes,Yes,No,No,Yes,Yes,Yes,Two Year,Yes,Mailed Check,3,No,55
Female,35,No,Yes,No,0,Yes,8,Offer B,Yes,36.62,Yes,Yes,6,Yes,Yes,No,Yes,Yes,No,No,Yes,One Year,Yes,Bank Withdrawal,4,No,65
Male,28,No,No,No,0,No,0,Offer B,Yes,4.01,Yes,No,0,No,No,No,No,No,No,No,No,Two Year,No,Mailed Check,4,No,63
Female,19,No,Yes,Yes,3,Yes,5,None,No,0,No,Yes,71,Yes,No,Yes,Yes,No,No,No,Yes,Two Year,No,Credit Card,4,No,36
Male,37,No,No,No,0,No,0,Offer D,Yes,48.07,No,Yes,18,No,Yes,Yes,Yes,No,Yes,Yes,Yes,Month-to-Month,Yes,Bank Withdrawal,5,No,22
Female,50,No,No,No,0,No,0,None,Yes,11.96,No,No,0,No,No,No,No,No,No,No,No,Month-to-Month,No,Credit Card,5,No,1
Male,55,No,No,No,0,No,0,Offer B,Yes,49.36,No,Yes,21,No,Yes,Yes,Yes,Yes,Yes,Yes,Yes,Two Year,Yes,Credit Card,5,No,56
Female,40,No,No,No,0,No,0,Offer E,Yes,43.27,No,No,0,No,No,No,No,No,No,No,No,Month-to-Month,Yes,Mailed Check,4,No,2
Male,48,No,No,No,0,No,0,None,Yes,20.61,Yes,Yes,16,Yes,No,Yes,No,No,No,No,Yes,Month-to-Month,Yes,Bank Withdrawal,3,No,35
Female,44,No,Yes,No,0,Yes,5,Offer B,Yes,6.81,Yes,No,0,No,No,No,No,No,No,No,No,Two Year,No,Credit Card,5,No,64
Female,44,No,No,No,0,No,0,Offer D,Yes,6.22,Yes,Yes,4,Yes,No,Yes,No,No,No,No,Yes,Month-to-Month,Yes,Credit Card,3,No,15
Male,23,No,No,No,0,No,0,Offer E,Yes,33.32,No,Yes,48,No,No,No,No,No,Yes,Yes,No,Month-to-Month,No,Mailed Check,5,No,1
Female,35,No,Yes,Yes,3,Yes,9,Offer A,Yes,39.53,No,Yes,53,Yes,No,No,Yes,Yes,Yes,Yes,Yes,Two Year,No,Credit Card,3,No,70
Female,62,No,No,No,0,No,0,None,Yes,6.77,No,Yes,17,No,No,No,Yes,No,Yes,Yes,Yes,One Year,No,Bank Withdrawal,4,No,39
Female,32,No,No,No,0,No,0,None,Yes,17.87,Yes,Yes,26,Yes,No,No,No,No,Yes,Yes,Yes,Month-to-Month,Yes,Bank Withdrawal,3,No,29
Female,38,No,Yes,Yes,3,Yes,2,Offer D,Yes,44.55,No,No,0,No,No,No,No,No,No,No,No,Two Year,No,Mailed Check,5,No,14
Female,57,No,No,No,0,No,0,Offer B,Yes,4.51,Yes,Yes,24,Yes,No,Yes,Yes,Yes,Yes,Yes,Yes,Two Year,No,Credit Card,4,No,61
Male,28,No,No,Yes,1,No,0,Offer D,Yes,19.17,No,Yes,59,Yes,No,No,No,No,No,Yes,Yes,Month-to-Month,Yes,Credit Card,3,No,13
Female,64,No,No,No,0,No,0,Offer A,No,0,No,Yes,29,Yes,Yes,Yes,Yes,No,No,No,No,Two Year,Yes,Mailed Check,3,No,66
Female,52,No,Yes,No,0,Yes,7,Offer B,Yes,40.47,Yes,Yes,4,Yes,Yes,Yes,No,Yes,Yes,Yes,Yes,One Year,Yes,Credit Card,4,No,59
Male,19,No,Yes,Yes,3,Yes,6,Offer B,Yes,15.76,Yes,Yes,59,Yes,Yes,No,No,Yes,No,Yes,Yes,One Year,Yes,Credit Card,4,No,62
Male,48,No,No,Yes,2,No,0,Offer A,Yes,12.48,No,Yes,23,No,Yes,Yes,Yes,Yes,Yes,Yes,Yes,Two Year,Yes,Credit Card,4,No,66
Female,41,No,No,No,0,No,0,Offer A,Yes,19.6,Yes,Yes,15,Yes,Yes,Yes,Yes,Yes,Yes,Yes,Yes,Two Year,No,Credit Card,3,No,72
Female,21,No,Yes,Yes,1,Yes,2,Offer B,Yes,18.42,Yes,Yes,47,Yes,No,No,Yes,Yes,No,Yes,Yes,One Year,Yes,Mailed Check,3,No,51
Male,25,No,No,No,0,No,0,Offer B,Yes,22.73,Yes,Yes,73,No,Yes,No,Yes,Yes,Yes,Yes,No,Month-to-Month,No,Bank Withdrawal,4,No,63
Male,31,No,No,No,0,No,0,None,Yes,33.4,No,No,0,No,No,No,No,No,No,No,No,One Year,No,Bank Withdrawal,5,No,27
Male,59,No,Yes,Yes,1,Yes,10,Offer B,Yes,32.02,No,No,0,No,No,No,No,No,No,No,No,Two Year,No,Mailed Check,5,No,42
Female,28,No,No,No,0,No,0,None,Yes,21.19,No,No,0,No,No,No,No,No,No,No,No,One Year,No,Mailed Check,4,No,29
Male,62,No,No,No,0,No,0,None,Yes,24.57,No,No,0,No,No,No,No,No,No,No,No,One Year,No,Mailed Check,4,No,30
Male,35,No,Yes,Yes,3,Yes,9,Offer A,Yes,22.83,No,Yes,53,Yes,Yes,Yes,Yes,Yes,Yes,Yes,Yes,Two Year,No,Bank Withdrawal,3,No,71
Male,63,No,Yes,No,0,Yes,6,Offer B,No,0,No,Yes,26,Yes,No,Yes,Yes,No,No,No,No,Two Year,No,Credit Card,3,No,46
Male,48,No,No,No,0,No,0,Offer A,Yes,44.57,Yes,Yes,28,No,Yes,No,Yes,Yes,Yes,Yes,Yes,One Year,Yes,Bank Withdrawal,3,No,69
Female,48,No,Yes,No,0,Yes,10,Offer A,Yes,41.68,Yes,Yes,28,Yes,Yes,Yes,No,Yes,No,No,Yes,Two Year,No,Bank Withdrawal,3,No,72
Male,26,No,No,No,0,No,0,None,Yes,45.24,No,Yes,59,No,No,Yes,Yes,No,Yes,Yes,Yes,Month-to-Month,No,Bank Withdrawal,3,No,28
Female,32,No,No,No,0,No,0,None,Yes,6.83,No,Yes,17,Yes,No,No,No,No,Yes,Yes,Yes,One Year,Yes,Bank Withdrawal,3,No,7
Female,64,No,No,No,0,No,0,Offer D,Yes,31.53,No,Yes,11,Yes,No,No,No,No,No,No,Yes,Month-to-Month,Yes,Bank Withdrawal,3,No,22
Male,57,No,No,No,0,No,0,None,Yes,45.75,No,No,0,No,No,No,No,No,No,No,No,Two Year,No,Bank Withdrawal,4,No,72
Male,58,No,Yes,Yes,3,Yes,6,Offer E,Yes,26.17,No,No,0,No,No,No,No,No,No,No,No,Month-to-Month,No,Credit Card,4,No,8
Male,64,No,Yes,No,0,Yes,6,Offer B,Yes,41.34,Yes,Yes,24,Yes,Yes,Yes,Yes,No,Yes,Yes,Yes,One Year,Yes,Credit Card,4,No,52
Female,21,No,No,No,0,No,0,None,No,0,No,Yes,58,Yes,No,Yes,Yes,No,No,No,Yes,Two Year,No,Credit Card,3,No,68
Female,46,No,Yes,No,0,Yes,7,None,Yes,9.06,Yes,Yes,30,Yes,Yes,Yes,Yes,Yes,Yes,Yes,Yes,Two Year,No,Bank Withdrawal,4,No,71
Male,27,No,No,No,0,No,0,Offer E,Yes,27.47,No,No,0,No,No,No,No,No,No,No,No,Month-to-Month,No,Credit Card,3,No,2
Female,54,No,No,No,0,No,0,None,No,0,No,Yes,21,No,No,No,No,No,No,No,No,Month-to-Month,No,Bank Withdrawal,4,No,35
Female,21,No,Yes,Yes,1,Yes,8,None,Yes,42.11,No,No,0,No,No,No,No,No,No,No,No,One Year,No,Credit Card,4,No,61
Male,62,No,No,No,0,No,0,Offer E,Yes,13.4,No,Yes,17,No,No,No,No,No,No,No,Yes,Month-to-Month,No,Bank Withdrawal,5,No,1
Female,29,No,Yes,Yes,5,Yes,3,None,Yes,31.99,No,Yes,59,No,No,Yes,No,No,Yes,Yes,Yes,One Year,No,Credit Card,4,No,53
Female,37,No,Yes,No,0,Yes,4,None,Yes,12.58,Yes,No,0,No,No,No,No,No,No,No,No,Two Year,No,Bank Withdrawal,5,No,72
Female,44,No,Yes,No,0,Yes,6,None,Yes,35.86,No,No,0,No,No,No,No,No,No,No,No,One Year,No,Credit Card,5,No,24
Male,47,No,No,No,0,No,0,Offer E,No,0,No,Yes,8,Yes,No,No,No,No,No,No,No,Month-to-Month,No,Credit Card,4,No,8
Male,28,No,No,No,0,No,0,Offer E,Yes,42.17,No,No,0,No,No,No,No,No,No,No,No,Month-to-Month,Yes,Credit Card,3,No,1
Female,26,No,No,No,0,No,0,None,Yes,11.76,Yes,Yes,52,No,No,Yes,Yes,No,Yes,Yes,Yes,Two Year,Yes,Bank Withdrawal,3,No,54
Male,23,No,No,No,0,No,0,None,Yes,41.21,Yes,No,0,No,No,No,No,No,No,No,No,Month-to-Month,Yes,Bank Withdrawal,4,No,41
Female,33,No,Yes,No,0,No,0,Offer D,Yes,34.51,No,Yes,22,No,No,No,No,No,No,No,Yes,Month-to-Month,No,Credit Card,5,No,19
Female,35,No,Yes,Yes,1,Yes,4,None,Yes,30,Yes,Yes,19,Yes,Yes,Yes,Yes,Yes,Yes,Yes,Yes,Two Year,No,Bank Withdrawal,4,No,72
Male,21,No,No,No,0,No,0,None,No,0,No,Yes,51,Yes,Yes,Yes,Yes,No,No,No,Yes,Two Year,Yes,Bank Withdrawal,4,No,62
Male,39,No,Yes,Yes,1,Yes,2,None,Yes,35.39,No,No,0,No,No,No,No,No,No,No,No,Two Year,No,Credit Card,4,No,32
Male,31,No,No,No,0,No,0,Offer D,Yes,32.89,No,No,0,No,No,No,No,No,No,No,No,Month-to-Month,No,Credit Card,4,No,21
Male,28,No,Yes,Yes,2,Yes,9,None,Yes,47.96,No,No,0,No,No,No,No,No,No,No,No,One Year,No,Bank Withdrawal,4,No,62
Female,34,No,No,No,0,No,0,Offer E,No,0,No,Yes,5,No,No,No,No,No,No,No,Yes,Month-to-Month,No,Bank Withdrawal,4,No,2
Male,42,No,No,Yes,2,No,0,None,Yes,8.55,No,No,0,No,No,No,No,No,No,No,No,Two Year,No,Credit Card,4,No,27
Female,31,No,No,No,0,No,0,None,No,0,No,Yes,9,Yes,Yes,Yes,No,Yes,Yes,Yes,Yes,One Year,No,Bank Withdrawal,3,No,25
Male,45,No,No,No,0,No,0,None,Yes,22.52,Yes,Yes,25,No,Yes,No,Yes,Yes,Yes,Yes,No,One Year,Yes,Bank Withdrawal,5,No,49
Female,46,No,No,No,0,No,0,None,Yes,5.17,Yes,Yes,16,Yes,Yes,Yes,No,Yes,Yes,Yes,Yes,Month-to-Month,No,Credit Card,3,No,63
Female,51,No,No,Yes,3,No,0,Offer E,Yes,30.79,No,No,0,No,No,No,No,No,No,No,No,Month-to-Month,No,Credit Card,3,No,4
Female,27,No,Yes,No,0,Yes,8,None,Yes,36.69,No,Yes,82,No,No,No,No,Yes,No,No,Yes,Month-to-Month,Yes,Credit Card,3,No,1
Male,46,No,No,No,0,No,0,Offer D,Yes,28.62,No,No,0,No,No,No,No,No,No,No,No,Month-to-Month,No,Credit Card,4,No,11
Male,47,No,No,No,0,No,0,None,Yes,25.95,Yes,Yes,23,No,No,Yes,Yes,Yes,Yes,Yes,Yes,One Year,Yes,Credit Card,4,No,64
Female,30,No,Yes,Yes,1,Yes,10,None,Yes,29.98,No,Yes,59,Yes,No,Yes,No,Yes,Yes,Yes,Yes,Two Year,No,Bank Withdrawal,3,No,43
Female,35,No,Yes,No,0,Yes,5,None,Yes,36.13,Yes,Yes,23,No,No,No,Yes,Yes,Yes,Yes,Yes,One Year,No,Bank Withdrawal,3,No,61
Male,64,No,No,No,0,No,0,None,Yes,20.52,Yes,Yes,10,Yes,Yes,Yes,Yes,No,No,No,Yes,Two Year,No,Bank Withdrawal,4,No,66
Male,51,No,Yes,No,0,Yes,8,None,Yes,46.89,No,Yes,29,Yes,Yes,Yes,Yes,Yes,Yes,Yes,Yes,Two Year,Yes,Bank Withdrawal,3,No,67
Female,54,No,Yes,No,0,Yes,9,None,Yes,1.31,No,Yes,17,No,No,Yes,Yes,Yes,Yes,Yes,Yes,Two Year,Yes,Credit Card,4,No,42
Female,60,No,Yes,Yes,3,Yes,3,Offer C,Yes,9.8,No,No,0,No,No,No,No,No,No,No,No,Two Year,No,Credit Card,3,No,31
Male,63,No,No,No,0,No,0,None,Yes,9.19,No,No,0,No,No,No,No,No,No,No,No,Month-to-Month,Yes,Credit Card,5,No,7
Male,23,No,Yes,Yes,1,No,0,Offer C,Yes,5.39,Yes,Yes,52,No,No,Yes,No,Yes,Yes,Yes,Yes,One Year,No,Bank Withdrawal,5,No,34
Male,33,No,No,No,0,No,0,None,Yes,2.78,No,No,0,No,No,No,No,No,No,No,No,One Year,Yes,Credit Card,4,No,3
Female,21,No,Yes,Yes,1,Yes,4,Offer D,No,0,No,Yes,85,No,No,No,No,No,No,No,Yes,Month-to-Month,Yes,Credit Card,5,No,19
Male,32,No,No,No,0,No,0,None,No,0,No,Yes,25,Yes,No,Yes,Yes,No,No,No,Yes,Month-to-Month,No,Credit Card,3,No,3
Male,59,No,Yes,No,0,Yes,3,None,Yes,16.07,No,No,0,No,No,No,No,No,No,No,No,Month-to-Month,No,Bank Withdrawal,5,No,46
Female,47,No,Yes,Yes,1,Yes,7,None,Yes,38.92,Yes,Yes,16,Yes,No,Yes,No,No,No,No,No,One Year,No,Bank Withdrawal,3,No,69
Male,31,No,No,No,0,No,0,None,Yes,7.83,No,No,0,No,No,No,No,No,No,No,No,Month-to-Month,No,Credit Card,3,No,5
Male,20,No,No,No,0,No,0,None,Yes,27.88,No,No,0,No,No,No,No,No,No,No,No,Month-to-Month,No,Bank Withdrawal,3,No,1
Male,28,No,No,No,0,No,0,Offer C,Yes,31.53,No,No,0,No,No,No,No,No,No,No,No,One Year,Yes,Credit Card,3,No,26
Male,21,No,No,No,0,No,0,Offer C,Yes,4.94,No,Yes,51,No,No,Yes,Yes,Yes,Yes,Yes,Yes,Two Year,No,Bank Withdrawal,4,No,25
Male,47,No,Yes,Yes,2,Yes,4,None,Yes,49.49,No,Yes,12,Yes,Yes,No,No,No,No,No,Yes,Month-to-Month,No,Bank Withdrawal,3,No,64
Male,31,No,Yes,Yes,1,Yes,4,Offer C,Yes,48.04,Yes,Yes,19,Yes,Yes,Yes,Yes,No,No,No,Yes,Month-to-Month,No,Bank Withdrawal,3,No,30
Male,53,No,No,No,0,No,0,Offer D,Yes,39.17,No,Yes,10,No,No,No,No,No,No,No,No,Month-to-Month,Yes,Bank Withdrawal,5,No,13
Female,37,No,Yes,No,0,Yes,1,None,Yes,46.44,Yes,Yes,29,Yes,Yes,Yes,Yes,Yes,Yes,Yes,Yes,One Year,Yes,Bank Withdrawal,4,No,64
Female,28,No,No,Yes,2,No,0,None,Yes,4.08,Yes,Yes,59,No,No,Yes,Yes,No,No,No,Yes,Month-to-Month,Yes,Bank Withdrawal,3,No,46
Female,57,No,No,No,0,No,0,Offer D,Yes,36.65,No,No,0,No,No,No,No,No,No,No,No,One Year,No,Credit Card,4,No,12
Female,40,No,Yes,Yes,3,Yes,3,None,Yes,39.2,No,Yes,25,Yes,No,Yes,No,No,Yes,Yes,Yes,Month-to-Month,Yes,Credit Card,3,No,13
Female,49,No,Yes,Yes,2,Yes,5,None,Yes,43.01,Yes,Yes,16,Yes,Yes,No,Yes,Yes,No,No,Yes,Two Year,No,Credit Card,3,No,67
Male,25,No,Yes,No,0,Yes,4,Offer C,No,0,No,Yes,51,No,No,Yes,No,No,No,No,Yes,Month-to-Month,No,Bank Withdrawal,3,No,24
Male,37,No,No,No,0,No,0,Offer E,Yes,23.01,No,Yes,13,No,No,No,Yes,No,No,No,No,Month-to-Month,No,Credit Card,5,No,6
Male,27,No,No,No,0,No,0,None,Yes,39.39,No,No,0,No,No,No,No,No,No,No,No,Month-to-Month,No,Bank Withdrawal,3,No,10
Female,39,No,No,No,0,No,0,None,Yes,42.62,No,Yes,15,No,Yes,No,No,No,No,No,Yes,One Year,Yes,Credit Card,5,No,13
Male,26,No,Yes,Yes,2,Yes,6,Offer C,Yes,17.52,Yes,Yes,59,Yes,No,Yes,Yes,Yes,Yes,Yes,Yes,Two Year,Yes,Bank Withdrawal,4,No,38
Female,33,No,Yes,No,0,Yes,9,None,Yes,49.48,Yes,Yes,11,Yes,Yes,No,No,No,Yes,Yes,Yes,Month-to-Month,Yes,Bank Withdrawal,3,No,43
Female,20,No,No,No,0,No,0,Offer C,Yes,32.33,Yes,Yes,51,No,Yes,Yes,Yes,Yes,Yes,Yes,Yes,Two Year,No,Bank Withdrawal,4,No,25
Male,19,No,No,Yes,2,No,0,Offer C,Yes,2.63,No,Yes,59,Yes,Yes,No,No,No,No,No,No,One Year,No,Credit Card,4,No,27
Male,61,No,Yes,Yes,2,Yes,2,None,Yes,33.92,Yes,No,0,No,No,No,No,No,No,No,No,Two Year,No,Credit Card,3,No,72
Male,19,No,No,Yes,1,No,0,None,Yes,31.89,Yes,Yes,30,Yes,Yes,No,No,No,No,No,Yes,One Year,Yes,Credit Card,4,No,71
Female,63,No,No,No,0,No,0,Offer C,Yes,44.09,Yes,Yes,9,No,No,Yes,No,Yes,No,No,Yes,Month-to-Month,Yes,Credit Card,3,No,24
Male,30,No,No,No,0,No,0,None,Yes,24.67,No,Yes,42,Yes,No,Yes,No,Yes,Yes,Yes,Yes,Two Year,Yes,Bank Withdrawal,4,No,57
Female,34,No,No,No,0,No,0,None,Yes,31.68,No,Yes,23,No,Yes,No,No,No,No,No,Yes,Month-to-Month,No,Bank Withdrawal,5,No,15
Male,27,No,No,No,0,No,0,Offer E,Yes,44.16,Yes,Yes,82,Yes,No,No,No,No,No,No,Yes,Month-to-Month,Yes,Bank Withdrawal,3,No,4
Female,51,No,No,No,0,No,0,Offer C,Yes,44.11,No,Yes,15,Yes,Yes,No,No,No,No,No,No,Month-to-Month,No,Bank Withdrawal,3,No,28
Female,37,No,Yes,No,0,Yes,2,Offer B,Yes,5.08,Yes,Yes,9,Yes,No,No,No,Yes,No,No,Yes,Month-to-Month,Yes,Bank Withdrawal,3,No,55
Male,53,No,No,Yes,2,No,0,Offer B,Yes,39.29,No,No,0,No,No,No,No,No,No,No,No,One Year,No,Bank Withdrawal,5,No,55
Female,58,No,Yes,Yes,3,Yes,9,None,Yes,42.46,No,No,0,No,No,No,No,No,No,No,No,Month-to-Month,No,Credit Card,4,No,20
Female,47,No,Yes,Yes,2,Yes,8,Offer B,Yes,15.05,Yes,Yes,23,No,Yes,No,Yes,Yes,Yes,Yes,Yes,One Year,Yes,Credit Card,4,No,62
Female,44,No,No,No,0,No,0,Offer B,Yes,6.71,No,No,0,No,No,No,No,No,No,No,No,Two Year,Yes,Bank Withdrawal,3,No,43
Female,49,No,Yes,No,0,Yes,7,Offer B,Yes,41.4,No,Yes,21,Yes,Yes,No,Yes,No,No,No,Yes,Two Year,No,Bank Withdrawal,3,No,60
Male,38,No,Yes,No,0,Yes,3,Offer B,Yes,22.14,Yes,Yes,2,Yes,Yes,Yes,No,Yes,Yes,Yes,No,Two Year,Yes,Bank Withdrawal,3,No,58
Male,47,No,No,Yes,2,No,0,None,Yes,49.16,No,No,0,No,No,No,No,No,No,No,No,One Year,No,Credit Card,3,No,7
Male,40,No,Yes,Yes,1,Yes,10,Offer E,Yes,39.35,No,Yes,24,Yes,No,No,No,Yes,Yes,Yes,Yes,Month-to-Month,No,Bank Withdrawal,3,No,2
Female,40,No,Yes,Yes,3,Yes,6,Offer C,Yes,15.91,No,No,0,No,No,No,No,No,No,No,No,Two Year,No,Credit Card,3,No,39
Male,20,No,No,No,0,No,0,None,Yes,5.84,Yes,No,0,No,No,No,No,No,No,No,No,Two Year,No,Credit Card,3,No,68
Female,32,No,Yes,Yes,2,Yes,6,Offer B,No,0,No,Yes,26,Yes,Yes,No,Yes,Yes,No,No,No,Two Year,No,Bank Withdrawal,3,No,62
Female,34,No,Yes,No,0,Yes,9,None,Yes,44.2,Yes,Yes,2,Yes,Yes,Yes,No,Yes,Yes,Yes,Yes,Two Year,Yes,Bank Withdrawal,3,No,72
Female,40,No,Yes,No,0,Yes,9,Offer B,Yes,8.44,No,No,0,No,No,No,No,No,No,No,No,Two Year,No,Credit Card,3,No,41
Female,64,No,No,No,0,No,0,Offer E,Yes,7.49,No,Yes,17,Yes,Yes,No,No,No,No,No,Yes,Month-to-Month,No,Bank Withdrawal,3,No,4
Male,34,No,No,No,0,No,0,Offer B,Yes,39.37,Yes,No,0,No,No,No,No,No,No,No,No,One Year,No,Bank Withdrawal,3,No,53
Male,39,No,Yes,No,0,Yes,10,Offer C,Yes,36.39,No,No,0,No,No,No,No,No,No,No,No,Two Year,Yes,Bank Withdrawal,5,No,39
Male,57,No,Yes,No,0,Yes,9,Offer B,Yes,17.38,No,No,0,No,No,No,No,No,No,No,No,Two Year,No,Credit Card,3,No,63
Male,48,No,No,No,0,No,0,None,Yes,7.96,Yes,No,0,No,No,No,No,No,No,No,No,Month-to-Month,Yes,Bank Withdrawal,3,No,15
Female,34,No,Yes,No,0,Yes,1,None,Yes,29.49,No,Yes,2,No,No,No,No,No,No,No,Yes,One Year,No,Bank Withdrawal,3,No,13
Male,45,No,No,No,0,No,0,Offer E,Yes,20.3,No,Yes,16,No,Yes,No,No,No,No,No,Yes,Month-to-Month,Yes,Credit Card,3,No,1
Male,37,No,No,No,0,No,0,Offer E,Yes,43.82,No,No,0,No,No,No,No,No,No,No,No,Two Year,No,Credit Card,3,No,1
Male,24,No,No,No,0,No,0,Offer B,Yes,30.92,No,Yes,26,Yes,Yes,Yes,No,No,No,No,Yes,Two Year,No,Bank Withdrawal,3,No,60
Male,33,No,Yes,No,0,No,0,Offer B,Yes,23.74,Yes,Yes,22,No,Yes,No,Yes,Yes,No,No,Yes,One Year,No,Credit Card,5,No,40
Female,25,No,No,No,0,No,0,None,Yes,21.37,No,Yes,30,Yes,Yes,Yes,No,No,No,No,Yes,Two Year,Yes,Bank Withdrawal,3,No,66
Male,57,No,Yes,Yes,2,Yes,4,Offer B,Yes,9.33,No,No,0,No,No,No,No,No,No,No,No,One Year,No,Credit Card,4,No,42
Male,56,No,No,No,0,No,0,Offer B,Yes,45.46,Yes,Yes,27,No,Yes,No,No,Yes,Yes,Yes,Yes,Month-to-Month,No,Bank Withdrawal,3,No,49
Female,23,No,No,No,0,No,0,Offer B,Yes,10.09,No,No,0,No,No,No,No,No,No,No,No,Two Year,No,Mailed Check,4,No,41
Female,34,No,Yes,Yes,1,Yes,1,Offer B,Yes,21.28,No,No,0,No,No,No,No,No,No,No,No,Two Year,No,Bank Withdrawal,3,No,41
Female,19,No,Yes,Yes,2,Yes,5,None,Yes,27.24,No,Yes,82,Yes,Yes,No,Yes,No,No,No,Yes,Month-to-Month,No,Mailed Check,3,No,23
Male,28,No,No,No,0,No,0,Offer E,No,0,No,Yes,69,No,No,No,No,No,No,No,Yes,Month-to-Month,No,Bank Withdrawal,5,No,3
Female,19,No,No,No,0,No,0,Offer E,No,0,No,Yes,30,Yes,No,Yes,Yes,No,Yes,Yes,No,Month-to-Month,No,Mailed Check,3,No,4
Female,27,No,Yes,Yes,1,Yes,1,Offer B,Yes,3.41,No,No,0,No,No,No,No,No,No,No,No,Two Year,No,Mailed Check,4,No,52
Female,54,No,No,No,0,No,0,None,Yes,9.52,No,Yes,4,No,Yes,Yes,Yes,No,Yes,Yes,Yes,Month-to-Month,Yes,Bank Withdrawal,3,No,11
Female,59,No,Yes,No,0,Yes,6,Offer E,Yes,48.39,No,Yes,24,Yes,No,No,No,No,Yes,Yes,Yes,Month-to-Month,Yes,Mailed Check,3,No,2
Female,50,No,Yes,No,0,Yes,5,None,Yes,37.6,Yes,Yes,10,No,Yes,No,No,No,No,No,Yes,Month-to-Month,No,Bank Withdrawal,3,No,26
Male,33,No,Yes,Yes,3,Yes,7,None,Yes,2.31,No,Yes,53,Yes,No,Yes,No,No,No,No,Yes,One Year,Yes,Credit Card,4,No,24
Female,26,No,No,No,0,No,0,None,Yes,32.32,No,No,0,No,No,No,No,No,No,No,No,Month-to-Month,No,Mailed Check,3,No,12
Female,44,No,Yes,Yes,1,Yes,3,None,Yes,37,Yes,Yes,19,Yes,Yes,Yes,Yes,Yes,Yes,Yes,Yes,Two Year,Yes,Mailed Check,4,No,64
Male,42,No,Yes,No,0,Yes,2,None,Yes,7.61,No,Yes,10,Yes,Yes,Yes,Yes,Yes,Yes,Yes,Yes,Two Year,Yes,Bank Withdrawal,3,No,66
Female,24,No,No,No,0,No,0,None,Yes,15.29,Yes,Yes,48,No,No,Yes,No,No,No,No,Yes,One Year,Yes,Bank Withdrawal,3,No,60
Male,36,No,Yes,Yes,3,Yes,5,None,Yes,33.24,Yes,Yes,76,Yes,No,Yes,No,Yes,No,No,Yes,One Year,Yes,Bank Withdrawal,3,No,17
Male,63,No,Yes,Yes,2,Yes,10,None,Yes,34.33,No,No,0,No,No,No,No,No,No,No,No,Two Year,No,Mailed Check,4,No,42
Male,42,No,No,No,0,No,0,Offer E,Yes,39.87,Yes,Yes,2,No,No,No,No,No,No,No,Yes,Month-to-Month,Yes,Bank Withdrawal,3,No,1
Female,32,No,Yes,Yes,3,No,0,None,Yes,30.06,No,Yes,57,No,Yes,No,Yes,No,Yes,Yes,No,Two Year,No,Bank Withdrawal,3,No,47
Female,27,No,Yes,No,0,Yes,2,None,Yes,10.42,No,No,0,No,No,No,No,No,No,No,No,Month-to-Month,Yes,Credit Card,3,No,10
Male,45,No,No,No,0,No,0,None,Yes,45.28,No,Yes,2,No,No,No,No,No,No,No,Yes,Month-to-Month,No,Mailed Check,4,No,1
Male,53,No,No,No,0,No,0,None,Yes,3.03,No,Yes,11,No,Yes,No,Yes,Yes,No,No,Yes,Month-to-Month,Yes,Bank Withdrawal,5,No,4
Female,61,No,Yes,Yes,2,Yes,2,None,Yes,20.11,Yes,Yes,25,Yes,Yes,Yes,No,Yes,Yes,Yes,No,Two Year,No,Bank Withdrawal,3,No,66
Female,31,No,No,No,0,No,0,None,Yes,2.57,No,Yes,25,No,Yes,No,No,No,Yes,Yes,Yes,Month-to-Month,Yes,Bank Withdrawal,5,No,12
Female,25,No,No,No,0,No,0,None,Yes,5.98,No,No,0,No,No,No,No,No,No,No,No,One Year,No,Credit Card,4,No,24
Male,48,No,No,No,0,No,0,None,Yes,40.35,No,Yes,13,No,Yes,No,No,Yes,No,No,Yes,Month-to-Month,Yes,Bank Withdrawal,3,No,26
Male,31,No,Yes,No,0,Yes,2,None,Yes,16.78,Yes,Yes,29,No,No,Yes,Yes,Yes,Yes,Yes,Yes,Two Year,No,Bank Withdrawal,3,No,57
Female,47,No,Yes,Yes,3,Yes,1,None,Yes,13.95,Yes,No,0,No,No,No,No,No,No,No,No,Two Year,No,Bank Withdrawal,5,No,42
Female,25,No,Yes,No,0,Yes,4,None,Yes,14.78,No,No,0,No,No,No,No,No,No,No,No,Two Year,No,Credit Card,3,No,64
Male,62,No,No,No,0,No,0,None,Yes,26.54,No,No,0,No,No,No,No,No,No,No,No,One Year,Yes,Credit Card,4,No,19
Male,56,No,Yes,No,0,Yes,9,None,Yes,48.68,No,Yes,18,No,No,Yes,No,Yes,No,No,Yes,Month-to-Month,Yes,Bank Withdrawal,4,No,22
Male,23,No,No,No,0,No,0,None,Yes,40.06,No,Yes,41,No,No,No,No,No,Yes,Yes,Yes,Month-to-Month,Yes,Bank Withdrawal,5,No,12
Female,55,No,Yes,No,0,Yes,9,None,Yes,28.8,No,Yes,15,Yes,No,No,Yes,No,Yes,Yes,Yes,One Year,Yes,Bank Withdrawal,4,No,31
Female,42,No,No,No,0,No,0,Offer D,Yes,13.56,No,Yes,17,No,No,No,No,Yes,Yes,Yes,Yes,Month-to-Month,Yes,Bank Withdrawal,5,No,11
Male,36,No,Yes,Yes,1,Yes,10,None,Yes,26.83,Yes,No,0,No,No,No,No,No,No,No,No,Two Year,No,Mailed Check,4,No,68
Female,30,No,No,No,0,No,0,None,Yes,22.88,No,Yes,48,Yes,No,Yes,Yes,Yes,Yes,Yes,Yes,Month-to-Month,Yes,Bank Withdrawal,4,No,60
Male,21,No,Yes,Yes,3,Yes,9,None,No,0,No,Yes,52,Yes,Yes,Yes,No,Yes,No,No,Yes,One Year,No,Mailed Check,4,No,58
Male,32,No,No,No,0,No,0,None,Yes,39.61,No,No,0,No,No,No,No,No,No,No,No,Month-to-Month,No,Mailed Check,5,No,1
Female,54,No,Yes,No,0,Yes,8,None,Yes,15.51,No,No,0,No,No,No,No,No,No,No,No,One Year,Yes,Bank Withdrawal,4,No,37
Male,34,No,No,No,0,No,0,Offer D,Yes,7.33,No,No,0,No,No,No,No,No,No,No,No,One Year,Yes,Bank Withdrawal,3,No,13
Male,39,No,No,No,0,No,0,None,Yes,28.9,Yes,No,0,No,No,No,No,No,No,No,No,Two Year,No,Bank Withdrawal,4,No,43
Female,21,No,No,No,0,No,0,None,No,0,No,Yes,52,Yes,Yes,Yes,Yes,Yes,Yes,Yes,No,Two Year,Yes,Mailed Check,4,No,6
Male,46,No,No,No,0,No,0,None,No,0,No,Yes,20,Yes,Yes,Yes,Yes,Yes,No,No,Yes,Two Year,No,Bank Withdrawal,3,No,71
Female,39,No,Yes,Yes,2,Yes,8,None,Yes,18.74,Yes,Yes,19,Yes,Yes,No,No,Yes,No,No,Yes,Two Year,Yes,Bank Withdrawal,3,No,72
Male,19,No,Yes,Yes,3,Yes,7,Offer D,No,0,No,Yes,73,No,Yes,No,Yes,No,No,No,Yes,Month-to-Month,No,Mailed Check,4,No,12
Female,49,No,Yes,No,0,Yes,7,Offer D,Yes,14.51,No,Yes,20,No,No,Yes,Yes,No,No,No,Yes,One Year,No,Bank Withdrawal,3,No,21
Female,39,No,Yes,Yes,2,Yes,3,None,Yes,49.45,No,Yes,10,No,No,No,Yes,No,No,No,Yes,Month-to-Month,Yes,Credit Card,4,No,6
Female,38,No,No,No,0,No,0,None,Yes,1.6,No,Yes,19,No,Yes,No,Yes,No,No,No,No,One Year,No,Bank Withdrawal,4,No,43
Female,53,No,Yes,Yes,1,Yes,9,None,Yes,32.75,Yes,No,0,No,No,No,No,No,No,No,No,Two Year,Yes,Credit Card,3,No,35
Male,57,No,No,No,0,No,0,None,No,0,No,Yes,18,Yes,Yes,Yes,Yes,Yes,Yes,Yes,Yes,Two Year,No,Credit Card,4,No,52
Male,43,No,No,No,0,No,0,None,Yes,15.52,No,Yes,12,No,No,No,No,Yes,Yes,Yes,Yes,One Year,Yes,Bank Withdrawal,5,No,32
Female,61,No,Yes,Yes,3,Yes,8,None,No,0,No,Yes,22,Yes,Yes,Yes,Yes,Yes,Yes,Yes,Yes,Two Year,Yes,Bank Withdrawal,4,No,72
Male,31,No,No,No,0,No,0,None,No,0,No,Yes,2,Yes,No,No,Yes,No,Yes,Yes,Yes,Month-to-Month,Yes,Credit Card,4,No,51
Male,47,No,Yes,Yes,3,Yes,4,Offer A,Yes,19.75,No,No,0,No,No,No,No,No,No,No,No,Two Year,Yes,Bank Withdrawal,3,No,68
Male,22,No,Yes,No,0,Yes,8,None,No,0,No,Yes,27,No,Yes,No,No,Yes,Yes,Yes,Yes,Two Year,No,Credit Card,4,No,49
Female,24,No,Yes,No,0,Yes,7,Offer A,Yes,20.54,No,Yes,41,Yes,Yes,Yes,Yes,Yes,Yes,Yes,Yes,Two Year,No,Credit Card,4,No,72
Male,55,No,No,No,0,No,0,None,Yes,27.17,No,Yes,24,Yes,No,Yes,No,Yes,No,No,Yes,Month-to-Month,No,Credit Card,3,No,54
Female,41,No,Yes,Yes,3,Yes,7,None,Yes,47.48,No,Yes,27,No,No,Yes,Yes,Yes,Yes,Yes,Yes,One Year,No,Credit Card,4,No,50
Female,55,No,Yes,No,0,Yes,3,Offer A,Yes,38.52,Yes,Yes,27,Yes,Yes,Yes,Yes,Yes,Yes,Yes,Yes,Two Year,Yes,Bank Withdrawal,3,No,69
Male,46,No,No,No,0,No,0,None,Yes,9.36,No,Yes,14,No,No,No,No,No,No,No,No,Month-to-Month,Yes,Bank Withdrawal,4,No,1
Male,31,No,Yes,Yes,2,Yes,3,Offer A,Yes,9.29,No,Yes,18,Yes,Yes,No,Yes,No,Yes,Yes,Yes,Two Year,No,Bank Withdrawal,3,No,68
Male,62,No,No,Yes,3,No,0,None,No,0,No,Yes,57,Yes,Yes,No,Yes,No,No,No,Yes,One Year,No,Credit Card,4,No,40
Male,26,No,Yes,Yes,3,Yes,7,None,Yes,7.03,Yes,No,0,No,No,No,No,No,No,No,No,Two Year,No,Credit Card,4,No,31
Male,60,No,Yes,Yes,1,Yes,8,Offer A,Yes,2.71,Yes,No,0,No,No,No,No,No,No,No,No,Two Year,Yes,Bank Withdrawal,4,No,68
Female,48,No,Yes,Yes,1,No,0,Offer D,Yes,8.25,No,No,0,No,No,No,No,No,No,No,No,Month-to-Month,No,Bank Withdrawal,3,No,12
Male,39,No,Yes,No,0,Yes,7,Offer A,Yes,5.51,No,Yes,6,Yes,Yes,Yes,Yes,Yes,Yes,Yes,Yes,Two Year,Yes,Bank Withdrawal,4,No,71
Male,42,No,No,No,0,No,0,None,Yes,32.78,Yes,Yes,29,No,Yes,Yes,No,Yes,Yes,Yes,Yes,Month-to-Month,Yes,Credit Card,4,No,40
Female,21,No,Yes,Yes,3,Yes,8,None,Yes,37.47,Yes,Yes,69,No,Yes,Yes,No,No,Yes,Yes,Yes,One Year,Yes,Bank Withdrawal,4,No,64
Male,44,No,Yes,No,0,Yes,6,None,Yes,32.94,Yes,Yes,17,No,Yes,No,Yes,No,Yes,Yes,Yes,One Year,No,Bank Withdrawal,3,No,53
Male,43,No,Yes,No,0,Yes,1,Offer A,Yes,38.3,Yes,Yes,3,Yes,Yes,Yes,No,Yes,No,No,Yes,Two Year,Yes,Credit Card,4,No,72
Male,51,No,No,No,0,No,0,None,Yes,13.42,No,No,0,No,No,No,No,No,No,No,No,Two Year,No,Bank Withdrawal,5,No,46
Male,27,No,No,No,0,No,0,None,Yes,27.47,Yes,No,0,No,No,No,No,No,No,No,No,Two Year,Yes,Credit Card,5,No,40
Male,45,No,No,No,0,No,0,Offer D,No,0,No,Yes,9,Yes,Yes,No,Yes,Yes,No,No,Yes,Month-to-Month,Yes,Bank Withdrawal,3,No,12
Male,58,No,No,No,0,No,0,None,Yes,21.11,No,Yes,6,Yes,No,No,No,No,No,No,Yes,Month-to-Month,No,Bank Withdrawal,3,No,9
Female,40,No,Yes,Yes,2,Yes,9,Offer B,Yes,29.56,Yes,Yes,27,No,No,No,Yes,No,No,No,Yes,Month-to-Month,Yes,Bank Withdrawal,4,No,51
Male,62,No,Yes,Yes,3,Yes,10,Offer B,Yes,11.74,No,Yes,20,No,Yes,Yes,No,Yes,No,No,Yes,Month-to-Month,Yes,Credit Card,3,No,49
Female,32,No,No,No,0,No,0,Offer B,Yes,30.86,No,Yes,22,Yes,No,Yes,Yes,No,No,No,Yes,One Year,Yes,Credit Card,4,No,56
Male,29,No,No,No,0,No,0,None,Yes,46.53,No,No,0,No,No,No,No,No,No,No,No,Month-to-Month,Yes,Bank Withdrawal,3,No,4
Male,45,No,Yes,No,0,Yes,3,Offer D,Yes,33.78,No,Yes,18,Yes,No,No,Yes,No,Yes,Yes,No,One Year,Yes,Credit Card,4,No,20
Female,41,No,Yes,Yes,1,Yes,4,None,Yes,24.44,No,No,0,No,No,No,No,No,No,No,No,Month-to-Month,Yes,Credit Card,5,No,26
Male,34,No,No,No,0,No,0,Offer B,Yes,42.33,No,Yes,2,No,Yes,Yes,No,Yes,Yes,Yes,Yes,Month-to-Month,Yes,Bank Withdrawal,5,No,51
Female,26,No,No,No,0,No,0,None,Yes,38.74,Yes,Yes,51,No,Yes,No,No,No,No,No,Yes,Month-to-Month,Yes,Credit Card,3,No,4
Female,30,No,No,No,0,No,0,None,Yes,8.23,No,No,0,No,No,No,No,No,No,No,No,Month-to-Month,No,Credit Card,4,No,1
Male,39,No,Yes,Yes,1,No,0,None,Yes,14.07,Yes,Yes,15,Yes,Yes,No,Yes,Yes,No,No,Yes,Month-to-Month,No,Bank Withdrawal,3,No,27
Male,53,No,No,No,0,No,0,Offer D,Yes,1.8,No,Yes,3,No,Yes,No,Yes,No,No,No,Yes,Month-to-Month,Yes,Credit Card,5,No,12
Female,57,No,Yes,Yes,1,Yes,6,None,Yes,25.69,Yes,No,0,No,No,No,No,No,No,No,No,One Year,Yes,Credit Card,4,No,34
Male,50,No,Yes,No,0,Yes,5,None,Yes,34.01,Yes,Yes,4,Yes,No,No,Yes,No,No,No,Yes,One Year,Yes,Bank Withdrawal,3,No,24
Male,34,No,Yes,No,0,Yes,9,Offer B,Yes,14.98,Yes,Yes,19,Yes,Yes,Yes,Yes,Yes,Yes,Yes,Yes,Two Year,No,Bank Withdrawal,3,No,59
Male,22,No,No,No,0,No,0,None,Yes,31.48,No,Yes,73,No,Yes,Yes,No,No,Yes,Yes,Yes,Month-to-Month,No,Bank Withdrawal,5,No,3
Female,22,No,Yes,Yes,2,Yes,4,Offer B,Yes,13.25,Yes,Yes,47,Yes,No,Yes,Yes,Yes,Yes,Yes,Yes,Two Year,No,Bank Withdrawal,4,No,65
Female,50,No,Yes,Yes,2,Yes,5,Offer B,Yes,47.05,Yes,Yes,24,Yes,Yes,Yes,Yes,Yes,Yes,Yes,Yes,Two Year,No,Credit Card,3,No,59
Male,24,No,Yes,Yes,3,Yes,9,Offer A,No,0,No,Yes,51,Yes,Yes,Yes,Yes,Yes,Yes,Yes,No,Two Year,Yes,Credit Card,4,No,72
Male,43,No,No,No,0,No,0,None,Yes,22.49,No,Yes,11,No,No,No,Yes,No,Yes,Yes,Yes,Month-to-Month,No,Credit Card,5,No,3
Male,62,No,No,Yes,2,No,0,Offer D,Yes,14.48,Yes,No,0,No,No,No,No,No,No,No,No,Month-to-Month,Yes,Credit Card,4,No,19
Male,54,No,No,No,0,No,0,None,Yes,8.02,No,No,0,No,No,No,No,No,No,No,No,Month-to-Month,Yes,Credit Card,5,No,1
Male,60,No,No,No,0,No,0,None,Yes,9.53,No,Yes,24,No,Yes,Yes,Yes,No,No,No,Yes,Month-to-Month,Yes,Bank Withdrawal,3,No,24
Female,39,No,No,No,0,No,0,Offer A,Yes,6.75,Yes,No,0,No,No,No,No,No,No,No,No,Two Year,No,Credit Card,4,No,72
Male,24,No,No,No,0,No,0,Offer A,Yes,47.31,No,No,0,No,No,No,No,No,No,No,No,Two Year,No,Bank Withdrawal,5,No,67
Male,47,No,Yes,Yes,3,Yes,2,Offer B,Yes,39.48,No,No,0,No,No,No,No,No,No,No,No,One Year,Yes,Credit Card,4,No,52
Male,57,No,Yes,Yes,3,Yes,6,Offer A,Yes,31.33,Yes,Yes,27,Yes,Yes,Yes,Yes,Yes,Yes,Yes,Yes,Two Year,No,Credit Card,3,No,71
Female,56,No,Yes,No,0,Yes,7,None,Yes,33.47,Yes,No,0,No,No,No,No,No,No,No,No,One Year,No,Credit Card,5,No,26
Female,49,No,No,No,0,No,0,None,Yes,30.5,Yes,Yes,8,Yes,Yes,Yes,Yes,Yes,Yes,Yes,Yes,Two Year,Yes,Credit Card,4,No,35
Female,52,No,Yes,Yes,2,Yes,3,Offer B,Yes,27.87,No,Yes,17,No,No,No,No,No,No,No,Yes,Two Year,Yes,Credit Card,3,No,55
Female,61,No,Yes,Yes,3,Yes,2,None,Yes,24.27,No,No,0,No,No,No,No,No,No,No,No,Two Year,No,Credit Card,3,No,33
Male,20,No,Yes,No,0,Yes,2,Offer A,Yes,6.89,Yes,Yes,73,Yes,Yes,Yes,No,Yes,Yes,Yes,No,Two Year,Yes,Bank Withdrawal,4,No,72
Male,37,No,No,Yes,3,No,0,None,Yes,17.89,No,No,0,No,No,No,No,No,No,No,No,Month-to-Month,Yes,Credit Card,3,No,1
Male,35,No,No,No,0,No,0,Offer D,No,0,No,Yes,6,No,Yes,No,Yes,No,No,No,Yes,Month-to-Month,No,Credit Card,3,No,12
Male,27,No,Yes,Yes,2,Yes,3,None,Yes,27.5,No,No,0,No,No,No,No,No,No,No,No,One Year,No,Credit Card,4,No,1
Male,56,No,Yes,No,0,Yes,8,Offer B,No,0,No,Yes,29,Yes,Yes,No,Yes,No,No,No,Yes,Two Year,Yes,Credit Card,4,No,62
Female,40,No,No,No,0,No,0,Offer E,No,0,No,Yes,15,No,No,No,No,No,No,No,No,Month-to-Month,No,Bank Withdrawal,5,No,1
Female,64,No,No,No,0,No,0,Offer D,Yes,10.97,Yes,Yes,9,Yes,No,Yes,No,No,No,No,Yes,Month-to-Month,Yes,Credit Card,3,No,18
Male,19,No,No,No,0,No,0,Offer E,Yes,43.56,No,Yes,52,No,Yes,No,No,No,No,No,Yes,Month-to-Month,Yes,Bank Withdrawal,3,No,2
Male,43,No,Yes,Yes,2,Yes,6,Offer D,Yes,4.7,No,No,0,No,No,No,No,No,No,No,No,Month-to-Month,No,Credit Card,3,No,19
Male,36,No,No,No,0,No,0,Offer E,Yes,13.72,No,No,0,No,No,No,No,No,No,No,No,Month-to-Month,No,Credit Card,5,No,9
Male,58,No,No,No,0,No,0,None,Yes,49.25,No,Yes,4,Yes,No,Yes,Yes,Yes,Yes,Yes,Yes,One Year,No,Bank Withdrawal,4,No,27
Female,31,No,No,No,0,No,0,Offer D,Yes,46.49,No,No,0,No,No,No,No,No,No,No,No,One Year,No,Credit Card,4,No,11
Male,41,No,No,No,0,No,0,Offer E,Yes,3.39,Yes,No,0,No,No,No,No,No,No,No,No,Month-to-Month,Yes,Credit Card,3,No,1
Female,45,No,Yes,Yes,2,Yes,6,Offer E,Yes,16.13,No,No,0,No,No,No,No,No,No,No,No,Two Year,No,Credit Card,4,No,9
Male,25,No,Yes,Yes,2,Yes,1,Offer B,Yes,24.59,Yes,Yes,52,Yes,Yes,No,Yes,No,No,No,Yes,Two Year,Yes,Credit Card,3,No,54
Female,47,No,No,No,0,No,0,None,Yes,41.38,Yes,Yes,4,No,No,No,No,Yes,Yes,Yes,Yes,One Year,Yes,Credit Card,5,No,29
Male,21,No,Yes,Yes,3,Yes,4,Offer B,Yes,42.37,No,Yes,73,Yes,Yes,Yes,Yes,Yes,Yes,Yes,No,Two Year,Yes,Bank Withdrawal,3,No,59
Female,22,No,Yes,Yes,2,Yes,7,Offer D,Yes,40.36,No,Yes,51,Yes,Yes,No,Yes,No,No,No,Yes,One Year,Yes,Credit Card,4,No,18
Male,64,No,No,Yes,2,No,0,None,No,0,No,Yes,12,Yes,No,No,Yes,No,No,No,Yes,One Year,No,Credit Card,3,No,33
Male,31,No,No,No,0,No,0,None,Yes,24.16,No,No,0,No,No,No,No,No,No,No,No,Month-to-Month,No,Credit Card,5,No,5
Female,33,No,No,No,0,No,0,Offer E,Yes,34.57,No,No,0,No,No,No,No,No,No,No,No,Month-to-Month,No,Credit Card,4,No,2
Male,25,No,Yes,Yes,1,Yes,10,Offer A,Yes,33.75,Yes,Yes,30,Yes,Yes,Yes,Yes,Yes,Yes,Yes,Yes,Two Year,No,Credit Card,3,No,72
Male,34,No,No,Yes,2,No,0,Offer E,Yes,45.83,No,No,0,No,No,No,No,No,No,No,No,Month-to-Month,No,Credit Card,4,No,9
Male,54,No,Yes,Yes,2,Yes,2,Offer A,Yes,14.54,Yes,No,0,No,No,No,No,No,No,No,No,Two Year,No,Credit Card,5,No,67
Female,59,No,No,No,0,No,0,Offer E,Yes,26.47,No,No,0,No,No,No,No,No,No,No,No,Month-to-Month,Yes,Mailed Check,5,No,8
Male,50,No,No,No,0,No,0,Offer D,Yes,39.34,No,No,0,No,No,No,No,No,No,No,No,Two Year,No,Credit Card,4,No,17
Female,61,No,Yes,No,0,Yes,2,Offer A,Yes,46.7,Yes,Yes,14,Yes,Yes,Yes,No,Yes,Yes,Yes,Yes,Two Year,Yes,Bank Withdrawal,3,No,68
Male,30,No,No,No,0,No,0,Offer A,No,0,No,Yes,85,Yes,No,Yes,Yes,Yes,No,No,Yes,One Year,Yes,Bank Withdrawal,3,No,67
Male,20,No,No,No,0,No,0,None,Yes,36.78,No,No,0,No,No,No,No,No,No,No,No,One Year,No,Credit Card,5,No,32
Male,29,No,No,Yes,1,No,0,Offer E,Yes,6.35,No,Yes,76,No,Yes,No,No,No,No,No,Yes,Month-to-Month,Yes,Bank Withdrawal,5,No,1
Female,27,No,Yes,No,0,Yes,6,Offer B,Yes,49.88,No,Yes,42,No,Yes,Yes,No,No,Yes,Yes,Yes,One Year,Yes,Bank Withdrawal,3,No,48
Female,63,No,Yes,No,0,Yes,6,Offer B,Yes,18.03,Yes,Yes,22,No,No,Yes,Yes,Yes,Yes,Yes,Yes,One Year,Yes,Bank Withdrawal,5,No,61
Female,22,No,No,No,0,No,0,Offer E,Yes,18.7,No,Yes,59,No,No,No,No,No,No,No,Yes,Month-to-Month,No,Bank Withdrawal,3,No,2
Female,22,No,Yes,Yes,1,Yes,9,Offer A,Yes,37.57,Yes,Yes,85,Yes,Yes,Yes,Yes,Yes,Yes,Yes,No,Two Year,No,Bank Withdrawal,5,No,71
Male,57,No,Yes,No,0,Yes,6,None,Yes,27.41,Yes,Yes,10,Yes,No,No,No,No,No,No,Yes,Month-to-Month,Yes,Mailed Check,5,No,37
Male,40,No,Yes,Yes,3,No,0,Offer B,Yes,39.52,Yes,Yes,57,No,No,Yes,Yes,Yes,Yes,Yes,Yes,Two Year,Yes,Bank Withdrawal,4,No,65
Female,19,No,No,Yes,2,No,0,Offer A,Yes,18.74,Yes,Yes,59,No,Yes,No,Yes,Yes,Yes,Yes,Yes,One Year,Yes,Bank Withdrawal,4,No,67
Male,53,No,Yes,Yes,2,Yes,10,Offer B,Yes,44.49,Yes,Yes,28,Yes,No,No,Yes,Yes,No,No,Yes,Two Year,Yes,Credit Card,4,No,50
Male,43,No,Yes,Yes,2,Yes,1,None,Yes,15.76,No,No,0,No,No,No,No,No,No,No,No,One Year,No,Bank Withdrawal,4,No,25
Female,45,No,Yes,Yes,3,Yes,5,Offer B,Yes,17.93,Yes,No,0,No,No,No,No,No,No,No,No,Two Year,Yes,Mailed Check,3,No,64
Male,37,No,Yes,No,0,Yes,10,None,No,0,No,Yes,24,No,No,Yes,No,Yes,No,No,No,One Year,Yes,Credit Card,5,No,25
Female,64,No,No,No,0,No,0,Offer C,Yes,17.46,Yes,Yes,22,No,No,Yes,No,Yes,Yes,Yes,Yes,Month-to-Month,Yes,Bank Withdrawal,5,No,37
Female,60,No,No,No,0,No,0,Offer D,Yes,30.59,No,Yes,11,No,No,No,No,No,No,No,Yes,Month-to-Month,Yes,Bank Withdrawal,5,No,21
Male,34,No,No,No,0,No,0,None,Yes,13.62,No,Yes,21,No,No,No,No,No,No,No,Yes,Month-to-Month,Yes,Credit Card,5,No,1
Female,37,No,No,No,0,No,0,None,Yes,39.85,Yes,Yes,21,No,No,No,No,No,No,No,Yes,Month-to-Month,Yes,Mailed Check,5,No,10
Male,63,No,Yes,No,0,Yes,7,Offer B,Yes,35,Yes,Yes,8,Yes,Yes,No,No,No,Yes,Yes,Yes,One Year,Yes,Credit Card,3,No,51
Female,63,No,No,No,0,No,0,None,Yes,4.76,No,No,0,No,No,No,No,No,No,No,No,Month-to-Month,Yes,Mailed Check,3,No,10
Female,43,No,No,No,0,No,0,Offer E,No,0,No,Yes,23,Yes,Yes,No,Yes,No,Yes,Yes,Yes,Month-to-Month,No,Credit Card,3,No,6
Male,30,No,Yes,Yes,3,Yes,10,Offer B,Yes,11.74,Yes,Yes,48,Yes,Yes,Yes,Yes,Yes,Yes,Yes,Yes,Two Year,Yes,Mailed Check,3,No,47
Female,52,No,Yes,Yes,2,Yes,3,Offer B,Yes,40.48,Yes,Yes,20,Yes,Yes,Yes,Yes,No,Yes,Yes,Yes,One Year,Yes,Bank Withdrawal,3,No,61
Female,40,No,No,No,0,No,0,Offer B,No,0,No,Yes,19,Yes,Yes,Yes,No,Yes,Yes,Yes,Yes,Two Year,Yes,Bank Withdrawal,4,No,52
Female,42,No,Yes,Yes,3,No,0,Offer C,Yes,39.11,Yes,Yes,23,Yes,Yes,No,No,No,No,No,Yes,Month-to-Month,Yes,Credit Card,3,No,35
Male,52,No,Yes,No,0,Yes,8,Offer A,Yes,29.11,Yes,Yes,28,No,Yes,Yes,No,Yes,Yes,Yes,Yes,One Year,Yes,Bank Withdrawal,4,No,71
Male,37,No,Yes,No,0,Yes,10,None,Yes,43.27,No,Yes,4,Yes,No,Yes,No,No,No,No,No,Two Year,No,Credit Card,3,No,45
Male,19,No,No,No,0,No,0,Offer E,No,0,No,Yes,59,No,No,No,No,No,No,No,Yes,Month-to-Month,No,Mailed Check,4,No,2
Male,59,No,No,No,0,No,0,None,Yes,9.85,Yes,Yes,3,Yes,No,No,Yes,No,No,No,Yes,One Year,No,Credit Card,3,No,51
Male,37,No,Yes,Yes,2,Yes,1,None,Yes,28.45,Yes,No,0,No,No,No,No,No,No,No,No,One Year,No,Credit Card,5,No,60
Male,40,No,No,No,0,No,0,Offer E,Yes,48.61,No,No,0,No,No,No,No,No,No,No,No,One Year,Yes,Mailed Check,4,No,9
Male,58,No,No,No,0,No,0,None,Yes,21.14,Yes,Yes,5,No,No,Yes,Yes,No,Yes,Yes,Yes,Month-to-Month,Yes,Bank Withdrawal,4,No,17
Male,37,No,Yes,Yes,1,Yes,1,None,Yes,45.95,No,Yes,10,Yes,No,Yes,Yes,Yes,Yes,Yes,Yes,Two Year,No,Mailed Check,4,No,46
Female,21,No,No,No,0,No,0,Offer A,Yes,14.86,No,Yes,59,Yes,Yes,Yes,Yes,Yes,Yes,Yes,No,Two Year,Yes,Credit Card,3,No,68
Female,52,No,Yes,No,0,Yes,8,None,Yes,44.73,No,No,0,No,No,No,No,No,No,No,No,One Year,No,Bank Withdrawal,5,No,4
Male,55,No,No,Yes,1,No,0,Offer C,Yes,34.43,No,Yes,22,No,Yes,No,Yes,No,No,No,Yes,One Year,Yes,Credit Card,3,No,28
Female,23,No,No,No,0,No,0,Offer C,Yes,48.17,No,Yes,58,No,Yes,No,No,Yes,No,No,Yes,One Year,Yes,Credit Card,4,No,39
Male,54,No,No,No,0,No,0,None,Yes,30.57,No,Yes,15,No,No,Yes,No,No,Yes,Yes,Yes,Month-to-Month,No,Bank Withdrawal,4,No,11
Female,46,No,Yes,No,0,Yes,2,Offer A,No,0,No,Yes,27,No,Yes,Yes,Yes,Yes,Yes,Yes,Yes,Two Year,Yes,Credit Card,4,No,71
Male,42,No,No,Yes,2,No,0,None,Yes,49.53,No,No,0,No,No,No,No,No,No,No,No,Month-to-Month,No,Mailed Check,3,No,2
Female,35,No,No,No,0,No,0,None,Yes,4.38,No,No,0,No,No,No,No,No,No,No,No,One Year,No,Mailed Check,5,No,17
Female,64,No,Yes,No,0,Yes,1,None,Yes,34.61,Yes,Yes,16,No,Yes,Yes,No,Yes,No,No,Yes,Month-to-Month,Yes,Credit Card,5,No,55
Female,47,No,No,No,0,No,0,None,Yes,22.71,Yes,Yes,14,Yes,No,No,No,No,No,No,Yes,Month-to-Month,Yes,Bank Withdrawal,4,No,58
Male,36,No,No,No,0,No,0,Offer C,Yes,44.11,No,Yes,8,No,No,No,Yes,No,No,No,Yes,Month-to-Month,No,Bank Withdrawal,4,No,26
Female,36,No,No,No,0,No,0,None,Yes,12.62,No,No,0,No,No,No,No,No,No,No,No,Two Year,No,Credit Card,5,No,50
Female,35,No,Yes,No,0,Yes,10,Offer A,Yes,29,Yes,Yes,22,Yes,Yes,Yes,Yes,Yes,Yes,Yes,Yes,Two Year,Yes,Bank Withdrawal,3,No,72
Female,47,No,No,Yes,2,No,0,None,Yes,10.19,No,Yes,10,Yes,Yes,No,Yes,Yes,Yes,Yes,No,One Year,Yes,Credit Card,4,No,43
Male,52,No,No,No,0,No,0,None,Yes,47.82,Yes,No,0,No,No,No,No,No,No,No,No,Two Year,Yes,Bank Withdrawal,3,No,56
Female,28,No,No,No,0,No,0,None,Yes,5.02,No,No,0,No,No,No,No,No,No,No,No,Month-to-Month,No,Mailed Check,5,No,1
Male,62,No,Yes,No,0,Yes,5,Offer A,Yes,43.84,Yes,Yes,15,Yes,Yes,No,Yes,No,Yes,Yes,Yes,Two Year,Yes,Bank Withdrawal,5,No,72
Male,58,No,Yes,No,0,Yes,4,Offer C,Yes,40.58,Yes,Yes,12,No,No,No,No,Yes,Yes,Yes,Yes,Month-to-Month,Yes,Bank Withdrawal,3,No,36
Male,51,No,No,No,0,No,0,None,Yes,45.69,No,Yes,4,No,No,Yes,Yes,Yes,Yes,Yes,Yes,Month-to-Month,No,Bank Withdrawal,4,No,5
Male,60,No,No,No,0,No,0,None,Yes,18.14,No,No,0,No,No,No,No,No,No,No,No,One Year,No,Credit Card,4,No,44
Female,23,No,Yes,No,0,Yes,10,None,Yes,45.12,Yes,No,0,No,No,No,No,No,No,No,No,Two Year,Yes,Credit Card,3,No,69
Male,43,No,No,No,0,No,0,None,Yes,27.43,No,Yes,27,No,No,No,No,No,No,No,Yes,Month-to-Month,Yes,Credit Card,5,No,16
Male,52,No,Yes,Yes,1,Yes,1,None,Yes,27.59,No,Yes,27,Yes,Yes,No,Yes,Yes,Yes,Yes,Yes,Two Year,No,Bank Withdrawal,4,No,68
Male,31,No,No,No,0,No,0,None,Yes,20.16,No,No,0,No,No,No,No,No,No,No,No,Month-to-Month,No,Mailed Check,4,No,4
Female,40,No,Yes,Yes,3,Yes,4,Offer C,No,0,No,Yes,23,Yes,Yes,No,Yes,No,No,No,No,Month-to-Month,No,Credit Card,4,No,26
Male,39,No,No,Yes,1,No,0,None,Yes,8.01,No,No,0,No,No,No,No,No,No,No,No,Month-to-Month,No,Credit Card,4,No,5
Male,48,No,Yes,No,0,Yes,5,None,Yes,31.13,Yes,Yes,16,No,Yes,Yes,No,Yes,No,No,Yes,One Year,Yes,Bank Withdrawal,4,No,70
Male,61,No,Yes,No,0,Yes,10,Offer C,Yes,32.86,No,Yes,30,Yes,No,No,Yes,Yes,Yes,Yes,Yes,One Year,No,Bank Withdrawal,3,No,24
Male,37,No,No,No,0,No,0,None,Yes,39.55,No,Yes,21,No,No,No,Yes,No,No,No,Yes,Month-to-Month,Yes,Mailed Check,5,No,1
Male,19,No,Yes,No,0,Yes,10,None,No,0,No,Yes,41,No,Yes,Yes,Yes,No,Yes,Yes,No,One Year,Yes,Bank Withdrawal,4,No,70
Female,56,No,Yes,Yes,2,Yes,3,Offer C,Yes,20.57,No,No,0,No,No,No,No,No,No,No,No,Month-to-Month,No,Bank Withdrawal,5,No,36
Female,28,No,Yes,Yes,2,Yes,3,None,Yes,20.41,Yes,Yes,59,No,Yes,Yes,Yes,Yes,Yes,Yes,Yes,One Year,Yes,Bank Withdrawal,5,No,41
Male,20,No,No,No,0,No,0,None,Yes,18.46,No,Yes,26,No,No,Yes,No,No,No,No,Yes,Month-to-Month,No,Bank Withdrawal,4,No,14
Male,33,No,Yes,Yes,2,Yes,4,None,Yes,13.77,Yes,Yes,23,No,Yes,Yes,Yes,Yes,No,No,Yes,Month-to-Month,Yes,Bank Withdrawal,4,No,13
Male,24,No,No,No,0,No,0,None,Yes,27.54,No,No,0,No,No,No,No,No,No,No,No,Month-to-Month,No,Mailed Check,4,No,6
Female,55,No,Yes,No,0,Yes,8,None,Yes,24.12,No,Yes,13,Yes,No,Yes,No,Yes,Yes,Yes,Yes,Month-to-Month,No,Bank Withdrawal,3,No,15
Female,19,No,No,No,0,No,0,None,Yes,48.03,No,Yes,69,Yes,No,No,No,No,No,No,Yes,Month-to-Month,No,Credit Card,4,No,47
Female,19,No,No,No,0,No,0,None,Yes,45.04,No,Yes,73,No,No,Yes,Yes,No,Yes,Yes,No,Month-to-Month,No,Mailed Check,5,No,8
Male,63,No,No,No,0,No,0,None,No,0,No,Yes,11,No,No,No,No,No,No,No,Yes,Month-to-Month,Yes,Mailed Check,3,No,17
Male,39,No,Yes,Yes,1,Yes,7,None,Yes,32.73,No,Yes,17,Yes,No,No,No,No,No,No,Yes,Month-to-Month,No,Mailed Check,4,No,15
Female,60,No,No,No,0,No,0,Offer C,Yes,40.14,No,Yes,4,Yes,No,Yes,Yes,No,Yes,Yes,Yes,One Year,Yes,Bank Withdrawal,3,No,26
Female,40,No,No,No,0,No,0,None,Yes,48.63,Yes,Yes,11,Yes,No,No,No,No,No,No,Yes,Month-to-Month,No,Bank Withdrawal,3,No,23
Male,54,No,No,Yes,3,No,0,Offer C,Yes,2,No,No,0,No,No,No,No,No,No,No,No,One Year,No,Mailed Check,4,No,29
Female,50,No,No,No,0,No,0,Offer C,Yes,30.28,No,No,0,No,No,No,No,No,No,No,No,Month-to-Month,No,Mailed Check,5,No,25
Female,29,No,Yes,Yes,2,Yes,10,None,No,0,No,Yes,69,Yes,Yes,Yes,Yes,No,No,No,Yes,Two Year,No,Bank Withdrawal,4,No,69
Male,24,No,No,No,0,No,0,Offer D,Yes,26.02,No,No,0,No,No,No,No,No,No,No,No,One Year,No,Mailed Check,3,No,14
Male,54,No,No,No,0,No,0,Offer D,Yes,13.76,Yes,Yes,4,No,No,No,No,Yes,Yes,Yes,Yes,Month-to-Month,No,Mailed Check,4,No,19
Male,20,No,No,No,0,No,0,Offer C,Yes,19.38,No,Yes,76,No,Yes,Yes,No,Yes,Yes,Yes,Yes,Month-to-Month,Yes,Bank Withdrawal,4,No,31
Male,61,No,Yes,Yes,2,Yes,5,Offer C,Yes,40.81,No,No,0,No,No,No,No,No,No,No,No,One Year,No,Mailed Check,4,No,24
Male,39,No,Yes,No,0,Yes,4,Offer D,Yes,21.34,No,Yes,24,No,No,No,Yes,No,No,No,Yes,Month-to-Month,No,Bank Withdrawal,5,No,14
Female,23,No,Yes,No,0,Yes,2,None,Yes,18.03,No,Yes,42,Yes,Yes,Yes,Yes,No,Yes,Yes,Yes,Two Year,Yes,Mailed Check,3,No,64
Female,29,No,No,No,0,No,0,None,Yes,17.88,No,No,0,No,No,No,No,No,No,No,No,One Year,Yes,Mailed Check,3,No,50
Male,45,No,Yes,Yes,2,Yes,9,None,Yes,5.51,No,Yes,19,No,Yes,Yes,Yes,Yes,No,No,Yes,One Year,Yes,Bank Withdrawal,3,No,52
Male,31,No,No,No,0,No,0,Offer C,Yes,12.36,Yes,Yes,13,No,Yes,No,No,Yes,Yes,Yes,Yes,One Year,No,Bank Withdrawal,3,No,28
Female,40,No,No,No,0,No,0,Offer D,Yes,22.29,No,No,0,No,No,No,No,No,No,No,No,Two Year,Yes,Credit Card,3,No,21
Female,33,No,Yes,No,0,Yes,3,Offer D,Yes,1.64,No,No,0,No,No,No,No,No,No,No,No,One Year,No,Mailed Check,5,No,17
Male,53,No,Yes,No,0,No,0,None,No,0,No,Yes,23,No,No,No,No,Yes,Yes,Yes,Yes,One Year,Yes,Credit Card,3,No,58
Female,59,No,Yes,No,0,Yes,7,None,Yes,20.47,Yes,No,0,No,No,No,No,No,No,No,No,Two Year,No,Mailed Check,5,No,51
Male,53,No,Yes,Yes,3,Yes,3,None,No,0,No,Yes,53,Yes,No,Yes,Yes,Yes,No,No,Yes,Two Year,No,Mailed Check,3,No,72
Female,62,No,No,No,0,No,0,None,Yes,15.41,No,No,0,No,No,No,No,No,No,No,No,Two Year,Yes,Mailed Check,5,No,27
Female,38,No,No,No,0,No,0,None,Yes,40.2,No,No,0,No,No,No,No,No,No,No,No,Month-to-Month,No,Mailed Check,3,No,3
Female,33,No,Yes,No,0,Yes,6,None,Yes,16.61,Yes,Yes,4,Yes,Yes,Yes,Yes,No,Yes,Yes,Yes,Two Year,Yes,Mailed Check,4,No,64
Female,51,No,Yes,No,0,Yes,3,None,Yes,48.02,No,Yes,18,No,No,No,Yes,Yes,Yes,Yes,No,Two Year,Yes,Credit Card,5,No,45
Female,56,No,Yes,No,0,Yes,9,None,Yes,13.41,Yes,Yes,18,No,Yes,Yes,Yes,Yes,Yes,Yes,Yes,Two Year,Yes,Credit Card,4,No,71
Female,35,No,Yes,Yes,1,Yes,6,None,Yes,17.21,No,No,0,No,No,No,No,No,No,No,No,Two Year,No,Credit Card,3,No,58
Male,25,No,Yes,Yes,3,Yes,5,None,Yes,18.36,No,Yes,85,No,Yes,Yes,No,Yes,No,No,Yes,Month-to-Month,Yes,Bank Withdrawal,5,No,34
Female,49,No,Yes,Yes,1,Yes,4,Offer D,Yes,17.43,No,No,0,No,No,No,No,No,No,No,No,Month-to-Month,No,Mailed Check,4,No,15
Male,49,No,Yes,Yes,3,No,0,None,No,0,No,Yes,28,No,No,Yes,Yes,Yes,Yes,Yes,Yes,Two Year,No,Bank Withdrawal,5,No,66
Male,49,No,No,No,0,No,0,None,Yes,29.31,No,No,0,No,No,No,No,No,No,No,No,Two Year,Yes,Bank Withdrawal,5,No,58
Female,32,No,Yes,Yes,2,Yes,9,None,Yes,45.33,No,No,0,No,No,No,No,No,No,No,No,Two Year,No,Mailed Check,5,No,3
Female,38,No,No,No,0,No,0,None,Yes,32.57,No,Yes,13,No,Yes,Yes,No,No,No,No,Yes,Month-to-Month,No,Bank Withdrawal,3,No,9
Female,60,No,No,No,0,No,0,None,Yes,1.47,No,No,0,No,No,No,No,No,No,No,No,One Year,No,Mailed Check,3,No,3
Male,37,No,Yes,No,0,Yes,1,Offer B,Yes,29.46,Yes,Yes,28,No,Yes,Yes,No,Yes,Yes,Yes,Yes,One Year,Yes,Bank Withdrawal,5,No,40
Female,50,No,No,No,0,No,0,None,Yes,9.82,Yes,No,0,No,No,No,No,No,No,No,No,Two Year,No,Bank Withdrawal,5,No,68
Female,39,No,No,No,0,No,0,Offer B,Yes,48.45,Yes,Yes,14,No,Yes,No,Yes,Yes,Yes,Yes,Yes,Two Year,Yes,Mailed Check,4,No,50
Male,21,No,No,No,0,No,0,None,Yes,39.19,No,Yes,69,No,No,No,No,No,Yes,Yes,No,Month-to-Month,Yes,Bank Withdrawal,5,No,1
Female,49,No,Yes,No,0,Yes,1,None,Yes,38.28,Yes,Yes,24,Yes,Yes,Yes,Yes,Yes,Yes,Yes,Yes,Two Year,No,Bank Withdrawal,4,No,72
Male,58,No,No,Yes,3,No,0,Offer B,Yes,26.41,No,No,0,No,No,No,No,No,No,No,No,One Year,Yes,Bank Withdrawal,5,No,40
Female,28,No,Yes,Yes,1,Yes,10,None,Yes,47.02,Yes,Yes,48,Yes,Yes,Yes,Yes,Yes,Yes,Yes,Yes,Two Year,Yes,Bank Withdrawal,3,No,72
Female,60,No,No,No,0,No,0,None,Yes,47.46,No,No,0,No,No,No,No,No,No,No,No,Month-to-Month,No,Mailed Check,3,No,6
Female,62,No,No,No,0,No,0,None,Yes,41.93,No,No,0,No,No,No,No,No,No,No,No,Month-to-Month,Yes,Credit Card,3,No,5
Male,41,No,Yes,No,0,Yes,7,Offer B,Yes,38.82,Yes,Yes,8,No,Yes,Yes,No,No,Yes,Yes,Yes,One Year,Yes,Credit Card,4,No,48
Female,39,No,Yes,Yes,2,Yes,5,Offer B,Yes,26.7,No,Yes,17,Yes,No,No,Yes,Yes,No,No,No,One Year,No,Mailed Check,3,No,64
Female,63,No,No,No,0,No,0,Offer D,Yes,3.84,No,No,0,No,No,No,No,No,No,No,No,One Year,No,Credit Card,4,No,17
Male,41,No,Yes,No,0,Yes,8,Offer B,Yes,39.22,No,Yes,27,No,Yes,Yes,No,No,No,No,Yes,Month-to-Month,Yes,Bank Withdrawal,3,No,40
Female,37,No,Yes,Yes,2,Yes,1,Offer B,No,0,No,Yes,16,Yes,No,Yes,No,No,No,No,Yes,One Year,No,Credit Card,4,No,41
Male,36,No,Yes,No,0,Yes,10,Offer B,Yes,39.39,Yes,Yes,3,No,Yes,No,No,No,No,No,Yes,Month-to-Month,Yes,Bank Withdrawal,5,No,41
Female,31,No,No,No,0,No,0,None,Yes,47.19,No,No,0,No,No,No,No,No,No,No,No,Month-to-Month,Yes,Mailed Check,5,No,2
Male,50,No,No,No,0,No,0,None,Yes,18.53,No,Yes,21,No,Yes,Yes,No,No,No,No,No,One Year,No,Credit Card,4,No,68
Female,42,No,Yes,Yes,3,Yes,7,None,Yes,20.74,Yes,No,0,No,No,No,No,No,No,No,No,Two Year,No,Mailed Check,3,No,24
Male,22,No,Yes,No,0,Yes,2,None,Yes,4.8,Yes,Yes,41,Yes,No,Yes,Yes,No,Yes,Yes,Yes,Two Year,No,Credit Card,3,No,70
Male,58,No,No,No,0,No,0,Offer E,No,0,No,Yes,18,No,No,No,Yes,No,No,No,Yes,Month-to-Month,Yes,Bank Withdrawal,3,No,3
Male,56,No,No,No,0,No,0,None,Yes,5.08,No,Yes,17,No,No,No,No,No,No,No,Yes,Month-to-Month,No,Bank Withdrawal,4,No,2
Male,62,No,Yes,No,0,Yes,1,Offer E,No,0,No,Yes,4,No,Yes,No,No,No,No,No,Yes,Month-to-Month,No,Credit Card,3,No,3
Female,54,No,No,No,0,No,0,Offer D,Yes,10.66,No,Yes,5,Yes,No,No,No,Yes,Yes,Yes,Yes,Month-to-Month,Yes,Bank Withdrawal,3,No,13
Male,44,No,No,No,0,No,0,Offer E,Yes,47.19,No,No,0,No,No,No,No,No,No,No,No,Month-to-Month,No,Mailed Check,5,No,7
Male,49,No,Yes,Yes,2,Yes,5,Offer D,Yes,17.27,No,Yes,29,No,No,No,No,Yes,No,No,Yes,Month-to-Month,Yes,Mailed Check,3,No,12
Male,40,No,Yes,Yes,1,Yes,7,Offer B,Yes,3.78,Yes,Yes,27,No,Yes,Yes,No,Yes,Yes,Yes,Yes,One Year,Yes,Bank Withdrawal,3,No,53
Male,48,No,Yes,Yes,2,Yes,4,Offer B,Yes,10.67,No,No,0,No,No,No,No,No,No,No,No,Two Year,No,Mailed Check,5,No,63
Female,58,No,No,No,0,No,0,Offer D,Yes,8.97,No,Yes,2,Yes,Yes,Yes,Yes,Yes,Yes,Yes,Yes,Month-to-Month,No,Mailed Check,3,No,15
Male,40,No,Yes,Yes,1,Yes,2,None,Yes,8,No,Yes,19,Yes,Yes,No,No,No,No,No,Yes,One Year,No,Credit Card,4,No,36
Female,51,No,Yes,Yes,1,Yes,8,None,Yes,30.41,No,No,0,No,No,No,No,No,No,No,No,Two Year,No,Credit Card,4,No,24
Female,59,No,No,No,0,No,0,Offer B,No,0,No,Yes,8,Yes,Yes,Yes,Yes,No,No,No,Yes,One Year,No,Credit Card,4,No,61
Male,43,No,No,No,0,No,0,None,Yes,5.79,Yes,Yes,4,No,Yes,No,No,No,No,No,Yes,Month-to-Month,No,Bank Withdrawal,5,No,16
Male,55,No,Yes,Yes,1,Yes,5,Offer B,Yes,33.47,No,No,0,No,No,No,No,No,No,No,No,Two Year,Yes,Credit Card,3,No,65
Female,40,No,Yes,Yes,2,Yes,4,None,Yes,12.71,No,No,0,No,No,No,No,No,No,No,No,Two Year,No,Credit Card,4,No,26
Male,29,No,No,No,0,No,0,None,Yes,48.45,No,Yes,59,No,No,No,Yes,No,No,No,Yes,Month-to-Month,Yes,Credit Card,4,No,16
Male,19,No,No,Yes,1,No,0,Offer E,Yes,29.15,No,No,0,No,No,No,No,No,No,No,No,Two Year,No,Credit Card,3,No,5
Female,19,No,No,No,0,No,0,None,No,0,No,Yes,59,No,Yes,No,No,No,Yes,Yes,No,Month-to-Month,Yes,Bank Withdrawal,5,No,19
Male,29,No,No,No,0,No,0,None,Yes,33.98,Yes,Yes,59,Yes,No,No,No,No,No,No,Yes,Month-to-Month,Yes,Credit Card,4,No,10
Female,42,No,No,No,0,No,0,None,Yes,24.19,Yes,Yes,13,No,Yes,Yes,Yes,Yes,Yes,Yes,Yes,Two Year,Yes,Bank Withdrawal,5,No,72
Female,30,No,Yes,Yes,2,Yes,6,None,Yes,5.74,No,Yes,59,No,Yes,Yes,No,No,No,No,Yes,Month-to-Month,Yes,Credit Card,5,No,10
Male,34,No,Yes,No,0,Yes,6,None,Yes,26.11,No,No,0,No,No,No,No,No,No,No,No,One Year,Yes,Credit Card,5,No,11
Male,58,No,Yes,Yes,3,Yes,10,None,Yes,32.27,Yes,Yes,28,Yes,No,No,Yes,No,No,No,Yes,One Year,Yes,Credit Card,3,No,17
Female,39,No,Yes,Yes,1,Yes,4,None,Yes,43.7,Yes,Yes,26,Yes,No,Yes,No,Yes,Yes,Yes,Yes,Month-to-Month,Yes,Credit Card,3,No,36
Male,21,No,Yes,Yes,2,Yes,3,Offer B,Yes,12.72,No,Yes,48,Yes,Yes,Yes,Yes,Yes,Yes,Yes,Yes,One Year,No,Bank Withdrawal,3,No,61
Male,50,No,No,No,0,No,0,None,Yes,46.5,No,Yes,17,No,Yes,No,No,Yes,Yes,Yes,Yes,Month-to-Month,Yes,Credit Card,4,No,22
Male,40,No,No,No,0,No,0,Offer E,No,0,No,Yes,6,No,No,No,No,No,No,No,Yes,Month-to-Month,Yes,Bank Withdrawal,5,No,1
Female,52,No,No,No,0,No,0,Offer E,Yes,30.54,No,Yes,27,No,No,No,No,No,No,No,Yes,Month-to-Month,No,Credit Card,3,No,6
Female,61,No,Yes,Yes,1,Yes,7,None,Yes,6.28,No,Yes,16,Yes,Yes,Yes,Yes,Yes,Yes,Yes,No,Two Year,Yes,Credit Card,3,No,68
Female,61,No,Yes,Yes,1,Yes,3,Offer B,Yes,16.87,No,Yes,24,No,Yes,Yes,Yes,No,No,No,Yes,Month-to-Month,No,Bank Withdrawal,3,No,52
Female,43,No,No,Yes,3,No,0,None,Yes,42.93,No,Yes,52,No,No,Yes,Yes,Yes,No,No,Yes,Month-to-Month,Yes,Bank Withdrawal,3,No,10
Female,39,No,Yes,Yes,2,Yes,10,None,Yes,14.17,No,No,0,No,No,No,No,No,No,No,No,Two Year,No,Bank Withdrawal,5,No,72
Male,28,No,Yes,Yes,1,Yes,9,Offer B,Yes,6.51,No,No,0,No,No,No,No,No,No,No,No,One Year,No,Credit Card,5,No,47
Male,57,No,Yes,Yes,1,Yes,9,None,Yes,8.67,Yes,Yes,10,Yes,No,No,No,Yes,Yes,Yes,Yes,One Year,No,Credit Card,4,No,24
Male,50,No,No,No,0,No,0,Offer B,Yes,45.87,Yes,No,0,No,No,No,No,No,No,No,No,One Year,No,Credit Card,4,No,65
Female,31,No,No,No,0,No,0,Offer E,Yes,7.94,Yes,Yes,3,No,No,No,Yes,Yes,Yes,Yes,No,Month-to-Month,Yes,Credit Card,4,No,4
Female,38,No,No,No,0,No,0,None,Yes,2.82,No,Yes,2,No,Yes,Yes,Yes,Yes,Yes,Yes,Yes,Month-to-Month,Yes,Bank Withdrawal,5,No,34
Female,46,No,Yes,No,0,No,0,None,Yes,14.61,No,No,0,No,No,No,No,No,No,No,No,Two Year,No,Credit Card,3,No,14
Male,54,No,Yes,Yes,2,Yes,7,None,Yes,4.26,No,No,0,No,No,No,No,No,No,No,No,One Year,No,Credit Card,3,No,13
Female,42,No,Yes,Yes,1,Yes,10,Offer B,Yes,1.83,Yes,Yes,13,No,Yes,No,Yes,Yes,Yes,Yes,Yes,Two Year,Yes,Bank Withdrawal,4,No,65
Male,59,No,Yes,Yes,2,Yes,4,None,Yes,37.86,No,Yes,30,Yes,No,No,Yes,No,No,No,Yes,One Year,No,Credit Card,3,No,23
Male,38,No,Yes,No,0,Yes,9,Offer B,Yes,6.63,No,Yes,23,Yes,Yes,Yes,No,No,No,No,Yes,Two Year,No,Bank Withdrawal,3,No,55
Male,58,No,Yes,No,0,Yes,8,Offer B,Yes,36.3,No,Yes,9,No,Yes,No,No,Yes,Yes,Yes,No,Two Year,Yes,Bank Withdrawal,4,No,49
Male,48,No,Yes,No,0,Yes,8,Offer B,Yes,19.22,Yes,Yes,4,No,Yes,Yes,No,Yes,Yes,Yes,Yes,One Year,No,Bank Withdrawal,5,No,60
Female,24,No,Yes,Yes,2,Yes,5,None,Yes,23.47,No,No,0,No,No,No,No,No,No,No,No,One Year,Yes,Credit Card,3,No,69
Male,59,No,No,No,0,No,0,None,Yes,17.83,Yes,Yes,27,No,No,No,No,Yes,No,No,Yes,Month-to-Month,Yes,Bank Withdrawal,4,No,40
Male,59,No,Yes,No,0,No,0,None,Yes,47.46,No,Yes,20,Yes,Yes,No,Yes,No,Yes,Yes,Yes,Two Year,Yes,Credit Card,3,No,67
Female,56,No,Yes,Yes,3,Yes,6,None,Yes,27.62,No,No,0,No,No,No,No,No,No,No,No,Two Year,No,Credit Card,4,No,13
Female,33,No,No,Yes,2,No,0,None,Yes,18.72,Yes,Yes,10,No,Yes,No,No,Yes,No,No,Yes,Month-to-Month,Yes,Bank Withdrawal,3,No,41
Female,46,No,No,No,0,No,0,None,No,0,No,Yes,26,Yes,No,Yes,No,No,No,No,No,Month-to-Month,No,Credit Card,4,No,4
Female,29,No,Yes,Yes,3,Yes,7,None,Yes,27.37,No,Yes,85,Yes,No,No,Yes,No,No,No,Yes,Month-to-Month,No,Bank Withdrawal,3,No,24
Female,46,No,No,No,0,No,0,Offer E,No,0,No,Yes,26,No,Yes,No,No,Yes,Yes,Yes,Yes,Month-to-Month,Yes,Credit Card,5,No,5
Female,37,No,No,No,0,No,0,None,Yes,44.78,Yes,Yes,29,No,Yes,No,No,No,Yes,Yes,Yes,Month-to-Month,Yes,Bank Withdrawal,5,No,5
Female,39,No,Yes,Yes,3,Yes,7,None,Yes,49.12,Yes,Yes,23,Yes,Yes,Yes,Yes,Yes,No,No,Yes,Two Year,No,Bank Withdrawal,4,No,72
Female,34,No,No,No,0,No,0,None,Yes,4.82,No,Yes,16,No,No,Yes,No,No,No,No,Yes,Month-to-Month,Yes,Credit Card,5,No,24
Female,25,No,Yes,No,0,Yes,4,None,Yes,9.84,Yes,Yes,52,Yes,No,Yes,Yes,Yes,Yes,Yes,Yes,Two Year,No,Credit Card,4,No,42
Female,33,No,No,No,0,No,0,None,Yes,25.8,No,No,0,No,No,No,No,No,No,No,No,Month-to-Month,No,Credit Card,4,No,4
Male,39,No,No,No,0,No,0,None,Yes,32.67,Yes,Yes,3,Yes,Yes,Yes,Yes,Yes,Yes,Yes,Yes,One Year,Yes,Credit Card,3,No,68
Female,23,No,Yes,Yes,3,Yes,3,None,Yes,28.4,No,No,0,No,No,No,No,No,No,No,No,One Year,No,Credit Card,3,No,33
Female,49,No,Yes,Yes,3,Yes,2,None,Yes,19.18,No,Yes,22,No,Yes,No,Yes,No,No,No,Yes,Month-to-Month,Yes,Bank Withdrawal,3,No,3
Female,44,No,Yes,Yes,1,Yes,5,None,Yes,8.94,Yes,Yes,27,No,Yes,No,Yes,Yes,Yes,Yes,Yes,Two Year,No,Bank Withdrawal,4,No,48
Female,35,No,Yes,No,0,Yes,9,None,Yes,46.68,Yes,No,0,No,No,No,No,No,No,No,No,Two Year,No,Credit Card,4,No,15
Female,50,No,No,No,0,No,0,None,Yes,1.36,No,No,0,No,No,No,No,No,No,No,No,One Year,No,Credit Card,5,No,25
Female,62,No,No,No,0,No,0,None,No,0,No,Yes,23,Yes,Yes,No,No,Yes,No,No,Yes,Month-to-Month,Yes,Bank Withdrawal,3,No,48
Male,29,No,No,No,0,No,0,None,Yes,10.84,No,No,0,No,No,No,No,No,No,No,No,Month-to-Month,No,Credit Card,4,No,1
Male,22,No,No,No,0,No,0,None,Yes,26.37,No,No,0,No,No,No,No,No,No,No,No,Month-to-Month,No,Bank Withdrawal,4,No,1
Female,48,No,No,No,0,No,0,None,Yes,9.61,No,Yes,11,No,Yes,Yes,No,No,No,No,Yes,One Year,No,Bank Withdrawal,5,No,37
Female,34,No,Yes,No,0,Yes,10,None,No,0,No,Yes,28,Yes,Yes,Yes,No,Yes,No,No,No,One Year,No,Bank Withdrawal,4,No,26
Male,59,No,Yes,No,0,Yes,6,None,Yes,46.99,No,Yes,13,Yes,Yes,No,Yes,Yes,No,No,Yes,One Year,No,Credit Card,3,No,63
Female,40,No,Yes,No,0,Yes,9,None,Yes,49.39,Yes,No,0,No,No,No,No,No,No,No,No,Two Year,No,Credit Card,4,No,64
Female,27,No,No,Yes,3,No,0,None,Yes,26.09,No,No,0,No,No,No,No,No,No,No,No,Month-to-Month,No,Credit Card,5,No,28
Female,32,No,No,No,0,No,0,None,Yes,7.11,No,Yes,26,No,No,Yes,No,No,No,No,Yes,Month-to-Month,No,Bank Withdrawal,5,No,1
Male,36,No,Yes,No,0,Yes,1,None,Yes,25.83,Yes,Yes,24,No,Yes,Yes,No,No,Yes,Yes,Yes,One Year,No,Bank Withdrawal,4,No,66
Female,20,No,No,No,0,No,0,None,Yes,10.05,No,Yes,51,No,No,No,No,No,No,No,No,Month-to-Month,Yes,Bank Withdrawal,4,No,1
Female,42,No,Yes,No,0,Yes,4,Offer D,Yes,35.96,No,Yes,17,No,No,No,Yes,No,No,No,Yes,Month-to-Month,Yes,Credit Card,3,No,18
Male,56,No,Yes,Yes,1,Yes,5,None,Yes,15.51,No,No,0,No,No,No,No,No,No,No,No,Two Year,No,Credit Card,3,No,10
Male,44,No,No,Yes,3,No,0,Offer D,Yes,17.23,No,No,0,No,No,No,No,No,No,No,No,Two Year,No,Bank Withdrawal,5,No,12
Male,37,No,No,No,0,No,0,Offer D,Yes,2.29,Yes,No,0,No,No,No,No,No,No,No,No,Month-to-Month,No,Bank Withdrawal,4,No,12
Female,62,No,Yes,Yes,1,Yes,3,None,Yes,3.18,No,No,0,No,No,No,No,No,No,No,No,Two Year,No,Credit Card,5,No,55
Female,63,No,No,No,0,No,0,None,Yes,25.17,Yes,Yes,17,No,No,No,No,No,No,No,Yes,Month-to-Month,Yes,Bank Withdrawal,3,No,7
Female,49,No,Yes,Yes,1,Yes,10,None,Yes,43.51,Yes,Yes,22,Yes,Yes,Yes,Yes,Yes,Yes,Yes,No,Two Year,No,Credit Card,3,No,68
Male,38,No,No,No,0,No,0,None,No,0,No,Yes,19,Yes,Yes,Yes,No,Yes,Yes,Yes,Yes,One Year,No,Credit Card,3,No,40
Female,23,No,No,No,0,No,0,Offer D,Yes,47.25,No,No,0,No,No,No,No,No,No,No,No,One Year,No,Bank Withdrawal,3,No,16
Female,49,No,Yes,No,0,Yes,6,Offer A,Yes,46.1,Yes,Yes,23,No,Yes,Yes,No,Yes,Yes,Yes,Yes,One Year,Yes,Bank Withdrawal,4,No,72
Male,32,No,Yes,Yes,1,Yes,1,Offer D,Yes,18.91,No,No,0,No,No,No,No,No,No,No,No,Two Year,No,Credit Card,3,No,23
Male,44,No,Yes,No,0,Yes,1,Offer D,Yes,44.6,No,Yes,20,No,Yes,No,No,No,Yes,Yes,Yes,Month-to-Month,Yes,Credit Card,3,No,12
Female,52,No,No,No,0,No,0,None,No,0,No,Yes,21,Yes,No,No,Yes,No,Yes,Yes,Yes,One Year,No,Bank Withdrawal,3,No,54
Female,27,No,Yes,No,0,Yes,3,Offer A,Yes,3.41,Yes,Yes,26,No,Yes,Yes,Yes,No,No,No,Yes,Two Year,No,Credit Card,4,No,68
Male,53,No,No,No,0,No,0,None,Yes,15.09,No,Yes,28,Yes,No,No,Yes,No,No,No,Yes,Month-to-Month,No,Credit Card,3,No,27
Male,34,No,No,No,0,No,0,Offer D,Yes,44.01,No,No,0,No,No,No,No,No,No,No,No,Month-to-Month,Yes,Credit Card,5,No,21
Male,27,No,Yes,No,0,Yes,2,None,No,0,No,Yes,69,No,Yes,Yes,Yes,Yes,Yes,Yes,No,Two Year,Yes,Bank Withdrawal,4,No,57
Male,25,No,No,No,0,No,0,Offer D,Yes,34.68,No,No,0,No,No,No,No,No,No,No,No,Two Year,No,Credit Card,5,No,19
Male,27,No,Yes,No,0,Yes,2,None,Yes,36.69,No,Yes,52,No,No,Yes,No,Yes,Yes,Yes,Yes,One Year,Yes,Bank Withdrawal,4,No,31
Male,34,No,No,No,0,No,0,None,Yes,6.8,Yes,Yes,30,Yes,Yes,Yes,Yes,Yes,Yes,Yes,Yes,Two Year,Yes,Credit Card,3,No,52
Female,55,No,No,No,0,No,0,None,Yes,33.18,Yes,Yes,3,No,Yes,Yes,No,No,Yes,Yes,Yes,One Year,Yes,Bank Withdrawal,5,No,46
Female,40,No,Yes,Yes,3,Yes,5,None,No,0,No,Yes,25,Yes,Yes,Yes,No,No,Yes,Yes,Yes,Month-to-Month,Yes,Bank Withdrawal,4,No,53
Female,34,No,Yes,Yes,1,Yes,4,Offer A,Yes,12.22,No,No,0,No,No,No,No,No,No,No,No,Two Year,No,Bank Withdrawal,4,No,71
Female,58,No,Yes,Yes,2,Yes,6,None,Yes,48.79,No,No,0,No,No,No,No,No,No,No,No,Month-to-Month,Yes,Credit Card,5,No,1
Male,19,No,Yes,No,0,Yes,4,Offer A,Yes,25.19,Yes,No,0,No,No,No,No,No,No,No,No,Two Year,No,Credit Card,5,No,68
Male,35,No,Yes,No,0,Yes,8,Offer A,Yes,35.06,No,Yes,26,Yes,Yes,Yes,Yes,Yes,Yes,Yes,Yes,Two Year,No,Credit Card,3,No,72
Female,34,No,No,No,0,No,0,None,Yes,49.91,No,No,0,No,No,No,No,No,No,No,No,Month-to-Month,No,Credit Card,3,No,2
Female,57,No,No,No,0,No,0,None,Yes,38.21,No,Yes,5,Yes,No,Yes,Yes,Yes,Yes,Yes,Yes,One Year,Yes,Bank Withdrawal,4,No,41
Male,53,No,Yes,Yes,3,Yes,4,Offer A,Yes,36.82,Yes,No,0,No,No,No,No,No,No,No,No,Two Year,No,Credit Card,4,No,72
Female,24,No,Yes,No,0,Yes,8,None,Yes,26.99,Yes,Yes,53,Yes,No,No,Yes,No,Yes,Yes,Yes,One Year,Yes,Bank Withdrawal,3,No,58
Female,55,No,No,No,0,No,0,None,Yes,15.54,No,No,0,No,No,No,No,No,No,No,No,Month-to-Month,No,Credit Card,5,No,7
Female,63,No,Yes,No,0,Yes,7,None,Yes,19.99,No,Yes,26,Yes,No,Yes,No,No,No,No,Yes,Month-to-Month,Yes,Credit Card,3,No,65
Male,31,No,No,No,0,No,0,None,Yes,36.12,No,Yes,14,No,No,No,No,No,No,No,Yes,Month-to-Month,Yes,Credit Card,3,No,1
Male,29,No,Yes,No,0,No,0,None,Yes,48.87,No,No,0,No,No,No,No,No,No,No,No,One Year,No,Credit Card,5,No,56
Male,21,No,No,No,0,No,0,None,Yes,8.38,No,No,0,No,No,No,No,No,No,No,No,Month-to-Month,No,Credit Card,5,No,4
Female,44,No,Yes,Yes,3,Yes,7,None,Yes,22.65,No,Yes,25,No,No,No,No,No,No,No,No,One Year,Yes,Credit Card,4,No,58
Male,54,No,Yes,No,0,Yes,8,None,Yes,34.62,Yes,Yes,28,No,No,Yes,Yes,Yes,Yes,Yes,Yes,Two Year,Yes,Bank Withdrawal,4,No,62
Male,23,No,No,No,0,No,0,None,Yes,38.04,Yes,Yes,73,Yes,Yes,No,No,No,No,No,Yes,One Year,No,Bank Withdrawal,3,No,26
Male,44,No,No,No,0,No,0,None,Yes,18.9,Yes,Yes,2,Yes,Yes,Yes,No,No,No,No,Yes,Month-to-Month,No,Bank Withdrawal,3,No,62
Female,20,No,Yes,Yes,2,Yes,9,None,Yes,39.05,No,Yes,76,Yes,Yes,No,No,Yes,Yes,Yes,Yes,One Year,No,Credit Card,3,No,58
Female,45,No,Yes,No,0,Yes,10,Offer A,Yes,15.65,Yes,Yes,5,Yes,Yes,Yes,Yes,Yes,Yes,Yes,Yes,Two Year,Yes,Bank Withdrawal,3,No,68
Female,60,No,Yes,Yes,1,Yes,5,Offer B,Yes,18.26,Yes,Yes,19,Yes,Yes,Yes,No,No,Yes,Yes,No,One Year,Yes,Credit Card,3,No,61
Female,56,No,No,No,0,No,0,Offer B,Yes,20.27,Yes,Yes,15,No,No,Yes,Yes,Yes,Yes,Yes,Yes,Two Year,Yes,Credit Card,4,No,42
Male,19,No,No,No,0,No,0,Offer D,Yes,2.26,Yes,Yes,73,No,No,No,No,Yes,No,No,Yes,Month-to-Month,No,Bank Withdrawal,3,No,18
Female,57,No,No,No,0,No,0,Offer B,Yes,13.89,No,No,0,No,No,No,No,No,No,No,No,Two Year,Yes,Bank Withdrawal,5,No,56
Female,31,No,No,No,0,No,0,None,Yes,3.05,No,No,0,No,No,No,No,No,No,No,No,Month-to-Month,No,Credit Card,5,No,4
Female,46,No,No,Yes,3,No,0,None,Yes,12.56,No,Yes,56,Yes,Yes,No,No,No,No,No,Yes,One Year,No,Credit Card,3,No,35
Female,31,No,Yes,Yes,2,No,0,Offer B,Yes,27.74,Yes,Yes,12,Yes,No,No,Yes,No,No,No,Yes,Month-to-Month,Yes,Bank Withdrawal,3,No,64
Female,23,No,No,No,0,No,0,None,Yes,31.79,No,No,0,No,No,No,No,No,No,No,No,One Year,No,Mailed Check,4,No,31
Male,49,No,Yes,Yes,4,Yes,8,Offer E,Yes,42.55,No,Yes,53,Yes,Yes,No,Yes,No,No,No,Yes,Two Year,No,Mailed Check,4,No,2
Female,32,No,Yes,Yes,2,Yes,1,None,Yes,33.62,No,Yes,13,No,No,No,No,Yes,Yes,Yes,Yes,Month-to-Month,Yes,Credit Card,4,No,29
Female,54,No,No,No,0,No,0,Offer B,No,0,No,Yes,23,Yes,No,Yes,Yes,No,No,No,Yes,Two Year,No,Credit Card,3,No,47
Male,41,No,No,Yes,1,No,0,Offer D,Yes,27.07,No,Yes,29,Yes,No,No,No,Yes,Yes,Yes,Yes,Month-to-Month,Yes,Mailed Check,3,No,12
Female,24,No,Yes,Yes,1,Yes,10,None,Yes,31.86,No,Yes,59,No,Yes,No,Yes,No,No,No,No,Month-to-Month,No,Bank Withdrawal,5,No,8
Male,35,No,Yes,No,0,Yes,9,Offer B,Yes,49.9,Yes,Yes,29,Yes,Yes,Yes,No,Yes,Yes,Yes,Yes,Month-to-Month,No,Bank Withdrawal,4,No,54
Male,56,No,Yes,Yes,3,Yes,2,Offer A,Yes,20.32,No,Yes,56,No,Yes,No,Yes,Yes,No,No,Yes,Two Year,Yes,Mailed Check,3,No,69
Female,54,No,No,No,0,No,0,Offer C,Yes,25.4,Yes,Yes,10,Yes,Yes,No,No,Yes,No,No,Yes,Month-to-Month,Yes,Bank Withdrawal,4,No,26
Female,27,No,Yes,No,0,Yes,1,Offer A,Yes,38.79,Yes,Yes,42,Yes,Yes,Yes,Yes,No,No,No,Yes,Two Year,Yes,Bank Withdrawal,4,No,72
Female,54,No,No,No,0,No,0,Offer A,No,0,No,Yes,13,Yes,No,Yes,Yes,Yes,Yes,Yes,Yes,Two Year,Yes,Bank Withdrawal,3,No,70
Female,56,No,Yes,Yes,2,Yes,6,Offer C,Yes,12.94,No,Yes,24,No,No,No,No,No,No,No,Yes,One Year,Yes,Bank Withdrawal,3,No,28
Female,60,No,Yes,No,0,Yes,6,Offer D,Yes,27.66,Yes,Yes,8,No,No,No,No,Yes,Yes,Yes,No,Month-to-Month,Yes,Bank Withdrawal,3,No,21
Female,49,No,Yes,Yes,1,Yes,10,Offer B,Yes,30.31,No,No,0,No,No,No,No,No,No,No,No,One Year,No,Bank Withdrawal,5,No,53
Male,38,No,No,Yes,3,No,0,Offer B,Yes,33.74,No,Yes,56,Yes,Yes,Yes,No,No,Yes,Yes,Yes,One Year,No,Bank Withdrawal,3,No,53
Female,30,No,Yes,No,0,Yes,7,Offer A,Yes,26.47,Yes,Yes,59,Yes,Yes,Yes,Yes,Yes,Yes,Yes,Yes,Two Year,Yes,Credit Card,3,No,70
Male,30,No,No,No,0,No,0,Offer B,Yes,42.4,Yes,Yes,71,Yes,Yes,Yes,No,Yes,Yes,Yes,Yes,One Year,Yes,Bank Withdrawal,3,No,61
Female,21,No,No,No,0,No,0,Offer D,Yes,1.16,No,Yes,41,Yes,No,No,Yes,No,No,No,Yes,One Year,Yes,Mailed Check,4,No,11
Male,53,No,No,No,0,No,0,Offer E,Yes,6.74,No,Yes,3,No,No,No,No,No,No,No,Yes,Month-to-Month,Yes,Credit Card,3,No,2
Male,29,No,No,No,0,No,0,Offer C,Yes,3.58,No,No,0,No,No,No,No,No,No,No,No,One Year,Yes,Bank Withdrawal,4,No,25
Female,40,No,No,No,0,No,0,Offer B,Yes,36.47,Yes,Yes,8,No,Yes,No,No,No,No,No,Yes,One Year,Yes,Credit Card,5,No,41
Female,43,No,Yes,Yes,3,Yes,10,Offer A,Yes,41.71,Yes,Yes,20,Yes,Yes,Yes,Yes,Yes,Yes,Yes,Yes,Two Year,Yes,Credit Card,4,No,71
Female,34,No,Yes,Yes,1,Yes,7,Offer C,Yes,49.58,No,Yes,16,Yes,Yes,Yes,No,No,No,No,Yes,One Year,Yes,Mailed Check,4,No,34
Male,62,No,No,No,0,No,0,Offer C,Yes,48.2,No,Yes,19,No,No,Yes,Yes,Yes,Yes,Yes,Yes,Month-to-Month,Yes,Credit Card,5,No,29
Male,37,No,Yes,No,0,Yes,7,Offer C,No,0,No,Yes,23,Yes,No,Yes,No,No,No,No,Yes,One Year,No,Mailed Check,4,No,36
Female,41,No,Yes,No,0,Yes,3,Offer B,Yes,33.22,Yes,Yes,29,No,Yes,No,Yes,Yes,Yes,Yes,No,One Year,Yes,Bank Withdrawal,3,No,46
Female,51,No,No,No,0,No,0,Offer B,Yes,46.7,Yes,Yes,19,Yes,Yes,Yes,No,Yes,Yes,Yes,Yes,One Year,Yes,Bank Withdrawal,3,No,58
Male,54,No,No,No,0,No,0,Offer C,Yes,36.93,Yes,Yes,12,No,Yes,No,No,No,No,No,Yes,One Year,No,Credit Card,4,No,39
Female,53,No,Yes,Yes,3,Yes,8,Offer B,Yes,8.16,Yes,Yes,20,No,Yes,Yes,No,Yes,No,No,Yes,One Year,Yes,Credit Card,3,No,52
Male,61,No,No,No,0,No,0,Offer E,Yes,13.63,No,Yes,13,No,No,No,No,No,No,No,Yes,Month-to-Month,Yes,Mailed Check,5,No,1
Female,21,No,Yes,No,0,Yes,9,Offer A,Yes,16.66,Yes,Yes,26,No,No,Yes,No,Yes,Yes,Yes,No,One Year,Yes,Bank Withdrawal,4,No,70
Female,21,No,No,No,0,No,0,Offer A,Yes,8.71,Yes,Yes,41,Yes,No,Yes,Yes,Yes,Yes,Yes,Yes,Two Year,Yes,Mailed Check,4,No,67
Female,57,No,No,No,0,No,0,Offer E,Yes,33.02,No,No,0,No,No,No,No,No,No,No,No,Month-to-Month,Yes,Credit Card,4,No,1
Female,39,No,Yes,Yes,2,Yes,6,Offer C,Yes,47.21,Yes,No,0,No,No,No,No,No,No,No,No,Two Year,Yes,Credit Card,3,No,30
Female,58,No,Yes,No,0,Yes,3,Offer B,Yes,1.02,No,Yes,2,No,No,Yes,Yes,Yes,Yes,Yes,Yes,Month-to-Month,Yes,Credit Card,5,No,48
Female,49,No,Yes,Yes,2,Yes,9,Offer B,Yes,36.41,No,Yes,14,Yes,Yes,No,No,No,No,No,Yes,Month-to-Month,No,Bank Withdrawal,3,No,55
Male,29,No,No,No,0,No,0,Offer C,Yes,12.69,Yes,Yes,69,Yes,No,No,No,Yes,No,No,No,Month-to-Month,Yes,Bank Withdrawal,3,No,37
Female,64,No,Yes,No,0,Yes,1,Offer C,Yes,12.03,No,Yes,9,No,Yes,No,No,No,Yes,Yes,Yes,Month-to-Month,Yes,Bank Withdrawal,3,No,31
Male,46,No,No,No,0,No,0,Offer E,Yes,33.93,No,Yes,20,No,No,No,No,No,No,No,Yes,Month-to-Month,Yes,Bank Withdrawal,3,No,4
Male,49,No,Yes,Yes,2,Yes,7,Offer A,Yes,27.93,Yes,No,0,No,No,No,No,No,No,No,No,Two Year,Yes,Credit Card,3,No,72
Male,37,No,Yes,Yes,3,Yes,2,None,Yes,34.28,No,No,0,No,No,No,No,No,No,No,No,Month-to-Month,No,Credit Card,5,No,1
Male,47,No,Yes,Yes,1,Yes,7,None,Yes,10.36,No,Yes,20,Yes,No,No,No,No,No,No,Yes,Month-to-Month,Yes,Credit Card,4,No,8
Female,61,No,No,No,0,No,0,Offer C,Yes,23.77,No,No,0,No,No,No,No,No,No,No,No,One Year,No,Credit Card,4,No,35
Female,57,No,Yes,Yes,2,Yes,2,None,Yes,35.42,No,No,0,No,No,No,No,No,No,No,No,One Year,No,Credit Card,3,No,2
Female,43,No,No,No,0,No,0,Offer D,Yes,11.36,Yes,Yes,13,No,No,No,No,No,No,No,Yes,Month-to-Month,Yes,Bank Withdrawal,4,No,18
Female,43,No,No,No,0,No,0,None,Yes,48.88,Yes,Yes,12,Yes,No,Yes,No,Yes,Yes,Yes,Yes,One Year,Yes,Bank Withdrawal,3,No,23
Male,30,No,Yes,No,0,Yes,9,Offer A,Yes,3.51,No,No,0,No,No,No,No,No,No,No,No,Two Year,No,Credit Card,5,No,70
Female,24,No,No,No,0,No,0,None,Yes,16.25,Yes,Yes,51,No,No,No,No,No,No,No,Yes,Month-to-Month,No,Bank Withdrawal,4,No,4
Male,53,No,No,No,0,No,0,None,Yes,29.52,No,Yes,5,No,No,No,No,No,No,No,Yes,Month-to-Month,Yes,Bank Withdrawal,3,No,19
Female,61,No,No,No,0,No,0,None,Yes,19.93,No,Yes,26,No,Yes,Yes,No,No,No,No,Yes,Month-to-Month,No,Bank Withdrawal,5,No,18
Male,51,No,No,No,0,No,0,Offer B,Yes,40.25,Yes,Yes,20,Yes,Yes,No,No,Yes,No,No,Yes,One Year,No,Bank Withdrawal,4,No,47
Female,22,No,Yes,Yes,1,Yes,10,None,Yes,2.44,No,No,0,No,No,No,No,No,No,No,No,Two Year,No,Bank Withdrawal,4,No,52
Male,46,No,No,No,0,No,0,None,Yes,10.69,Yes,Yes,10,No,No,No,No,No,Yes,Yes,No,Month-to-Month,No,Credit Card,5,No,9
Female,46,No,Yes,No,0,Yes,1,Offer C,Yes,25.63,Yes,Yes,19,Yes,Yes,Yes,Yes,Yes,Yes,Yes,Yes,One Year,Yes,Credit Card,3,No,26
Male,19,No,Yes,No,0,Yes,1,None,Yes,29.61,No,Yes,48,No,Yes,Yes,Yes,Yes,No,No,Yes,One Year,Yes,Bank Withdrawal,5,No,44
Female,34,No,No,No,0,No,0,None,No,0,No,Yes,22,No,Yes,No,No,No,No,No,Yes,Month-to-Month,No,Credit Card,4,No,3
Male,45,No,No,No,0,No,0,None,Yes,1.87,No,Yes,12,No,No,No,No,No,No,No,Yes,Month-to-Month,Yes,Bank Withdrawal,4,No,2
Male,53,No,No,No,0,No,0,Offer C,Yes,17.3,No,Yes,26,Yes,No,No,No,No,No,No,Yes,Month-to-Month,No,Bank Withdrawal,4,No,25
Female,49,No,Yes,No,0,Yes,1,None,Yes,21.38,Yes,Yes,26,No,Yes,Yes,No,No,Yes,Yes,No,One Year,Yes,Bank Withdrawal,3,No,58
Female,33,No,Yes,Yes,1,No,0,None,Yes,13.27,Yes,Yes,15,Yes,No,Yes,Yes,Yes,No,No,Yes,Two Year,Yes,Credit Card,4,No,59
Male,55,No,No,No,0,No,0,None,No,0,No,Yes,17,Yes,No,Yes,No,Yes,Yes,Yes,Yes,One Year,Yes,Bank Withdrawal,3,No,44
Male,43,No,No,No,0,No,0,Offer A,Yes,33.02,Yes,Yes,6,No,Yes,No,Yes,Yes,Yes,Yes,Yes,One Year,Yes,Bank Withdrawal,4,No,66
Male,45,No,Yes,Yes,3,Yes,1,Offer A,Yes,35.89,No,No,0,No,No,No,No,No,No,No,No,Two Year,No,Bank Withdrawal,3,No,68
Male,61,No,No,No,0,No,0,None,No,0,No,Yes,7,No,No,No,No,No,No,No,Yes,Month-to-Month,Yes,Bank Withdrawal,5,No,9
Male,29,No,No,No,0,No,0,None,Yes,11.42,Yes,Yes,41,Yes,No,Yes,No,No,No,No,Yes,Month-to-Month,Yes,Bank Withdrawal,4,No,19
Male,20,No,No,No,0,No,0,None,Yes,41.94,No,No,0,No,No,No,No,No,No,No,No,Month-to-Month,No,Credit Card,3,No,4
Female,28,No,No,No,0,No,0,Offer A,Yes,17.32,Yes,Yes,30,Yes,Yes,Yes,Yes,Yes,Yes,Yes,Yes,Two Year,Yes,Bank Withdrawal,4,No,70
Male,44,No,No,No,0,No,0,Offer E,Yes,15.76,No,Yes,13,No,No,No,No,No,No,No,Yes,Month-to-Month,Yes,Credit Card,3,No,1
Female,51,No,No,No,0,No,0,None,Yes,18.82,Yes,Yes,3,No,No,No,No,No,No,No,Yes,Month-to-Month,Yes,Bank Withdrawal,4,No,8
Male,24,No,No,No,0,No,0,None,Yes,34.16,Yes,No,0,No,No,No,No,No,No,No,No,Two Year,No,Credit Card,5,No,53
Male,33,No,Yes,Yes,2,Yes,1,None,Yes,15.73,No,No,0,No,No,No,No,No,No,No,No,Month-to-Month,No,Bank Withdrawal,3,No,11
Male,48,No,Yes,Yes,3,Yes,1,None,Yes,40.36,Yes,Yes,76,Yes,No,Yes,Yes,Yes,Yes,Yes,No,Two Year,Yes,Bank Withdrawal,3,No,60
Male,64,No,No,No,0,No,0,None,Yes,33.68,No,Yes,14,Yes,Yes,No,No,No,No,No,Yes,Month-to-Month,Yes,Credit Card,4,No,17
Male,34,No,No,No,0,No,0,Offer E,Yes,29.15,No,No,0,No,No,No,No,No,No,No,No,Month-to-Month,No,Credit Card,3,No,1
Female,48,No,Yes,No,0,Yes,1,None,Yes,46.86,No,No,0,No,No,No,No,No,No,No,No,Month-to-Month,No,Credit Card,3,No,16
Female,33,No,Yes,Yes,2,Yes,1,None,Yes,17.01,No,Yes,11,Yes,Yes,No,No,No,No,No,Yes,One Year,No,Bank Withdrawal,3,No,57
Male,31,No,Yes,Yes,1,Yes,1,None,Yes,43.68,No,No,0,No,No,No,No,No,No,No,No,One Year,No,Credit Card,4,No,37
Female,56,No,Yes,No,0,Yes,1,None,Yes,4.56,Yes,Yes,18,Yes,Yes,Yes,Yes,Yes,Yes,Yes,Yes,Two Year,No,Credit Card,4,No,72
Female,53,No,No,No,0,No,0,None,Yes,5.49,Yes,Yes,14,No,No,Yes,Yes,Yes,No,No,Yes,Month-to-Month,Yes,Credit Card,5,No,17
Female,63,No,No,No,0,No,0,None,Yes,40.95,No,No,0,No,No,No,No,No,No,No,No,One Year,No,Credit Card,5,No,16
Female,57,No,No,No,0,No,0,None,Yes,2.84,No,No,0,No,No,No,No,No,No,No,No,One Year,Yes,Credit Card,3,No,10
Male,53,No,Yes,Yes,1,Yes,1,None,Yes,13.73,Yes,Yes,12,No,Yes,Yes,Yes,Yes,Yes,Yes,Yes,Two Year,Yes,Credit Card,4,No,64
Female,33,No,No,No,0,No,0,Offer E,Yes,18,Yes,Yes,23,No,Yes,No,No,No,No,No,No,Month-to-Month,Yes,Credit Card,4,No,1
Male,63,No,Yes,Yes,3,Yes,1,None,Yes,36.17,No,Yes,53,No,Yes,Yes,No,No,No,No,Yes,One Year,No,Credit Card,5,No,25
Male,22,No,Yes,Yes,1,Yes,1,None,Yes,33.69,No,Yes,27,Yes,Yes,Yes,Yes,Yes,No,No,Yes,Two Year,No,Credit Card,3,No,71
Female,63,No,Yes,Yes,1,Yes,1,None,Yes,14.46,No,Yes,29,Yes,Yes,Yes,Yes,Yes,Yes,Yes,Yes,Two Year,Yes,Bank Withdrawal,4,No,72
Female,57,No,Yes,No,0,Yes,6,None,No,0,No,Yes,11,Yes,No,No,No,Yes,No,No,Yes,Month-to-Month,No,Bank Withdrawal,4,No,49
Male,62,No,Yes,Yes,3,Yes,6,None,No,0,No,Yes,57,Yes,Yes,Yes,Yes,No,Yes,Yes,Yes,One Year,Yes,Credit Card,3,No,29
Male,59,No,Yes,No,0,Yes,5,None,Yes,6.15,Yes,Yes,5,Yes,Yes,Yes,Yes,No,Yes,Yes,Yes,Two Year,No,Bank Withdrawal,3,No,72
Female,42,No,No,No,0,No,0,None,Yes,49.14,Yes,Yes,6,No,No,No,No,Yes,Yes,Yes,No,Month-to-Month,Yes,Bank Withdrawal,4,No,50
Male,47,No,Yes,No,0,Yes,6,None,Yes,35.09,Yes,Yes,12,Yes,No,Yes,Yes,Yes,Yes,Yes,Yes,Two Year,No,Bank Withdrawal,3,No,71
Male,47,No,No,No,0,No,0,None,Yes,16.57,Yes,Yes,5,Yes,No,No,Yes,No,Yes,Yes,Yes,One Year,No,Credit Card,3,No,71
Male,23,No,Yes,Yes,2,Yes,2,None,Yes,42.31,No,Yes,59,Yes,Yes,Yes,Yes,No,No,No,Yes,Two Year,Yes,Bank Withdrawal,4,No,61
Male,40,No,No,No,0,No,0,None,Yes,49.42,Yes,Yes,7,Yes,Yes,Yes,No,No,Yes,Yes,Yes,Two Year,Yes,Bank Withdrawal,3,No,68
Male,43,No,No,No,0,No,0,None,Yes,48.93,Yes,No,0,No,No,No,No,No,No,No,No,Two Year,No,Bank Withdrawal,4,No,62
Female,48,No,No,Yes,1,No,0,Offer E,Yes,28.5,No,Yes,13,No,No,No,No,No,No,No,No,Month-to-Month,Yes,Bank Withdrawal,5,No,7
Male,53,No,Yes,Yes,3,Yes,10,Offer E,Yes,1.57,No,No,0,No,No,No,No,No,No,No,No,One Year,No,Credit Card,4,No,6
Male,37,No,Yes,Yes,3,Yes,1,None,Yes,13.19,Yes,Yes,30,No,No,No,No,Yes,Yes,Yes,Yes,One Year,No,Bank Withdrawal,4,No,28
Male,27,No,No,No,0,No,0,None,Yes,47.65,No,No,0,No,No,No,No,No,No,No,No,Two Year,No,Credit Card,4,No,27
Male,41,No,No,No,0,No,0,Offer E,Yes,30.04,No,Yes,6,No,No,No,No,No,No,No,Yes,Month-to-Month,No,Credit Card,5,No,7
Male,33,No,No,No,0,No,0,None,Yes,9.21,Yes,Yes,28,No,Yes,No,No,No,Yes,Yes,No,One Year,No,Credit Card,3,No,63
Female,55,No,No,Yes,2,No,0,None,Yes,14.54,Yes,Yes,18,No,Yes,Yes,Yes,Yes,Yes,Yes,Yes,One Year,Yes,Bank Withdrawal,5,No,53
Female,22,No,No,No,0,No,0,Offer D,Yes,6.12,No,Yes,51,No,Yes,No,Yes,Yes,Yes,Yes,Yes,Month-to-Month,Yes,Bank Withdrawal,3,No,21
Male,23,No,No,No,0,No,0,Offer D,Yes,25.91,No,No,0,No,No,No,No,No,No,No,No,One Year,No,Credit Card,5,No,17
Male,30,No,Yes,Yes,2,Yes,3,Offer D,Yes,27.24,No,No,0,No,No,No,No,No,No,No,No,Two Year,No,Credit Card,3,No,16
Female,61,No,No,No,0,No,0,None,Yes,2.15,No,Yes,7,No,No,Yes,No,No,Yes,Yes,Yes,Month-to-Month,Yes,Bank Withdrawal,4,No,35
Female,27,No,Yes,Yes,3,Yes,9,None,Yes,15.85,No,No,0,No,No,No,No,No,No,No,No,Month-to-Month,Yes,Bank Withdrawal,4,No,28
Female,30,No,No,No,0,No,0,Offer E,Yes,29.86,No,No,0,No,No,No,No,No,No,No,No,Month-to-Month,Yes,Credit Card,4,No,1
Male,43,No,No,No,0,No,0,None,No,0,No,Yes,7,No,No,No,Yes,Yes,Yes,Yes,Yes,Month-to-Month,Yes,Bank Withdrawal,3,No,59
Female,26,No,Yes,Yes,2,Yes,6,None,Yes,18.14,Yes,No,0,No,No,No,No,No,No,No,No,One Year,Yes,Bank Withdrawal,5,No,72
Female,32,No,No,No,0,No,0,None,Yes,11.56,No,Yes,26,Yes,Yes,No,No,Yes,No,No,Yes,Month-to-Month,No,Credit Card,3,No,40
Male,55,No,Yes,Yes,3,Yes,4,None,Yes,3.52,Yes,Yes,56,No,No,Yes,No,No,No,No,Yes,Month-to-Month,Yes,Bank Withdrawal,3,No,40
Male,22,No,Yes,Yes,2,Yes,9,None,Yes,42.17,No,Yes,73,Yes,Yes,Yes,Yes,Yes,No,No,Yes,Two Year,No,Credit Card,4,No,63
Female,48,No,No,No,0,No,0,None,Yes,26.86,No,Yes,5,No,No,No,No,Yes,No,No,No,Month-to-Month,Yes,Bank Withdrawal,5,No,3
Male,19,No,Yes,Yes,2,Yes,3,None,No,0,No,Yes,26,No,Yes,Yes,Yes,Yes,Yes,Yes,Yes,One Year,No,Credit Card,4,No,40
Male,57,No,Yes,No,0,Yes,8,Offer E,Yes,20.67,No,Yes,18,Yes,No,No,No,No,No,No,Yes,Month-to-Month,Yes,Credit Card,3,No,8
Male,27,No,Yes,No,0,Yes,4,Offer E,Yes,26.03,Yes,Yes,59,No,Yes,Yes,No,No,Yes,Yes,Yes,Month-to-Month,Yes,Credit Card,4,No,9
Male,21,No,Yes,Yes,1,Yes,6,None,Yes,30.67,Yes,Yes,59,No,No,No,No,No,Yes,Yes,Yes,Month-to-Month,No,Bank Withdrawal,5,No,31
Female,30,No,Yes,No,0,Yes,1,None,Yes,28.1,No,No,0,No,No,No,No,No,No,No,No,One Year,Yes,Bank Withdrawal,5,No,50
Female,45,No,No,No,0,No,0,Offer E,No,0,No,Yes,21,No,Yes,No,No,No,Yes,Yes,No,Month-to-Month,No,Bank Withdrawal,4,No,9
Male,51,No,Yes,No,0,Yes,7,None,Yes,3.81,No,Yes,8,No,No,No,Yes,Yes,Yes,Yes,Yes,Month-to-Month,Yes,Credit Card,5,No,25
Female,51,No,Yes,Yes,2,Yes,9,Offer B,Yes,10.21,Yes,Yes,11,Yes,Yes,Yes,Yes,Yes,No,No,Yes,Month-to-Month,No,Credit Card,3,No,45
Female,31,No,Yes,Yes,1,Yes,4,Offer B,Yes,31.3,No,No,0,No,No,No,No,No,No,No,No,Month-to-Month,No,Credit Card,4,No,55
Female,39,No,No,No,0,No,0,None,Yes,20.14,Yes,Yes,13,Yes,Yes,Yes,No,No,No,No,Yes,Month-to-Month,Yes,Bank Withdrawal,4,No,38
Male,40,No,Yes,Yes,2,Yes,3,None,Yes,24.16,No,No,0,No,No,No,No,No,No,No,No,Month-to-Month,No,Bank Withdrawal,3,No,38
Male,34,No,No,No,0,No,0,None,Yes,4.89,No,Yes,27,No,Yes,No,No,No,No,No,No,Month-to-Month,Yes,Bank Withdrawal,4,No,34
Female,19,No,Yes,No,0,No,0,None,Yes,19.88,Yes,Yes,26,No,No,Yes,No,Yes,Yes,Yes,Yes,One Year,Yes,Bank Withdrawal,3,No,70
Female,20,No,No,No,0,No,0,Offer D,Yes,46.68,No,Yes,59,Yes,No,No,Yes,No,No,Yes,Yes,One Year,No,Credit Card,4,No,13
Female,21,No,No,No,0,No,0,Offer B,Yes,15.44,Yes,Yes,30,No,Yes,Yes,No,Yes,Yes,Yes,Yes,One Year,Yes,Bank Withdrawal,4,No,61
Male,29,No,No,No,0,No,0,Offer B,Yes,21.64,No,Yes,59,No,Yes,No,Yes,Yes,Yes,Yes,Yes,Two Year,Yes,Credit Card,5,No,41
Male,28,No,No,No,0,No,0,Offer D,Yes,28.54,Yes,Yes,42,No,No,No,No,No,No,Yes,Yes,Month-to-Month,Yes,Bank Withdrawal,5,No,21
Male,22,No,Yes,No,0,Yes,7,None,No,0,No,Yes,59,Yes,No,Yes,Yes,Yes,Yes,Yes,No,Two Year,No,Bank Withdrawal,3,No,69
Male,28,No,Yes,Yes,1,Yes,1,Offer B,Yes,39.25,Yes,Yes,26,No,Yes,No,No,No,No,Yes,Yes,Month-to-Month,No,Bank Withdrawal,5,No,47
Female,46,No,Yes,Yes,1,No,0,None,Yes,36.13,No,Yes,21,Yes,Yes,Yes,Yes,Yes,Yes,Yes,Yes,Two Year,No,Bank Withdrawal,3,No,72
Female,20,No,Yes,Yes,1,Yes,2,None,Yes,45.66,Yes,Yes,47,Yes,Yes,Yes,Yes,Yes,Yes,Yes,Yes,Two Year,No,Credit Card,3,No,72
Female,44,No,Yes,No,0,Yes,10,None,Yes,18.41,No,No,0,No,No,No,No,No,No,No,No,Two Year,No,Credit Card,4,No,71
Male,25,No,No,Yes,3,No,0,Offer D,Yes,1.58,No,Yes,47,No,Yes,No,Yes,No,No,Yes,Yes,Month-to-Month,Yes,Bank Withdrawal,4,No,23
Female,35,No,No,No,0,No,0,Offer D,Yes,20.65,No,No,0,No,No,No,No,No,No,No,No,One Year,No,Credit Card,3,No,16
Male,24,No,No,No,0,No,0,None,Yes,34.43,No,Yes,51,Yes,No,Yes,Yes,Yes,No,Yes,Yes,Month-to-Month,Yes,Credit Card,3,No,9
Male,33,No,Yes,Yes,3,Yes,8,Offer D,Yes,45.24,Yes,No,0,No,No,No,No,No,No,No,No,Two Year,Yes,Credit Card,3,No,17
Female,24,No,Yes,No,0,Yes,2,None,Yes,44.93,Yes,Yes,82,No,No,Yes,No,No,No,Yes,Yes,Month-to-Month,Yes,Credit Card,4,No,24
Female,41,No,Yes,No,0,Yes,8,None,Yes,8.98,Yes,No,0,No,No,No,No,No,No,No,No,Two Year,No,Bank Withdrawal,4,No,72
Female,57,No,No,Yes,1,No,0,Offer D,Yes,44.88,No,No,0,No,No,No,No,No,No,No,No,Month-to-Month,No,Credit Card,4,No,11
Female,58,No,No,No,0,No,0,Offer B,Yes,7.51,No,Yes,13,No,No,Yes,Yes,Yes,Yes,Yes,Yes,Two Year,Yes,Bank Withdrawal,5,No,49
Female,50,No,Yes,No,0,Yes,5,Offer B,Yes,46.24,No,No,0,No,No,No,No,No,No,No,No,One Year,No,Credit Card,5,No,53
Male,52,No,No,Yes,3,No,0,None,Yes,49.95,Yes,No,0,No,No,No,No,No,No,No,No,Two Year,No,Credit Card,4,No,39
Female,45,No,No,No,0,No,0,Offer E,Yes,31.28,No,No,0,No,No,No,No,No,No,No,No,Month-to-Month,No,Credit Card,4,No,9
Male,47,No,No,No,0,No,0,None,Yes,35.13,No,Yes,29,No,No,Yes,Yes,No,No,No,Yes,One Year,No,Bank Withdrawal,4,No,39
Female,21,No,Yes,Yes,3,Yes,4,Offer B,Yes,19.9,Yes,Yes,59,No,No,Yes,No,No,Yes,Yes,Yes,One Year,Yes,Bank Withdrawal,3,No,51
Male,21,No,Yes,Yes,2,Yes,2,None,Yes,9.2,Yes,No,0,No,No,No,No,No,No,No,No,Two Year,No,Credit Card,5,No,71
Male,47,No,Yes,No,0,Yes,5,None,No,0,No,Yes,25,Yes,Yes,No,Yes,Yes,Yes,Yes,Yes,Two Year,Yes,Bank Withdrawal,3,No,38
Female,56,No,Yes,No,0,Yes,7,None,Yes,33.09,No,Yes,19,No,Yes,Yes,No,No,Yes,Yes,Yes,Month-to-Month,No,Credit Card,4,No,28
Female,57,No,Yes,No,0,Yes,1,None,Yes,12.35,No,No,0,No,No,No,No,No,No,No,No,Month-to-Month,No,Bank Withdrawal,4,No,32
Female,40,No,Yes,Yes,1,Yes,5,None,Yes,44.68,Yes,No,0,No,No,No,No,No,No,No,No,Two Year,Yes,Bank Withdrawal,4,No,37
Female,41,No,No,No,0,No,0,Offer D,Yes,12.96,No,Yes,29,No,No,Yes,Yes,No,No,No,Yes,Month-to-Month,No,Bank Withdrawal,4,No,10
Male,36,No,Yes,No,0,Yes,1,None,Yes,23.13,Yes,Yes,24,Yes,Yes,Yes,No,Yes,Yes,Yes,Yes,One Year,No,Credit Card,4,No,67
Male,28,No,No,No,0,No,0,Offer E,No,0,No,Yes,48,No,No,Yes,Yes,No,No,No,Yes,One Year,Yes,Credit Card,3,No,7
Female,36,No,No,No,0,No,0,Offer B,Yes,14.37,No,Yes,7,No,No,No,No,Yes,Yes,Yes,Yes,One Year,No,Credit Card,4,No,51
Female,23,No,No,No,0,No,0,Offer E,Yes,35.45,No,Yes,52,No,No,No,No,Yes,Yes,Yes,Yes,Month-to-Month,Yes,Credit Card,5,No,9
Male,58,No,No,No,0,No,0,Offer E,Yes,1.88,No,Yes,21,No,No,No,Yes,No,No,No,Yes,Month-to-Month,Yes,Credit Card,5,No,4
Male,50,No,Yes,No,0,Yes,5,None,Yes,44.06,Yes,Yes,6,Yes,Yes,Yes,No,Yes,No,No,No,Two Year,Yes,Bank Withdrawal,3,No,71
Male,22,No,Yes,No,0,Yes,10,Offer D,Yes,6.03,No,Yes,51,Yes,No,No,No,Yes,No,No,Yes,One Year,Yes,Bank Withdrawal,3,No,22
Male,48,No,No,No,0,No,0,Offer B,Yes,44.45,Yes,Yes,19,Yes,Yes,Yes,No,Yes,Yes,Yes,Yes,Month-to-Month,Yes,Bank Withdrawal,4,No,44
Female,49,No,Yes,Yes,2,Yes,2,None,Yes,9.97,Yes,No,0,No,No,No,No,No,No,No,No,Month-to-Month,No,Bank Withdrawal,5,No,33
Female,54,No,No,No,0,No,0,None,Yes,8.56,No,No,0,No,No,No,No,No,No,No,No,Month-to-Month,No,Credit Card,5,No,1
Male,47,No,No,No,0,No,0,None,Yes,32.41,No,Yes,22,Yes,Yes,No,Yes,Yes,No,No,Yes,One Year,No,Bank Withdrawal,3,No,30
Female,60,No,No,No,0,No,0,None,No,0,No,Yes,9,No,No,No,Yes,No,No,No,No,Month-to-Month,No,Credit Card,4,No,1
Male,22,No,Yes,Yes,2,Yes,5,Offer D,Yes,9.16,Yes,Yes,59,Yes,Yes,No,Yes,Yes,Yes,Yes,Yes,Month-to-Month,No,Bank Withdrawal,3,No,16
Male,21,No,Yes,No,0,Yes,5,None,Yes,48.32,No,Yes,59,Yes,No,No,Yes,No,No,No,Yes,Two Year,No,Bank Withdrawal,3,No,71
Male,39,No,No,No,0,No,0,Offer B,Yes,19.66,Yes,Yes,28,No,No,No,No,No,No,No,Yes,Month-to-Month,Yes,Credit Card,5,No,43
Male,20,No,Yes,No,0,Yes,3,Offer B,No,0,No,Yes,73,Yes,No,No,Yes,Yes,No,No,Yes,One Year,Yes,Bank Withdrawal,4,No,50
Female,43,No,No,No,0,No,0,Offer B,Yes,29.19,Yes,Yes,4,No,No,Yes,No,Yes,Yes,Yes,Yes,Month-to-Month,No,Bank Withdrawal,4,No,41
Female,27,No,Yes,No,0,Yes,4,Offer B,Yes,42.1,Yes,Yes,52,No,Yes,No,No,Yes,No,No,Yes,One Year,No,Bank Withdrawal,3,No,40
Female,23,No,Yes,Yes,3,Yes,3,None,Yes,24.28,Yes,Yes,73,No,Yes,Yes,No,Yes,No,No,No,Month-to-Month,Yes,Bank Withdrawal,3,No,3
Female,42,No,No,No,0,No,0,None,Yes,37.18,Yes,Yes,9,Yes,No,No,No,Yes,No,No,Yes,One Year,No,Bank Withdrawal,3,No,37
Female,59,No,Yes,Yes,1,Yes,2,None,Yes,24.04,Yes,Yes,22,No,Yes,No,No,Yes,Yes,Yes,Yes,Month-to-Month,Yes,Bank Withdrawal,4,No,32
Female,25,No,Yes,Yes,3,Yes,6,None,Yes,48.49,Yes,Yes,82,Yes,No,No,No,Yes,No,No,Yes,Month-to-Month,No,Bank Withdrawal,4,No,32
Female,48,No,No,No,0,No,0,Offer B,Yes,31.23,Yes,Yes,16,No,Yes,Yes,No,No,No,No,Yes,Month-to-Month,Yes,Bank Withdrawal,3,No,59
Female,53,No,Yes,No,0,Yes,7,None,Yes,17.33,No,Yes,13,No,Yes,Yes,Yes,No,Yes,Yes,Yes,One Year,No,Bank Withdrawal,4,No,30
Female,51,No,Yes,Yes,1,Yes,1,None,Yes,35.52,Yes,No,0,No,No,No,No,No,No,No,No,Two Year,No,Bank Withdrawal,3,No,27
Male,60,No,No,Yes,3,No,0,None,Yes,27.34,No,No,0,No,No,No,No,No,No,No,No,One Year,No,Credit Card,4,No,9
Female,47,No,Yes,Yes,2,Yes,8,None,Yes,20.15,Yes,Yes,16,Yes,Yes,Yes,No,Yes,No,No,Yes,One Year,Yes,Credit Card,4,No,68
Female,56,No,Yes,Yes,2,Yes,10,None,Yes,39.07,Yes,Yes,19,Yes,No,No,Yes,No,No,No,Yes,Two Year,No,Credit Card,3,No,69
Male,62,No,No,No,0,No,0,None,Yes,37.69,Yes,Yes,30,No,No,Yes,Yes,No,No,No,Yes,Month-to-Month,Yes,Credit Card,5,No,26
Male,49,No,Yes,Yes,2,Yes,10,Offer A,Yes,28.19,No,No,0,No,No,No,No,No,No,No,No,Two Year,No,Bank Withdrawal,3,No,69
Male,60,No,No,No,0,No,0,Offer D,Yes,49.8,No,No,0,No,No,No,No,No,No,No,No,Two Year,No,Credit Card,4,No,11
Male,19,No,No,No,0,No,0,None,Yes,24.66,Yes,Yes,26,No,No,No,No,No,No,No,Yes,Month-to-Month,No,Credit Card,4,No,1
Male,37,No,Yes,Yes,1,No,0,Offer D,Yes,37.59,No,No,0,No,No,No,No,No,No,No,No,One Year,No,Credit Card,4,No,10
Female,41,No,Yes,Yes,3,Yes,7,Offer B,Yes,16.16,Yes,Yes,29,Yes,Yes,No,Yes,No,Yes,Yes,Yes,One Year,Yes,Bank Withdrawal,3,No,55
Male,42,No,No,No,0,No,0,Offer B,Yes,34.98,No,Yes,2,Yes,No,No,Yes,Yes,No,No,Yes,One Year,No,Bank Withdrawal,3,No,44
Male,32,No,Yes,Yes,1,Yes,4,Offer A,Yes,49.4,No,Yes,12,Yes,Yes,Yes,No,No,No,No,Yes,Two Year,Yes,Bank Withdrawal,3,No,69
Male,34,No,No,No,0,No,0,Offer C,Yes,10.06,No,Yes,25,No,No,Yes,No,No,No,No,Yes,Month-to-Month,No,Bank Withdrawal,3,No,29
Female,32,No,Yes,No,0,No,0,Offer B,Yes,12.19,Yes,Yes,16,Yes,No,No,No,Yes,Yes,Yes,Yes,Month-to-Month,Yes,Bank Withdrawal,4,No,57
Male,58,No,No,No,0,No,0,Offer C,Yes,40.39,No,No,0,No,No,No,No,No,No,No,No,One Year,No,Credit Card,4,No,28
Female,42,No,No,No,0,No,0,Offer B,Yes,32.16,No,Yes,8,Yes,No,Yes,No,No,No,No,Yes,Month-to-Month,No,Credit Card,3,No,42
Male,61,No,No,Yes,1,No,0,None,No,0,No,Yes,19,Yes,Yes,No,Yes,No,No,No,Yes,One Year,No,Bank Withdrawal,3,No,23
Female,39,No,Yes,Yes,2,Yes,8,None,Yes,14.6,No,No,0,No,No,No,No,No,No,No,No,Month-to-Month,No,Credit Card,4,No,18
Male,60,No,Yes,Yes,1,Yes,1,None,Yes,16.48,Yes,No,0,No,No,No,No,No,No,No,No,One Year,No,Bank Withdrawal,5,No,62
Male,19,No,No,No,0,No,0,Offer A,Yes,37.32,Yes,Yes,59,Yes,Yes,Yes,Yes,Yes,Yes,Yes,Yes,One Year,Yes,Bank Withdrawal,3,No,67
Male,19,No,No,No,0,No,0,None,Yes,33.68,No,No,0,No,No,No,No,No,No,No,No,Two Year,Yes,Credit Card,4,No,62
Male,31,No,No,No,0,No,0,None,Yes,11.19,No,Yes,14,No,No,No,No,No,No,No,No,Month-to-Month,Yes,Bank Withdrawal,3,No,2
Female,62,No,Yes,Yes,2,Yes,10,None,Yes,33.02,Yes,Yes,12,Yes,No,Yes,Yes,Yes,No,No,Yes,Two Year,Yes,Bank Withdrawal,3,No,23
Female,32,No,No,Yes,3,No,0,Offer C,No,0,No,Yes,75,Yes,No,No,Yes,No,No,No,Yes,Two Year,No,Bank Withdrawal,4,No,25
Female,40,No,Yes,No,0,Yes,9,None,Yes,22.23,Yes,Yes,13,No,No,No,No,Yes,No,No,Yes,Month-to-Month,Yes,Bank Withdrawal,5,No,2
Female,26,No,No,No,0,No,0,None,Yes,5.27,No,No,0,No,No,No,No,No,No,No,No,One Year,Yes,Bank Withdrawal,4,No,8
Male,47,No,No,No,0,No,0,Offer C,No,0,No,Yes,26,No,No,Yes,No,Yes,Yes,Yes,Yes,Month-to-Month,No,Bank Withdrawal,4,No,35
Male,60,No,No,No,0,No,0,Offer C,Yes,47.33,Yes,No,0,No,No,No,No,No,No,No,No,One Year,No,Bank Withdrawal,3,No,24
Female,33,No,Yes,Yes,1,Yes,5,None,Yes,29.03,No,Yes,10,No,No,No,No,No,No,No,Yes,Month-to-Month,Yes,Bank Withdrawal,3,No,2
Male,38,No,Yes,Yes,3,Yes,6,Offer A,Yes,32.22,Yes,Yes,25,Yes,Yes,Yes,Yes,No,Yes,Yes,Yes,Two Year,Yes,Credit Card,4,No,72
Female,20,No,No,No,0,No,0,None,Yes,36.7,Yes,Yes,59,Yes,Yes,Yes,Yes,Yes,No,No,Yes,Month-to-Month,Yes,Bank Withdrawal,4,No,41
Male,59,No,No,No,0,No,0,Offer C,Yes,39.63,No,Yes,29,No,Yes,No,No,No,No,No,Yes,One Year,No,Bank Withdrawal,4,No,26
Female,28,No,Yes,Yes,3,Yes,9,None,Yes,35.2,Yes,Yes,52,No,Yes,No,Yes,No,No,No,Yes,Month-to-Month,Yes,Credit Card,3,No,4
Male,45,No,No,No,0,No,0,None,Yes,3.59,No,Yes,10,No,Yes,Yes,Yes,Yes,Yes,Yes,Yes,Two Year,No,Credit Card,4,No,48
Male,36,No,Yes,No,0,Yes,6,None,Yes,4.59,Yes,Yes,9,Yes,No,Yes,Yes,Yes,Yes,Yes,Yes,Month-to-Month,Yes,Bank Withdrawal,4,No,60
Male,20,No,No,No,0,No,0,None,Yes,12.28,No,Yes,48,Yes,No,Yes,Yes,No,No,No,Yes,Two Year,Yes,Bank Withdrawal,3,No,55
Male,34,No,No,No,0,No,0,None,No,0,No,Yes,22,No,No,No,Yes,No,No,No,Yes,Month-to-Month,No,Credit Card,5,No,1
Male,30,No,No,No,0,No,0,None,Yes,11.1,No,No,0,No,No,No,No,No,No,No,No,Month-to-Month,No,Credit Card,4,No,1
Female,33,No,No,No,0,No,0,None,Yes,34.76,No,Yes,20,No,No,Yes,Yes,No,Yes,Yes,Yes,Two Year,No,Credit Card,5,No,42
Female,45,No,No,No,0,No,0,None,Yes,10.83,No,Yes,15,Yes,No,No,No,No,No,No,Yes,Month-to-Month,No,Bank Withdrawal,4,No,1
Male,29,No,No,No,0,No,0,None,Yes,27.34,No,Yes,71,No,No,Yes,No,No,No,No,No,Month-to-Month,Yes,Credit Card,5,No,3
Female,53,No,Yes,No,0,Yes,7,Offer A,Yes,17.28,Yes,Yes,11,Yes,Yes,Yes,No,Yes,Yes,Yes,Yes,Two Year,Yes,Credit Card,3,No,72
Male,40,No,No,No,0,No,0,None,Yes,11.75,Yes,Yes,28,No,No,No,No,No,No,No,Yes,Month-to-Month,Yes,Bank Withdrawal,3,No,15
Female,50,No,No,No,0,No,0,None,Yes,1.87,Yes,No,0,No,No,No,No,No,No,No,No,One Year,No,Bank Withdrawal,4,No,11
Female,63,No,No,No,0,No,0,None,Yes,5.41,Yes,No,0,No,No,No,No,No,No,No,No,Month-to-Month,No,Credit Card,3,No,5
Male,37,No,Yes,No,0,Yes,6,Offer A,Yes,46.16,Yes,Yes,14,Yes,No,Yes,Yes,Yes,Yes,Yes,Yes,Two Year,Yes,Credit Card,3,No,72
Female,20,No,Yes,No,0,Yes,3,None,Yes,23.45,Yes,Yes,53,No,Yes,No,No,No,No,No,Yes,Month-to-Month,Yes,Credit Card,3,No,55
Female,49,No,Yes,Yes,4,Yes,5,None,Yes,49.22,Yes,No,0,No,No,No,No,No,No,No,No,Month-to-Month,Yes,Bank Withdrawal,3,No,40
Female,43,No,Yes,No,0,Yes,6,None,Yes,44.86,No,No,0,No,No,No,No,No,No,No,No,Two Year,No,Bank Withdrawal,5,No,57
Male,50,No,Yes,No,0,Yes,9,None,Yes,4.34,No,Yes,23,No,No,No,No,Yes,No,No,Yes,One Year,Yes,Credit Card,4,No,43
Female,24,No,Yes,Yes,3,Yes,1,None,Yes,2.56,No,No,0,No,No,No,No,No,No,No,No,Two Year,No,Bank Withdrawal,4,No,47
Male,28,No,No,No,0,No,0,None,Yes,29.74,Yes,Yes,59,No,No,No,No,No,No,No,Yes,Month-to-Month,No,Bank Withdrawal,5,No,3
Male,24,No,Yes,Yes,1,Yes,5,None,Yes,46.61,No,Yes,30,No,No,Yes,Yes,No,No,No,Yes,Two Year,Yes,Credit Card,3,No,55
Male,40,No,No,No,0,No,0,Offer C,Yes,49.52,No,No,0,No,No,No,No,No,No,No,No,One Year,No,Credit Card,4,No,29
Female,56,No,No,Yes,1,No,0,None,Yes,17.85,Yes,Yes,19,No,No,No,No,Yes,No,No,Yes,Month-to-Month,Yes,Bank Withdrawal,4,No,12
Female,39,No,Yes,No,0,Yes,6,Offer A,Yes,42.23,Yes,Yes,30,No,Yes,Yes,No,Yes,Yes,Yes,Yes,Month-to-Month,Yes,Bank Withdrawal,4,No,66
Male,60,No,Yes,Yes,3,Yes,7,Offer C,Yes,25.26,Yes,Yes,23,No,No,No,No,No,No,No,Yes,Month-to-Month,Yes,Bank Withdrawal,3,No,27
Female,20,No,No,No,0,No,0,None,Yes,35.55,No,Yes,73,No,No,No,Yes,Yes,Yes,Yes,Yes,Month-to-Month,Yes,Bank Withdrawal,4,No,58
Male,56,No,No,No,0,No,0,None,Yes,40.74,No,No,0,No,No,No,No,No,No,No,No,Month-to-Month,No,Credit Card,3,No,9
Male,59,No,No,No,0,No,0,Offer E,Yes,18.65,No,Yes,18,No,No,No,No,No,No,No,Yes,Month-to-Month,Yes,Bank Withdrawal,4,No,6
Female,57,No,No,No,0,No,0,Offer E,Yes,2.6,No,No,0,No,No,No,No,No,No,No,No,Month-to-Month,No,Credit Card,4,No,9
Male,36,No,Yes,No,0,Yes,10,Offer E,Yes,19,No,Yes,8,No,Yes,Yes,No,No,No,No,Yes,Month-to-Month,Yes,Credit Card,3,No,8
Male,32,No,No,No,0,No,0,None,Yes,11.04,No,Yes,16,No,No,No,No,Yes,No,No,Yes,Month-to-Month,Yes,Bank Withdrawal,3,No,12
Male,30,No,Yes,No,0,Yes,7,None,Yes,33.97,Yes,Yes,69,Yes,No,Yes,No,Yes,Yes,Yes,Yes,One Year,Yes,Bank Withdrawal,3,No,43
Male,48,No,No,No,0,No,0,None,Yes,25.69,Yes,Yes,13,No,No,No,Yes,Yes,Yes,Yes,Yes,Month-to-Month,Yes,Bank Withdrawal,5,No,42
Female,20,No,No,Yes,1,No,0,Offer A,Yes,27.09,Yes,Yes,51,Yes,No,Yes,Yes,No,No,No,Yes,Two Year,Yes,Credit Card,3,No,66
Male,55,No,No,No,0,No,0,Offer E,Yes,25.99,No,No,0,No,No,No,No,No,No,No,No,Month-to-Month,No,Credit Card,4,No,1
Male,43,No,No,No,0,No,0,None,Yes,15.6,Yes,Yes,22,No,Yes,No,No,No,No,No,Yes,Month-to-Month,No,Bank Withdrawal,5,No,10
Female,53,No,Yes,Yes,2,Yes,5,None,Yes,10.13,No,No,0,No,No,No,No,No,No,No,No,Month-to-Month,No,Credit Card,4,No,3
Male,24,No,No,No,0,No,0,None,Yes,21.72,No,No,0,No,No,No,No,No,No,No,No,One Year,No,Credit Card,5,No,50
Male,48,No,Yes,Yes,2,Yes,1,None,Yes,41.1,No,Yes,18,No,No,No,No,No,No,No,Yes,Month-to-Month,No,Bank Withdrawal,4,No,1
Male,32,No,No,No,0,No,0,None,Yes,19.87,No,Yes,19,Yes,No,No,Yes,No,No,No,Yes,Month-to-Month,Yes,Credit Card,3,No,2
Male,27,No,No,No,0,No,0,None,Yes,47.79,No,No,0,No,No,No,No,No,No,No,No,One Year,Yes,Bank Withdrawal,5,No,17
Male,47,No,Yes,Yes,2,Yes,9,Offer A,Yes,22.49,Yes,Yes,11,No,Yes,Yes,No,Yes,Yes,Yes,Yes,Two Year,Yes,Bank Withdrawal,4,No,69
Male,63,No,Yes,No,0,Yes,4,Offer A,Yes,47.66,Yes,Yes,19,Yes,Yes,Yes,Yes,Yes,Yes,Yes,Yes,Two Year,Yes,Credit Card,3,No,72
Female,28,No,No,No,0,No,0,None,Yes,28.46,No,No,0,No,No,No,No,No,No,No,No,Two Year,No,Credit Card,4,No,53
Female,51,No,Yes,No,0,Yes,6,None,Yes,37.15,Yes,Yes,7,Yes,Yes,No,Yes,Yes,Yes,Yes,Yes,Two Year,Yes,Credit Card,3,No,58
Male,44,No,No,No,0,No,0,None,No,0,No,Yes,19,Yes,No,No,No,No,No,No,Yes,One Year,Yes,Bank Withdrawal,3,No,46
Female,39,No,Yes,Yes,2,Yes,7,None,Yes,41.29,Yes,Yes,19,No,Yes,Yes,No,Yes,No,No,Yes,Month-to-Month,Yes,Credit Card,3,No,6
Male,24,No,Yes,No,0,Yes,2,Offer A,Yes,39.61,Yes,Yes,85,Yes,Yes,Yes,Yes,No,Yes,Yes,Yes,Two Year,No,Bank Withdrawal,3,No,72
Male,33,No,No,No,0,No,0,None,Yes,21.03,No,Yes,3,No,No,No,No,No,Yes,Yes,Yes,Month-to-Month,Yes,Credit Card,4,No,4
Female,44,No,Yes,Yes,2,Yes,3,None,Yes,9.87,No,No,0,No,No,No,No,No,No,No,No,Two Year,No,Credit Card,5,No,52
Male,22,No,Yes,Yes,2,Yes,3,None,Yes,36.37,Yes,No,0,No,No,No,No,No,No,No,No,Two Year,No,Credit Card,4,No,10
Female,23,No,No,No,0,No,0,None,Yes,46,No,No,0,No,No,No,No,No,No,No,No,One Year,No,Credit Card,4,No,2
Female,29,No,Yes,No,0,Yes,7,Offer B,Yes,48.66,No,No,0,No,No,No,No,No,No,No,No,Two Year,No,Bank Withdrawal,3,No,65
Female,35,No,Yes,No,0,Yes,10,Offer B,Yes,25.45,Yes,Yes,4,No,Yes,No,Yes,Yes,Yes,Yes,Yes,One Year,Yes,Credit Card,5,No,51
Male,21,No,No,No,0,No,0,None,Yes,18.52,Yes,Yes,53,No,No,Yes,No,Yes,Yes,Yes,Yes,Month-to-Month,No,Bank Withdrawal,5,No,12
Female,38,No,Yes,Yes,3,Yes,1,Offer C,Yes,4.47,No,No,0,No,No,No,No,No,No,No,No,One Year,No,Credit Card,4,No,24
Female,27,No,Yes,No,0,Yes,1,Offer B,Yes,40.28,Yes,Yes,52,No,No,Yes,Yes,No,No,No,Yes,One Year,No,Bank Withdrawal,3,No,64
Female,60,No,No,No,0,No,0,Offer C,Yes,25.66,Yes,Yes,3,No,No,Yes,No,Yes,Yes,Yes,Yes,Month-to-Month,Yes,Bank Withdrawal,3,No,26
Female,57,No,Yes,Yes,1,Yes,3,None,Yes,37.9,No,No,0,No,No,No,No,No,No,No,No,Month-to-Month,No,Credit Card,4,No,15
Female,21,No,Yes,No,0,Yes,1,Offer C,Yes,18.42,Yes,Yes,26,No,No,No,No,Yes,Yes,Yes,Yes,Month-to-Month,No,Credit Card,4,No,27
Female,30,No,Yes,Yes,2,No,0,Offer E,Yes,5.09,No,Yes,51,No,No,No,No,No,No,No,Yes,Month-to-Month,Yes,Bank Withdrawal,4,No,8
Male,51,No,No,No,0,No,0,Offer D,Yes,19.1,No,No,0,No,No,No,No,No,No,No,No,Month-to-Month,Yes,Credit Card,4,No,10
Female,44,No,No,No,0,No,0,Offer E,Yes,29.28,No,Yes,4,No,Yes,No,No,No,No,No,Yes,Month-to-Month,No,Credit Card,5,No,2
Male,33,No,Yes,No,0,Yes,1,Offer B,Yes,40.34,No,Yes,9,Yes,Yes,Yes,Yes,Yes,Yes,Yes,Yes,Two Year,Yes,Credit Card,3,No,51
Female,52,No,Yes,Yes,2,Yes,1,Offer B,Yes,24.33,No,No,0,No,No,No,No,No,No,No,No,Two Year,Yes,Credit Card,5,No,46
Male,40,No,No,No,0,No,0,Offer E,Yes,13.85,No,No,0,No,No,No,No,No,No,No,No,Month-to-Month,Yes,Bank Withdrawal,3,No,1
Male,38,No,No,No,0,No,0,Offer B,Yes,41.1,Yes,Yes,26,No,No,No,No,No,No,No,Yes,Month-to-Month,No,Bank Withdrawal,4,No,46
Female,62,No,Yes,No,0,Yes,4,Offer B,Yes,34.57,Yes,Yes,13,Yes,Yes,No,Yes,Yes,Yes,Yes,Yes,Month-to-Month,Yes,Bank Withdrawal,3,No,50
Male,31,No,Yes,Yes,1,Yes,9,Offer B,Yes,2.11,No,Yes,19,No,Yes,No,Yes,Yes,No,No,Yes,Month-to-Month,No,Credit Card,3,No,53
Male,48,No,Yes,No,0,Yes,8,Offer B,Yes,12.32,Yes,Yes,7,No,Yes,Yes,Yes,Yes,Yes,Yes,Yes,Month-to-Month,Yes,Bank Withdrawal,4,No,61
Male,40,No,No,No,0,No,0,Offer E,Yes,42.52,No,No,0,No,No,No,No,No,No,No,No,Month-to-Month,No,Bank Withdrawal,4,No,5
Male,33,No,No,No,0,No,0,Offer B,Yes,36.78,No,Yes,25,Yes,Yes,Yes,Yes,Yes,Yes,Yes,Yes,One Year,Yes,Bank Withdrawal,4,No,47
Female,30,No,No,No,0,No,0,Offer B,Yes,37.65,Yes,Yes,30,No,Yes,Yes,No,Yes,No,No,No,One Year,Yes,Bank Withdrawal,4,No,54
Male,19,No,No,Yes,2,No,0,Offer D,No,0,No,Yes,59,No,No,No,No,No,No,Yes,Yes,Month-to-Month,Yes,Credit Card,4,No,19
Female,63,No,No,Yes,1,No,0,Offer C,Yes,2.48,No,Yes,19,No,Yes,Yes,Yes,Yes,Yes,Yes,Yes,Two Year,Yes,Bank Withdrawal,5,No,26
Male,31,No,Yes,Yes,1,Yes,10,Offer A,Yes,9.33,Yes,No,0,No,No,No,No,No,No,No,No,Two Year,No,Credit Card,4,No,70
Male,58,No,Yes,No,0,Yes,2,Offer D,Yes,10.11,Yes,Yes,2,No,Yes,Yes,No,Yes,Yes,Yes,Yes,Month-to-Month,Yes,Bank Withdrawal,5,No,17
Female,45,No,No,Yes,1,No,0,Offer E,Yes,32.95,Yes,No,0,No,No,No,No,No,No,No,No,Month-to-Month,No,Credit Card,4,No,1
Female,50,No,Yes,Yes,2,Yes,4,Offer D,Yes,38.43,Yes,No,0,No,No,No,No,No,No,No,No,Two Year,No,Credit Card,3,No,19
Female,23,No,Yes,No,0,Yes,6,Offer C,Yes,34.12,No,Yes,58,No,Yes,Yes,No,Yes,Yes,Yes,No,Two Year,Yes,Credit Card,5,No,26
Male,46,No,Yes,No,0,Yes,10,Offer B,Yes,38.29,Yes,Yes,16,No,Yes,No,No,Yes,Yes,Yes,Yes,One Year,Yes,Bank Withdrawal,4,No,50
Female,58,No,Yes,No,0,Yes,8,Offer A,No,0,No,Yes,11,Yes,No,Yes,No,Yes,Yes,Yes,Yes,One Year,Yes,Bank Withdrawal,4,No,68
Male,32,No,Yes,Yes,3,Yes,10,Offer E,Yes,44.37,No,Yes,57,No,No,Yes,Yes,Yes,Yes,Yes,Yes,Month-to-Month,No,Bank Withdrawal,4,No,9
Female,23,No,Yes,Yes,2,Yes,7,Offer B,No,0,No,Yes,27,Yes,No,No,Yes,No,No,Yes,Yes,Two Year,No,Bank Withdrawal,4,No,51
Female,48,No,No,No,0,No,0,None,Yes,40.73,No,Yes,29,No,No,No,No,No,No,No,Yes,Month-to-Month,Yes,Bank Withdrawal,3,No,9
Male,26,No,No,No,0,No,0,Offer D,Yes,28.42,Yes,Yes,73,No,Yes,No,No,Yes,Yes,Yes,Yes,Month-to-Month,Yes,Bank Withdrawal,5,No,22
Male,41,No,Yes,Yes,1,Yes,5,Offer A,Yes,26.38,Yes,Yes,18,Yes,Yes,Yes,Yes,Yes,Yes,Yes,No,Two Year,Yes,Bank Withdrawal,3,No,71
Male,51,No,Yes,Yes,3,Yes,2,Offer C,Yes,36.71,Yes,Yes,57,No,No,Yes,Yes,Yes,Yes,Yes,Yes,One Year,Yes,Credit Card,4,No,26
Male,29,No,Yes,No,0,Yes,2,Offer A,Yes,40.63,Yes,Yes,69,Yes,Yes,No,Yes,No,No,Yes,Yes,Two Year,No,Bank Withdrawal,3,No,71
Male,28,No,No,No,0,No,0,Offer E,Yes,43.77,No,Yes,41,No,No,No,No,No,No,Yes,Yes,Month-to-Month,Yes,Credit Card,4,No,4
Female,61,No,No,No,0,No,0,Offer D,Yes,14.42,Yes,Yes,14,Yes,No,No,No,No,No,No,Yes,Month-to-Month,Yes,Bank Withdrawal,3,No,12
Female,23,No,Yes,No,0,Yes,8,Offer D,Yes,18.55,Yes,Yes,59,No,No,No,Yes,Yes,No,Yes,Yes,Month-to-Month,Yes,Bank Withdrawal,5,No,18
Female,42,No,No,No,0,No,0,Offer E,Yes,1.64,Yes,Yes,8,No,No,No,No,No,No,No,Yes,Month-to-Month,Yes,Bank Withdrawal,5,No,3
Male,44,No,No,No,0,No,0,Offer D,Yes,45.03,No,No,0,No,No,No,No,No,No,No,No,One Year,No,Credit Card,4,No,13
Male,56,No,Yes,No,0,Yes,1,Offer B,Yes,20.65,Yes,Yes,25,Yes,No,No,No,No,No,No,Yes,One Year,No,Credit Card,4,No,42
Female,27,No,No,No,0,No,0,Offer D,Yes,22.26,No,No,0,No,No,No,No,No,No,No,No,Month-to-Month,No,Credit Card,4,No,17
Female,27,No,Yes,No,0,Yes,1,Offer A,Yes,1.29,Yes,Yes,27,Yes,Yes,Yes,Yes,Yes,Yes,Yes,Yes,Two Year,No,Credit Card,4,No,68
Male,54,No,Yes,Yes,2,Yes,1,Offer B,Yes,37.67,Yes,No,0,No,No,No,No,No,No,No,No,Two Year,No,Bank Withdrawal,4,No,56
Female,52,No,Yes,Yes,3,Yes,1,Offer C,Yes,44.32,No,No,0,No,No,No,No,No,No,No,No,One Year,No,Credit Card,5,No,38
Female,53,No,Yes,Yes,1,Yes,1,Offer A,Yes,36.82,Yes,Yes,10,Yes,Yes,Yes,Yes,Yes,Yes,Yes,Yes,Two Year,Yes,Bank Withdrawal,4,No,72
Female,44,No,No,No,0,No,0,Offer B,Yes,34.96,Yes,No,0,No,No,No,No,No,No,No,No,One Year,No,Credit Card,4,No,48
Female,30,No,Yes,Yes,2,Yes,1,Offer C,Yes,18.29,No,No,0,No,No,No,No,No,No,No,No,One Year,No,Credit Card,3,No,35
Male,60,No,Yes,No,0,Yes,1,Offer A,Yes,21.71,Yes,Yes,30,No,Yes,Yes,Yes,Yes,Yes,Yes,Yes,Two Year,Yes,Bank Withdrawal,3,No,67
Female,42,No,No,No,0,No,0,None,No,0,No,Yes,24,Yes,No,No,No,No,No,No,Yes,Month-to-Month,No,Credit Card,4,No,1
Male,56,No,No,No,0,No,0,Offer B,Yes,49.21,No,Yes,29,No,Yes,No,Yes,No,No,No,No,Month-to-Month,Yes,Credit Card,4,No,53
Male,44,No,Yes,Yes,1,Yes,1,Offer C,Yes,44.54,No,No,0,No,No,No,No,No,No,No,No,Month-to-Month,No,Credit Card,3,No,34
Male,49,No,No,No,0,No,0,Offer D,Yes,9.55,No,Yes,6,No,No,Yes,Yes,Yes,No,No,Yes,Month-to-Month,No,Credit Card,5,No,19
Male,45,No,No,No,0,No,0,Offer D,Yes,17.12,No,No,0,No,No,No,No,No,No,No,No,Two Year,No,Credit Card,3,No,11
Female,41,No,Yes,Yes,1,Yes,1,Offer B,Yes,43.33,Yes,Yes,28,Yes,Yes,Yes,Yes,Yes,Yes,Yes,Yes,Two Year,No,Credit Card,5,No,60
Male,38,No,Yes,No,0,Yes,1,None,Yes,13.72,Yes,No,0,No,No,No,No,No,No,No,No,Two Year,No,Credit Card,3,No,72
Male,26,No,No,No,0,No,0,Offer C,Yes,48.02,No,No,0,No,No,No,No,No,No,No,No,One Year,No,Credit Card,4,No,39
Female,43,No,Yes,No,0,Yes,1,None,Yes,29.6,No,Yes,12,Yes,No,Yes,No,No,No,No,Yes,One Year,Yes,Credit Card,3,No,59
Male,48,No,Yes,Yes,2,Yes,6,Offer E,Yes,29.1,No,Yes,19,No,No,No,No,No,No,No,Yes,Month-to-Month,No,Credit Card,3,No,2
Male,53,No,No,No,0,No,0,None,Yes,6.75,Yes,Yes,15,No,No,Yes,Yes,No,No,No,Yes,Two Year,Yes,Credit Card,5,No,71
Female,21,No,Yes,No,0,Yes,6,None,Yes,9.3,Yes,Yes,27,Yes,Yes,Yes,No,No,No,No,Yes,Month-to-Month,No,Credit Card,3,No,24
Female,41,No,Yes,No,0,Yes,4,None,Yes,42.45,Yes,Yes,23,No,Yes,No,Yes,No,Yes,Yes,Yes,One Year,No,Credit Card,3,No,37
Male,60,No,No,No,0,No,0,Offer D,No,0,No,Yes,22,No,Yes,Yes,No,No,No,No,No,Month-to-Month,No,Credit Card,5,No,11
Female,56,No,Yes,No,0,Yes,9,Offer D,Yes,29.6,No,Yes,7,No,No,Yes,No,Yes,Yes,Yes,Yes,Month-to-Month,Yes,Credit Card,3,No,18
Male,22,No,Yes,Yes,2,Yes,10,None,Yes,36.61,No,Yes,41,No,No,No,No,No,No,No,Yes,One Year,Yes,Bank Withdrawal,5,No,50
Female,53,No,Yes,Yes,2,Yes,7,None,Yes,3.3,Yes,Yes,19,Yes,No,Yes,Yes,Yes,Yes,Yes,Yes,One Year,Yes,Bank Withdrawal,3,No,67
Female,25,No,Yes,No,0,Yes,10,None,Yes,2.34,No,Yes,73,Yes,Yes,No,Yes,No,Yes,Yes,Yes,Month-to-Month,Yes,Credit Card,4,No,25
Male,37,No,No,No,0,No,0,Offer E,Yes,24.89,No,No,0,No,No,No,No,No,No,No,No,Month-to-Month,No,Credit Card,4,No,9
Female,52,No,No,Yes,5,No,0,Offer D,No,0,No,Yes,57,Yes,Yes,No,Yes,No,No,No,No,One Year,No,Credit Card,3,No,10
Female,34,No,Yes,No,0,No,0,None,Yes,40.91,No,No,0,No,No,No,No,No,No,No,No,Two Year,No,Credit Card,4,No,70
Male,45,No,No,No,0,No,0,Offer E,Yes,32.31,No,Yes,24,Yes,No,Yes,Yes,No,Yes,Yes,Yes,Month-to-Month,Yes,Bank Withdrawal,3,No,9
Female,53,No,No,No,0,No,0,Offer E,Yes,1.3,No,No,0,No,No,No,No,No,No,No,No,Month-to-Month,Yes,Credit Card,3,No,4
Female,42,No,No,No,0,No,0,Offer E,Yes,36.96,No,Yes,24,Yes,No,No,No,No,No,No,Yes,Month-to-Month,No,Credit Card,3,No,2
Male,37,No,No,No,0,No,0,Offer D,No,0,No,Yes,6,No,No,No,No,No,No,No,Yes,Month-to-Month,Yes,Bank Withdrawal,4,No,19
Male,22,No,Yes,Yes,3,No,0,Offer E,Yes,49.83,No,No,0,No,No,No,No,No,No,No,No,Month-to-Month,Yes,Bank Withdrawal,5,No,7
Female,59,No,Yes,Yes,3,Yes,10,None,Yes,12.55,No,No,0,No,No,No,No,No,No,No,No,One Year,No,Credit Card,5,No,9
Female,42,No,No,No,0,No,0,None,Yes,24.83,No,Yes,26,Yes,No,Yes,No,No,No,No,Yes,Month-to-Month,No,Credit Card,4,No,5
Female,49,No,Yes,Yes,1,Yes,4,None,Yes,12.97,No,Yes,28,No,No,No,No,Yes,Yes,Yes,Yes,One Year,No,Bank Withdrawal,5,No,56
Female,25,No,No,Yes,2,No,0,Offer D,Yes,17.51,Yes,Yes,30,Yes,No,No,No,No,No,No,Yes,Month-to-Month,No,Credit Card,3,No,18
Male,40,No,Yes,No,0,Yes,1,None,Yes,39.35,Yes,Yes,2,Yes,Yes,Yes,Yes,Yes,No,No,Yes,Two Year,No,Credit Card,4,No,70
Female,19,No,No,No,0,No,0,None,Yes,10.05,Yes,Yes,82,No,Yes,Yes,Yes,Yes,Yes,Yes,Yes,Two Year,Yes,Credit Card,3,No,72
Male,43,No,Yes,No,0,Yes,3,None,No,0,No,Yes,15,No,No,No,No,Yes,Yes,Yes,No,Month-to-Month,Yes,Bank Withdrawal,4,No,29
Male,35,No,Yes,No,0,Yes,4,None,Yes,2.72,Yes,Yes,22,No,No,Yes,No,Yes,Yes,Yes,Yes,Two Year,No,Bank Withdrawal,5,No,63
Male,46,No,No,No,0,No,0,None,Yes,9.7,No,Yes,6,No,No,Yes,No,No,Yes,Yes,Yes,One Year,Yes,Bank Withdrawal,3,No,59
Female,21,No,No,No,0,No,0,None,Yes,48.3,No,Yes,42,No,No,Yes,No,Yes,No,No,Yes,Month-to-Month,No,Bank Withdrawal,3,No,3
Female,57,No,No,No,0,No,0,None,No,0,No,Yes,2,No,Yes,No,No,No,No,No,Yes,Month-to-Month,Yes,Credit Card,3,No,8
Female,37,No,No,No,0,No,0,None,Yes,32.99,No,No,0,No,No,No,No,No,No,No,No,Two Year,No,Credit Card,4,No,68
Female,40,No,Yes,Yes,3,Yes,3,None,Yes,14.11,Yes,Yes,57,Yes,No,Yes,Yes,Yes,Yes,Yes,Yes,Two Year,No,Credit Card,4,No,68
Male,29,No,Yes,Yes,1,Yes,4,None,Yes,41.94,Yes,Yes,85,Yes,Yes,No,Yes,Yes,Yes,Yes,Yes,Two Year,Yes,Credit Card,4,No,72
Female,42,No,Yes,No,0,Yes,1,None,Yes,45.26,No,No,0,No,No,No,No,No,No,No,No,One Year,No,Credit Card,5,No,32
Female,44,No,Yes,No,0,Yes,1,None,Yes,47.24,No,No,0,No,No,No,No,No,No,No,No,Two Year,No,Bank Withdrawal,3,No,72
Male,46,No,Yes,Yes,1,Yes,10,None,Yes,11.45,No,Yes,14,No,No,No,No,No,No,No,Yes,Month-to-Month,Yes,Credit Card,3,No,1
Male,29,No,Yes,Yes,3,Yes,10,None,Yes,44.95,No,Yes,69,Yes,No,No,Yes,No,Yes,Yes,Yes,One Year,No,Credit Card,4,No,42
Male,45,No,No,No,0,No,0,None,Yes,19.39,No,Yes,16,Yes,No,No,No,No,No,No,Yes,Month-to-Month,Yes,Bank Withdrawal,3,No,45
Female,46,No,Yes,Yes,2,Yes,8,None,No,0,No,Yes,10,Yes,No,Yes,Yes,Yes,Yes,Yes,No,One Year,Yes,Credit Card,3,No,43
Male,43,No,Yes,No,0,Yes,6,None,Yes,9.26,Yes,Yes,28,Yes,No,Yes,No,Yes,Yes,Yes,Yes,One Year,No,Credit Card,3,No,37
Male,46,No,Yes,No,0,Yes,8,None,Yes,3.18,No,Yes,15,Yes,Yes,Yes,Yes,Yes,Yes,Yes,Yes,Two Year,Yes,Credit Card,3,No,63
Male,47,No,No,No,0,No,0,None,Yes,5.39,No,Yes,10,No,No,No,No,Yes,Yes,Yes,Yes,Month-to-Month,No,Credit Card,4,No,3
Male,59,No,Yes,Yes,3,Yes,5,None,Yes,38.55,Yes,No,0,No,No,No,No,No,No,No,No,Two Year,Yes,Credit Card,5,No,66
Male,36,No,No,Yes,3,No,0,None,Yes,4.89,Yes,No,0,No,No,No,No,No,No,No,No,Two Year,No,Credit Card,4,No,71
Female,43,No,Yes,Yes,2,Yes,4,None,Yes,35.62,Yes,No,0,No,No,No,No,No,No,No,No,Two Year,No,Bank Withdrawal,4,No,72
Male,43,No,Yes,No,0,Yes,5,None,Yes,36.55,Yes,Yes,20,Yes,Yes,Yes,Yes,No,No,No,Yes,Two Year,No,Credit Card,3,No,66
Male,22,No,No,No,0,No,0,None,Yes,34.75,Yes,Yes,59,Yes,Yes,Yes,Yes,Yes,No,No,Yes,One Year,Yes,Credit Card,4,No,51
Female,22,No,No,Yes,1,No,0,None,No,0,No,Yes,51,Yes,No,No,No,No,Yes,Yes,Yes,Month-to-Month,Yes,Bank Withdrawal,3,No,8
Male,47,No,No,No,0,No,0,Offer D,Yes,27.8,No,Yes,17,No,No,No,No,Yes,Yes,Yes,Yes,Month-to-Month,Yes,Bank Withdrawal,3,No,14
Female,44,No,No,No,0,No,0,None,Yes,16.93,Yes,Yes,10,Yes,Yes,Yes,No,Yes,Yes,Yes,Yes,Two Year,No,Credit Card,4,No,70
Female,54,No,No,Yes,3,No,0,None,Yes,16.75,Yes,Yes,57,Yes,Yes,No,Yes,No,No,No,No,Two Year,No,Bank Withdrawal,3,No,70
Male,40,No,No,No,0,No,0,None,Yes,47.51,No,No,0,No,No,No,No,No,No,No,No,Two Year,No,Credit Card,3,No,24
Female,27,No,Yes,No,0,Yes,1,None,Yes,2.73,No,Yes,69,No,Yes,No,No,No,Yes,Yes,Yes,Two Year,Yes,Credit Card,5,No,69
Male,30,No,Yes,Yes,1,Yes,7,None,Yes,18.93,No,Yes,73,Yes,Yes,No,No,No,No,No,Yes,Month-to-Month,No,Credit Card,4,No,42
Male,62,No,Yes,Yes,3,Yes,2,None,Yes,7.48,Yes,Yes,27,No,Yes,Yes,Yes,Yes,Yes,Yes,Yes,Two Year,Yes,Bank Withdrawal,3,No,45
Male,55,No,Yes,Yes,2,Yes,6,None,Yes,9.3,Yes,Yes,12,Yes,Yes,Yes,Yes,Yes,No,No,Yes,Two Year,Yes,Bank Withdrawal,3,No,72
Female,43,No,No,No,0,No,0,None,Yes,43.19,No,No,0,No,No,No,No,No,No,No,No,Two Year,No,Credit Card,5,No,38
Male,46,No,Yes,No,0,Yes,1,None,Yes,15.52,Yes,Yes,6,Yes,Yes,Yes,Yes,No,No,No,Yes,Two Year,Yes,Bank Withdrawal,3,No,72
Male,54,No,Yes,Yes,2,Yes,10,None,Yes,38.84,No,No,0,No,No,No,No,No,No,No,No,Two Year,Yes,Credit Card,4,No,72
Male,54,No,Yes,No,0,Yes,1,None,Yes,12.21,Yes,No,0,No,No,No,No,No,No,No,No,Two Year,No,Bank Withdrawal,4,No,55
Female,42,No,Yes,Yes,3,Yes,4,None,No,0,No,Yes,76,No,No,Yes,Yes,Yes,Yes,Yes,Yes,One Year,Yes,Bank Withdrawal,5,No,51
Male,24,No,No,No,0,No,0,None,Yes,29.58,No,Yes,47,Yes,Yes,Yes,Yes,Yes,Yes,Yes,Yes,Two Year,Yes,Bank Withdrawal,3,No,63
Female,29,No,No,No,0,No,0,None,Yes,45.91,No,No,0,No,No,No,No,No,No,No,No,Month-to-Month,No,Credit Card,5,No,1
Female,24,No,Yes,Yes,3,Yes,9,Offer D,Yes,1.88,No,No,0,No,No,No,No,No,No,No,No,Two Year,Yes,Credit Card,4,No,23
Female,38,No,No,No,0,No,0,None,Yes,25.81,Yes,Yes,7,No,No,No,Yes,No,No,No,Yes,Month-to-Month,Yes,Credit Card,5,No,2
Female,40,No,No,No,0,No,0,None,Yes,25.95,Yes,Yes,21,Yes,No,No,No,No,No,No,Yes,One Year,No,Credit Card,3,No,36
Female,39,No,No,No,0,No,0,None,Yes,12.46,No,Yes,14,No,No,No,No,No,No,No,Yes,Month-to-Month,No,Credit Card,4,No,1
Female,35,No,No,No,0,No,0,None,Yes,33.05,Yes,Yes,7,Yes,No,Yes,No,No,No,No,Yes,One Year,No,Credit Card,4,No,28
Female,39,No,Yes,Yes,3,Yes,1,None,Yes,18.91,No,Yes,29,Yes,Yes,Yes,No,Yes,No,No,Yes,One Year,No,Bank Withdrawal,3,No,7
Female,60,No,No,No,0,No,0,Offer D,Yes,41.04,No,No,0,No,No,No,No,No,No,No,No,Month-to-Month,No,Credit Card,3,No,10
Male,55,No,No,No,0,No,0,None,Yes,38.74,No,No,0,No,No,No,No,No,No,No,No,One Year,No,Bank Withdrawal,3,No,42
Female,42,No,No,No,0,No,0,None,No,0,No,Yes,4,No,No,No,No,No,No,No,Yes,Month-to-Month,No,Bank Withdrawal,4,No,7
Male,43,No,Yes,Yes,1,Yes,1,None,Yes,15.94,Yes,Yes,13,Yes,Yes,Yes,Yes,Yes,Yes,Yes,Yes,Two Year,Yes,Credit Card,3,No,72
Male,36,No,No,No,0,No,0,None,Yes,13.14,No,Yes,17,Yes,Yes,Yes,Yes,Yes,Yes,Yes,Yes,Two Year,No,Credit Card,4,No,63
Female,39,No,No,No,0,No,0,None,No,0,No,Yes,19,Yes,Yes,Yes,Yes,No,No,No,Yes,Two Year,No,Bank Withdrawal,3,No,56
Female,22,No,No,Yes,1,No,0,None,Yes,40.03,No,Yes,52,No,No,No,Yes,No,No,No,No,Month-to-Month,Yes,Credit Card,4,No,5
Female,33,No,Yes,No,0,Yes,1,None,Yes,46.23,Yes,Yes,18,No,Yes,Yes,Yes,Yes,Yes,Yes,Yes,Two Year,Yes,Bank Withdrawal,4,No,72
Male,43,No,Yes,Yes,2,Yes,1,None,Yes,6.53,No,Yes,19,Yes,Yes,No,Yes,No,No,No,Yes,One Year,No,Credit Card,4,No,67
Male,45,No,Yes,Yes,3,Yes,1,None,Yes,30.77,No,Yes,75,No,No,No,No,No,No,No,Yes,Month-to-Month,No,Bank Withdrawal,3,No,8
Male,49,No,Yes,Yes,1,Yes,1,None,Yes,11.3,Yes,Yes,10,No,Yes,No,Yes,No,Yes,Yes,Yes,Month-to-Month,Yes,Bank Withdrawal,3,No,52
Female,29,No,Yes,Yes,1,Yes,10,Offer D,Yes,35.44,No,No,0,No,No,No,No,No,No,No,No,Month-to-Month,Yes,Credit Card,4,No,18
Female,40,No,Yes,Yes,2,No,0,Offer B,Yes,42.37,Yes,No,0,No,No,No,No,No,No,No,No,Two Year,No,Credit Card,4,No,59
Female,60,No,No,No,0,No,0,Offer B,Yes,47.07,No,No,0,No,No,No,No,No,No,No,No,Two Year,No,Credit Card,3,No,60
Male,55,No,No,No,0,No,0,None,Yes,7.37,Yes,Yes,6,No,No,No,No,Yes,Yes,Yes,Yes,Month-to-Month,Yes,Bank Withdrawal,5,No,7
Male,59,No,Yes,Yes,2,No,0,Offer B,No,0,No,Yes,19,Yes,No,Yes,No,No,No,No,Yes,One Year,No,Credit Card,4,No,59
Male,33,No,No,No,0,No,0,Offer B,No,0,No,Yes,13,Yes,No,Yes,Yes,Yes,Yes,Yes,Yes,Two Year,Yes,Bank Withdrawal,4,No,46
Male,39,No,No,No,0,No,0,Offer E,Yes,17.16,No,Yes,7,No,Yes,No,No,No,No,No,Yes,Month-to-Month,Yes,Bank Withdrawal,5,No,5
Female,53,No,Yes,No,0,Yes,7,None,Yes,9.28,Yes,Yes,24,No,Yes,Yes,Yes,Yes,Yes,Yes,No,Two Year,Yes,Bank Withdrawal,4,No,70
Female,64,No,No,No,0,No,0,Offer B,Yes,18.42,Yes,Yes,22,No,No,No,No,No,No,No,Yes,Month-to-Month,Yes,Credit Card,3,No,44
Female,45,No,Yes,No,0,Yes,7,Offer B,Yes,1.27,Yes,Yes,13,Yes,No,Yes,No,Yes,No,No,Yes,Two Year,Yes,Credit Card,4,No,64
Female,25,No,Yes,Yes,3,Yes,8,Offer B,No,0,No,Yes,59,Yes,No,Yes,Yes,Yes,Yes,Yes,Yes,Two Year,No,Credit Card,3,No,58
Female,26,No,Yes,No,0,Yes,7,Offer A,Yes,28.59,Yes,Yes,58,No,Yes,No,No,Yes,Yes,Yes,Yes,Two Year,Yes,Credit Card,5,No,72
Male,51,No,No,No,0,No,0,Offer B,No,0,No,Yes,7,Yes,Yes,No,No,No,Yes,Yes,Yes,Two Year,No,Bank Withdrawal,3,No,54
Female,42,No,Yes,Yes,3,Yes,5,Offer A,Yes,18.21,Yes,No,0,No,No,No,No,No,No,No,No,Two Year,No,Credit Card,3,No,72
Male,29,No,Yes,Yes,3,Yes,1,Offer B,Yes,36.09,Yes,Yes,59,No,No,Yes,No,No,Yes,Yes,Yes,Two Year,No,Credit Card,3,No,54
Female,19,No,No,No,0,No,0,None,Yes,36.22,No,Yes,59,Yes,No,No,No,No,No,No,Yes,Month-to-Month,No,Bank Withdrawal,3,No,14
Female,63,No,No,No,0,No,0,Offer E,Yes,38.33,No,Yes,24,Yes,No,No,No,No,No,No,No,Month-to-Month,No,Bank Withdrawal,3,No,1
Male,22,No,No,No,0,No,0,Offer B,Yes,48.32,Yes,Yes,59,Yes,Yes,No,Yes,No,No,No,Yes,One Year,Yes,Bank Withdrawal,3,No,56
Female,38,No,Yes,No,0,Yes,7,Offer A,Yes,47.95,No,Yes,14,Yes,Yes,No,Yes,Yes,Yes,Yes,Yes,Two Year,Yes,Bank Withdrawal,4,No,68
Female,58,No,Yes,Yes,1,Yes,2,None,Yes,41.05,No,No,0,No,No,No,No,No,No,No,No,One Year,Yes,Credit Card,3,No,14
Male,38,No,Yes,Yes,3,Yes,9,Offer A,Yes,38.75,No,Yes,28,Yes,No,No,Yes,Yes,Yes,Yes,Yes,Two Year,Yes,Bank Withdrawal,3,No,68
Female,34,No,No,No,0,No,0,None,No,0,No,Yes,30,Yes,No,No,No,Yes,No,No,Yes,Month-to-Month,Yes,Bank Withdrawal,3,No,16
Male,37,No,No,No,0,No,0,Offer B,No,0,No,Yes,24,Yes,Yes,No,No,No,Yes,Yes,Yes,Month-to-Month,Yes,Bank Withdrawal,3,No,53
Male,58,No,Yes,No,0,Yes,10,Offer A,Yes,48,Yes,Yes,13,Yes,Yes,Yes,No,Yes,No,No,Yes,Two Year,Yes,Credit Card,3,No,70
Female,23,No,Yes,No,0,Yes,4,None,Yes,38.03,Yes,Yes,42,Yes,No,No,No,No,No,No,Yes,Month-to-Month,Yes,Credit Card,3,No,10
Female,62,No,Yes,Yes,2,Yes,8,None,Yes,5.35,Yes,No,0,No,No,No,No,No,No,No,No,Two Year,No,Credit Card,3,No,29
Female,23,No,No,No,0,No,0,None,No,0,No,Yes,42,No,No,No,Yes,No,Yes,Yes,Yes,One Year,Yes,Credit Card,4,No,30
Female,21,No,Yes,No,0,Yes,9,Offer A,Yes,22.41,Yes,Yes,59,Yes,Yes,Yes,Yes,Yes,No,No,No,Two Year,No,Credit Card,4,No,72
Female,27,No,No,No,0,No,0,None,Yes,12.39,No,No,0,No,No,No,No,No,No,No,No,Month-to-Month,Yes,Credit Card,5,No,10
Female,39,No,No,Yes,3,No,0,Offer E,Yes,9,No,Yes,53,Yes,No,No,No,No,No,No,Yes,Month-to-Month,No,Credit Card,3,No,1
Female,44,No,No,No,0,No,0,None,Yes,22.75,Yes,Yes,11,No,Yes,No,Yes,No,Yes,Yes,Yes,Month-to-Month,Yes,Credit Card,5,No,20
Female,42,No,No,No,0,No,0,Offer E,Yes,28.18,No,No,0,No,No,No,No,No,No,No,No,Month-to-Month,Yes,Credit Card,4,No,1
Female,24,No,No,No,0,No,0,None,Yes,7.01,Yes,Yes,42,No,No,No,No,No,No,No,Yes,Month-to-Month,Yes,Credit Card,3,No,29
Male,34,No,No,No,0,No,0,Offer E,Yes,23.7,No,Yes,25,No,No,No,Yes,No,No,No,Yes,Month-to-Month,No,Bank Withdrawal,4,No,1
Male,61,No,No,No,0,No,0,None,Yes,44.97,No,Yes,16,Yes,No,No,Yes,No,No,No,No,Month-to-Month,Yes,Credit Card,4,No,3
Female,48,No,No,No,0,No,0,None,Yes,30.52,No,Yes,21,Yes,No,Yes,No,Yes,No,No,Yes,Month-to-Month,Yes,Bank Withdrawal,4,No,20
Male,31,No,No,Yes,1,No,0,Offer B,Yes,22.41,No,Yes,24,No,Yes,No,Yes,Yes,Yes,Yes,Yes,Month-to-Month,Yes,Credit Card,5,No,64
Female,22,No,No,No,0,No,0,Offer E,No,0,No,Yes,52,Yes,No,No,No,No,No,No,Yes,Month-to-Month,No,Bank Withdrawal,3,No,6
Male,55,No,Yes,No,0,Yes,5,Offer B,Yes,1.87,No,No,0,No,No,No,No,No,No,No,No,Two Year,No,Bank Withdrawal,4,No,50
Male,60,No,No,No,0,No,0,Offer E,Yes,20.11,No,Yes,5,Yes,No,No,No,No,Yes,Yes,Yes,Month-to-Month,Yes,Bank Withdrawal,3,No,6
Male,42,No,Yes,Yes,1,Yes,7,Offer E,Yes,28.7,No,Yes,17,No,No,No,No,No,No,No,Yes,Month-to-Month,No,Bank Withdrawal,5,No,7
Male,22,No,Yes,Yes,1,Yes,1,Offer A,Yes,23.7,Yes,Yes,59,No,No,Yes,No,No,Yes,Yes,No,Two Year,Yes,Credit Card,3,No,72
Male,24,No,Yes,No,0,Yes,6,Offer E,Yes,2.38,No,Yes,53,No,Yes,No,No,No,No,No,Yes,Month-to-Month,Yes,Bank Withdrawal,5,No,8
Female,35,No,Yes,Yes,2,Yes,3,Offer A,Yes,40.35,Yes,Yes,16,Yes,No,No,Yes,Yes,Yes,Yes,Yes,Two Year,No,Credit Card,3,No,67
Female,22,No,Yes,No,0,Yes,5,Offer A,Yes,22.74,Yes,Yes,48,Yes,Yes,No,No,No,Yes,Yes,Yes,Two Year,Yes,Credit Card,4,No,72
Male,25,No,Yes,Yes,1,Yes,6,None,Yes,5.86,No,No,0,No,No,No,No,No,No,No,No,One Year,Yes,Bank Withdrawal,5,No,33
Male,41,No,Yes,No,0,Yes,7,Offer A,Yes,24.93,No,Yes,15,Yes,Yes,No,Yes,No,Yes,Yes,Yes,Two Year,No,Credit Card,3,No,70
Female,22,No,No,No,0,No,0,None,Yes,1.74,No,Yes,85,No,Yes,Yes,No,Yes,No,No,Yes,One Year,No,Bank Withdrawal,5,No,22
Female,54,No,No,No,0,No,0,Offer B,Yes,39.42,Yes,Yes,12,Yes,Yes,Yes,No,No,Yes,Yes,No,Month-to-Month,Yes,Bank Withdrawal,3,No,59
Male,37,No,No,No,0,No,0,None,Yes,12.72,No,No,0,No,No,No,No,No,No,No,No,One Year,Yes,Credit Card,5,No,36
Female,60,No,Yes,Yes,1,Yes,10,Offer B,Yes,14.54,No,No,0,No,No,No,No,No,No,No,No,Two Year,No,Credit Card,4,No,51
Male,52,No,Yes,No,0,Yes,1,Offer B,Yes,47.55,Yes,Yes,13,Yes,No,Yes,Yes,Yes,No,No,Yes,One Year,No,Bank Withdrawal,4,No,53
Female,50,No,Yes,Yes,3,Yes,7,None,Yes,7.31,No,No,0,No,No,No,No,No,No,No,No,One Year,No,Bank Withdrawal,5,No,20
Male,46,No,Yes,No,0,Yes,3,Offer B,Yes,26.81,No,Yes,6,Yes,No,Yes,No,Yes,Yes,Yes,Yes,Two Year,No,Credit Card,3,No,63
Female,50,No,No,No,0,No,0,Offer B,Yes,18.57,No,Yes,15,No,Yes,No,No,No,No,No,Yes,Month-to-Month,No,Credit Card,3,No,40
Male,53,No,No,No,0,No,0,None,Yes,7.74,No,No,0,No,No,No,No,No,No,No,No,One Year,Yes,Credit Card,3,No,35
Male,54,No,Yes,Yes,3,Yes,3,None,Yes,24.17,No,Yes,75,No,No,No,No,No,Yes,Yes,Yes,One Year,No,Bank Withdrawal,3,No,26
Male,20,No,No,Yes,2,No,0,Offer B,Yes,47.81,No,Yes,59,Yes,Yes,No,Yes,No,No,No,Yes,One Year,No,Credit Card,4,No,53
Male,48,No,Yes,No,0,Yes,10,Offer B,Yes,7.63,No,Yes,20,Yes,Yes,Yes,No,No,No,No,Yes,Month-to-Month,Yes,Credit Card,3,No,43
Male,48,No,Yes,Yes,3,Yes,5,Offer E,Yes,36.54,No,No,0,No,No,No,No,No,No,No,No,Month-to-Month,No,Credit Card,3,No,6
Male,48,No,No,Yes,3,No,0,Offer B,Yes,22.47,Yes,No,0,No,No,No,No,No,No,No,No,Two Year,Yes,Credit Card,3,No,56
Male,63,No,Yes,Yes,1,Yes,10,None,Yes,5.65,No,Yes,26,No,No,Yes,No,Yes,No,No,Yes,Month-to-Month,Yes,Credit Card,3,No,34
Female,33,No,No,No,0,No,0,None,No,0,No,Yes,23,No,Yes,No,Yes,No,No,No,Yes,Month-to-Month,No,Bank Withdrawal,3,No,10
Male,62,No,No,No,0,No,0,Offer B,Yes,10.99,Yes,Yes,28,No,Yes,No,No,Yes,Yes,Yes,Yes,Month-to-Month,No,Bank Withdrawal,3,No,56
Female,54,No,Yes,No,0,Yes,4,Offer B,Yes,33.66,Yes,Yes,25,No,Yes,Yes,No,Yes,Yes,Yes,Yes,Month-to-Month,Yes,Credit Card,5,No,55
Female,23,No,Yes,Yes,2,Yes,7,None,Yes,40.54,Yes,Yes,59,Yes,Yes,Yes,Yes,Yes,Yes,Yes,Yes,Two Year,Yes,Credit Card,3,No,36
Male,26,No,Yes,No,0,No,0,Offer B,Yes,43.2,No,No,0,No,No,No,No,No,No,No,No,One Year,No,Bank Withdrawal,5,No,47
Female,43,No,Yes,Yes,1,Yes,3,None,Yes,24.65,No,No,0,No,No,No,No,No,No,No,No,Month-to-Month,Yes,Credit Card,3,No,12
Female,28,No,No,No,0,No,0,Offer A,Yes,35.99,No,Yes,73,Yes,Yes,No,Yes,No,No,No,Yes,One Year,No,Credit Card,3,No,67
Male,60,No,No,No,0,No,0,Offer D,Yes,15.89,Yes,Yes,3,Yes,No,Yes,No,Yes,Yes,Yes,Yes,Month-to-Month,No,Credit Card,3,No,21
Female,36,No,No,No,0,No,0,Offer D,Yes,28.45,No,Yes,30,Yes,Yes,No,Yes,No,Yes,Yes,Yes,Month-to-Month,No,Bank Withdrawal,3,No,13
Female,46,No,No,No,0,No,0,None,Yes,2.76,No,No,0,No,No,No,No,No,No,No,No,Month-to-Month,No,Credit Card,5,No,29
Male,45,No,Yes,No,0,Yes,2,Offer B,Yes,21.58,Yes,Yes,13,Yes,No,Yes,Yes,No,Yes,Yes,Yes,Two Year,No,Bank Withdrawal,4,No,65
Male,44,No,No,No,0,No,0,None,Yes,21.66,No,No,0,No,No,No,No,No,No,No,No,One Year,No,Credit Card,5,No,27
Male,31,No,No,No,0,No,0,Offer E,Yes,10.22,No,No,0,No,No,No,No,No,No,No,No,Month-to-Month,Yes,Credit Card,5,No,1
Male,44,No,No,No,0,No,0,Offer D,Yes,40.59,No,Yes,22,No,No,No,No,No,No,No,No,Month-to-Month,No,Credit Card,5,No,11
Male,64,No,Yes,Yes,2,Yes,8,None,Yes,20.49,Yes,No,0,No,No,No,No,No,No,No,No,Two Year,No,Credit Card,5,No,39
Male,24,No,No,No,0,No,0,None,Yes,49.61,No,Yes,76,Yes,No,No,Yes,Yes,Yes,Yes,Yes,One Year,No,Bank Withdrawal,3,No,26
Female,44,No,Yes,Yes,2,Yes,5,Offer A,No,0,No,Yes,23,Yes,Yes,Yes,Yes,Yes,Yes,Yes,Yes,Two Year,No,Bank Withdrawal,3,No,72
Male,50,No,Yes,No,0,Yes,6,Offer B,Yes,39.49,Yes,Yes,18,Yes,Yes,Yes,No,No,No,No,Yes,One Year,No,Credit Card,3,No,65
Male,31,No,Yes,Yes,1,Yes,5,Offer A,Yes,45.32,Yes,Yes,11,No,Yes,Yes,Yes,Yes,Yes,Yes,No,Two Year,No,Credit Card,4,No,72
Male,37,No,No,No,0,No,0,None,Yes,43.37,Yes,Yes,12,No,No,No,Yes,No,Yes,Yes,Yes,Month-to-Month,Yes,Bank Withdrawal,3,No,6
Female,40,No,Yes,No,0,Yes,5,Offer B,Yes,9.47,Yes,Yes,28,No,No,Yes,No,Yes,Yes,Yes,Yes,One Year,No,Bank Withdrawal,5,No,50
Male,22,No,Yes,No,0,Yes,1,Offer B,No,0,No,Yes,59,Yes,No,Yes,Yes,Yes,Yes,Yes,Yes,Two Year,Yes,Credit Card,3,No,61
Male,29,No,Yes,No,0,Yes,4,Offer A,Yes,35.71,Yes,Yes,58,Yes,Yes,Yes,Yes,Yes,Yes,Yes,Yes,Two Year,No,Bank Withdrawal,4,No,72
Female,42,No,No,No,0,No,0,Offer E,Yes,20.11,No,No,0,No,No,No,No,No,No,No,No,Month-to-Month,No,Credit Card,5,No,1
Female,33,No,No,No,0,No,0,Offer D,Yes,18.75,Yes,Yes,25,No,No,No,No,No,Yes,Yes,No,Month-to-Month,Yes,Bank Withdrawal,5,No,12
Male,42,No,Yes,Yes,3,Yes,7,Offer B,Yes,31.49,No,No,0,No,No,No,No,No,No,No,No,One Year,No,Credit Card,3,No,61
Male,39,No,Yes,Yes,3,Yes,1,Offer D,Yes,45.18,No,No,0,No,No,No,No,No,No,No,No,One Year,No,Bank Withdrawal,5,No,18
Male,60,No,No,Yes,2,No,0,Offer D,Yes,19.57,No,Yes,29,No,No,No,No,No,No,No,Yes,Month-to-Month,No,Credit Card,4,No,21
Male,47,No,Yes,Yes,2,Yes,10,Offer A,No,0,No,Yes,19,Yes,Yes,Yes,Yes,No,Yes,Yes,Yes,Two Year,Yes,Credit Card,3,No,68
Female,30,No,Yes,No,0,Yes,10,Offer B,Yes,15.06,Yes,Yes,82,No,No,Yes,No,Yes,Yes,Yes,Yes,Month-to-Month,Yes,Bank Withdrawal,5,No,62
Male,44,No,No,Yes,1,No,0,Offer E,No,0,No,Yes,19,No,Yes,No,Yes,No,No,No,No,Month-to-Month,No,Credit Card,5,No,1
Female,27,No,No,No,0,No,0,None,Yes,45.86,No,No,0,No,No,No,No,No,No,No,No,Month-to-Month,No,Bank Withdrawal,5,No,1
Male,44,No,No,Yes,1,No,0,Offer B,Yes,17.67,Yes,Yes,19,No,No,Yes,Yes,Yes,Yes,Yes,Yes,Two Year,Yes,Bank Withdrawal,4,No,62
Female,26,No,Yes,Yes,2,Yes,8,Offer C,Yes,42.51,No,No,0,No,No,No,No,No,No,No,No,Two Year,No,Bank Withdrawal,5,No,36
Female,59,No,Yes,Yes,3,Yes,10,Offer A,Yes,7.84,Yes,Yes,21,Yes,Yes,No,Yes,Yes,No,No,Yes,One Year,No,Credit Card,4,No,69
Female,49,No,Yes,No,0,Yes,10,Offer B,Yes,20.37,Yes,Yes,26,No,Yes,Yes,Yes,Yes,Yes,Yes,Yes,Month-to-Month,Yes,Bank Withdrawal,5,No,63
Male,63,No,No,No,0,No,0,Offer D,Yes,26.37,No,No,0,No,No,No,No,No,No,No,No,One Year,No,Bank Withdrawal,4,No,23
Male,24,No,No,No,0,No,0,Offer D,Yes,20.29,No,No,0,No,No,No,No,No,No,No,No,Month-to-Month,No,Credit Card,3,No,10
Female,42,No,Yes,No,0,Yes,2,Offer A,Yes,24.71,Yes,No,0,No,No,No,No,No,No,No,No,Two Year,Yes,Credit Card,5,No,71
Female,24,No,Yes,Yes,2,Yes,4,Offer A,Yes,4.27,Yes,No,0,No,No,No,No,No,No,No,No,Two Year,No,Credit Card,5,No,70
Female,32,No,No,Yes,2,No,0,Offer D,Yes,33.73,Yes,Yes,19,No,No,No,No,No,Yes,Yes,Yes,Month-to-Month,Yes,Bank Withdrawal,3,No,22
Female,42,No,Yes,Yes,2,Yes,1,None,Yes,19.21,Yes,No,0,No,No,No,No,No,No,No,No,Two Year,No,Credit Card,3,No,52
Female,45,No,No,No,0,No,0,None,No,0,No,Yes,22,Yes,No,Yes,Yes,Yes,Yes,Yes,Yes,Two Year,No,Credit Card,3,No,65
Female,58,No,Yes,Yes,1,Yes,6,None,Yes,17.33,No,No,0,No,No,No,No,No,No,No,No,Two Year,No,Bank Withdrawal,3,No,72
Male,23,No,Yes,No,0,Yes,3,Offer D,Yes,39.35,No,No,0,No,No,No,No,No,No,No,No,One Year,No,Bank Withdrawal,5,No,10
Female,56,No,No,Yes,3,No,0,Offer E,Yes,49.66,No,No,0,No,No,No,No,No,No,No,No,One Year,No,Credit Card,5,No,7
Female,63,No,Yes,Yes,3,Yes,8,Offer C,Yes,21.43,Yes,Yes,56,Yes,No,Yes,No,Yes,Yes,Yes,Yes,Two Year,No,Credit Card,4,No,24
Female,25,No,Yes,Yes,2,Yes,2,None,Yes,16.01,Yes,Yes,59,Yes,Yes,Yes,Yes,Yes,Yes,Yes,Yes,Two Year,Yes,Credit Card,3,No,72
Male,29,No,No,No,0,No,0,Offer D,No,0,No,Yes,26,Yes,No,No,Yes,Yes,No,No,Yes,Month-to-Month,Yes,Credit Card,4,No,21
Male,23,No,Yes,No,0,Yes,7,None,No,0,No,Yes,42,No,Yes,Yes,Yes,Yes,Yes,Yes,Yes,One Year,Yes,Credit Card,4,No,69
Male,58,No,Yes,Yes,3,Yes,4,None,Yes,46.54,No,Yes,52,No,Yes,No,Yes,No,No,No,No,Month-to-Month,Yes,Bank Withdrawal,4,No,44
Male,21,No,Yes,No,0,Yes,10,None,Yes,14.19,Yes,Yes,71,No,Yes,Yes,Yes,Yes,Yes,Yes,Yes,Two Year,Yes,Bank Withdrawal,4,No,72
Male,55,No,No,No,0,No,0,None,Yes,45.41,Yes,Yes,20,Yes,Yes,Yes,Yes,Yes,Yes,Yes,Yes,Two Year,No,Bank Withdrawal,3,No,72
Male,26,No,No,No,0,No,0,Offer E,Yes,45.13,Yes,No,0,No,No,No,No,No,No,No,No,Month-to-Month,Yes,Bank Withdrawal,5,No,7
Female,64,No,No,No,0,No,0,None,Yes,41.26,No,Yes,23,No,Yes,No,No,No,No,No,Yes,One Year,No,Bank Withdrawal,4,No,48
Male,43,No,Yes,Yes,3,Yes,5,None,Yes,36.23,No,No,0,No,No,No,No,No,No,No,No,One Year,No,Credit Card,4,No,55
Male,50,No,No,No,0,No,0,Offer E,Yes,16.36,No,No,0,No,No,No,No,No,No,No,No,Month-to-Month,No,Credit Card,5,No,1
Male,57,No,No,No,0,No,0,None,Yes,28.72,No,Yes,3,Yes,Yes,Yes,Yes,Yes,Yes,Yes,Yes,One Year,No,Credit Card,3,No,45
Male,35,No,No,No,0,No,0,None,Yes,9.74,No,Yes,27,No,No,No,No,No,No,No,Yes,Month-to-Month,Yes,Credit Card,4,No,3
Female,46,No,Yes,No,0,Yes,2,None,Yes,37.83,No,No,0,No,No,No,No,No,No,No,No,Two Year,No,Credit Card,4,No,71
Male,29,No,Yes,No,0,Yes,9,None,Yes,4.98,No,No,0,No,No,No,No,No,No,No,No,Month-to-Month,No,Credit Card,4,No,8
Male,48,No,Yes,Yes,3,Yes,5,None,Yes,40.36,No,Yes,53,Yes,Yes,No,Yes,Yes,Yes,Yes,Yes,Two Year,No,Bank Withdrawal,3,No,69
Male,51,No,No,No,0,No,0,None,Yes,12.27,Yes,Yes,21,Yes,Yes,Yes,Yes,No,Yes,Yes,Yes,Two Year,No,Bank Withdrawal,4,No,71
Female,52,No,Yes,No,0,Yes,7,Offer C,No,0,No,Yes,7,Yes,No,Yes,Yes,Yes,Yes,Yes,Yes,Two Year,No,Bank Withdrawal,3,No,33
Female,62,No,No,No,0,No,0,Offer D,Yes,41.51,No,No,0,No,No,No,No,No,No,No,No,One Year,No,Credit Card,5,No,16
Female,58,No,No,No,0,No,0,None,Yes,38.84,No,No,0,No,No,No,No,No,No,No,No,Month-to-Month,No,Credit Card,5,No,1
Male,45,No,Yes,Yes,2,Yes,1,None,Yes,41.56,No,No,0,No,No,No,No,No,No,No,No,One Year,No,Credit Card,5,No,57
Male,61,No,Yes,Yes,1,Yes,1,None,No,0,No,Yes,28,No,Yes,Yes,No,No,No,No,No,One Year,Yes,Credit Card,3,No,56
Female,59,No,No,No,0,No,0,None,Yes,41.28,No,No,0,No,No,No,No,No,No,No,No,Month-to-Month,No,Credit Card,5,No,1
Female,63,No,No,Yes,1,No,0,None,Yes,20.13,No,Yes,10,Yes,No,No,Yes,Yes,No,No,Yes,Month-to-Month,Yes,Credit Card,3,No,40
Male,62,No,Yes,Yes,3,No,0,None,Yes,7.67,No,No,0,No,No,No,No,No,No,No,No,Two Year,No,Credit Card,4,No,46
Male,47,No,Yes,Yes,1,No,0,None,Yes,3.65,No,No,0,No,No,No,No,No,No,No,No,Two Year,No,Credit Card,5,No,63
Male,51,No,Yes,Yes,3,Yes,1,None,Yes,18.47,Yes,Yes,75,Yes,Yes,Yes,No,Yes,Yes,Yes,Yes,Two Year,Yes,Bank Withdrawal,3,No,68
Male,38,No,Yes,Yes,2,Yes,1,None,Yes,42.9,No,Yes,24,Yes,Yes,No,Yes,Yes,Yes,Yes,Yes,Two Year,Yes,Credit Card,4,No,69
Female,63,No,Yes,No,0,Yes,1,None,Yes,2.8,Yes,Yes,20,No,Yes,Yes,Yes,No,No,No,No,Month-to-Month,No,Bank Withdrawal,4,No,56
Female,32,No,Yes,Yes,2,Yes,1,Offer D,Yes,42,No,Yes,14,No,Yes,Yes,No,No,Yes,Yes,Yes,One Year,Yes,Credit Card,4,No,10
Male,26,No,No,No,0,No,0,None,Yes,21.45,Yes,Yes,85,Yes,Yes,Yes,Yes,Yes,No,No,Yes,One Year,No,Credit Card,4,No,63
Female,34,No,Yes,Yes,3,Yes,1,Offer C,No,0,No,Yes,75,Yes,Yes,Yes,Yes,No,Yes,Yes,Yes,Two Year,Yes,Credit Card,3,No,24
Female,54,No,No,No,0,No,0,Offer D,Yes,36.88,Yes,Yes,27,No,No,Yes,No,No,No,No,Yes,Month-to-Month,Yes,Credit Card,3,No,19
Male,53,No,Yes,Yes,3,Yes,1,Offer D,Yes,11.39,Yes,Yes,56,No,No,Yes,No,Yes,No,No,Yes,Month-to-Month,Yes,Bank Withdrawal,4,No,22
Female,44,No,Yes,No,0,Yes,1,None,Yes,14.15,Yes,No,0,No,No,No,No,No,No,No,No,Two Year,Yes,Bank Withdrawal,4,No,70
Female,20,No,Yes,No,0,Yes,1,None,Yes,12.39,No,Yes,46,No,Yes,Yes,No,Yes,Yes,Yes,No,Month-to-Month,No,Bank Withdrawal,4,No,49
Male,54,No,Yes,Yes,2,Yes,1,None,Yes,14.8,No,Yes,23,No,No,Yes,Yes,Yes,Yes,Yes,Yes,One Year,No,Bank Withdrawal,3,No,42
Male,57,No,No,No,0,No,0,None,Yes,9.32,No,Yes,20,No,Yes,No,Yes,No,No,No,Yes,One Year,Yes,Credit Card,5,No,57
Female,23,No,Yes,No,0,Yes,1,None,Yes,1.67,Yes,Yes,59,Yes,Yes,Yes,Yes,Yes,Yes,Yes,Yes,Two Year,Yes,Credit Card,3,No,72
Female,53,No,Yes,No,0,Yes,4,None,Yes,2.95,Yes,Yes,26,Yes,Yes,Yes,Yes,Yes,Yes,Yes,Yes,Two Year,Yes,Bank Withdrawal,4,No,72
Male,50,No,Yes,Yes,3,Yes,5,Offer C,Yes,1.53,No,Yes,57,No,Yes,No,Yes,Yes,No,No,Yes,One Year,Yes,Bank Withdrawal,4,No,35
Female,20,No,Yes,No,0,Yes,8,None,Yes,37.45,Yes,Yes,48,Yes,Yes,Yes,Yes,Yes,Yes,Yes,No,Two Year,Yes,Bank Withdrawal,3,No,72
Female,64,No,Yes,Yes,1,Yes,9,Offer C,Yes,21.91,No,No,0,No,No,No,No,No,No,No,No,One Year,No,Credit Card,4,No,28
Male,47,No,No,No,0,No,0,None,Yes,40.59,No,No,0,No,No,No,No,No,No,No,No,One Year,No,Bank Withdrawal,4,No,45
Female,23,No,No,No,0,No,0,None,Yes,15.22,Yes,No,0,No,No,No,No,No,No,No,No,Month-to-Month,Yes,Credit Card,4,No,1
Female,40,No,No,No,0,No,0,None,Yes,43.19,No,No,0,No,No,No,No,No,No,No,No,Month-to-Month,Yes,Credit Card,3,No,6
Female,29,No,Yes,No,0,Yes,4,None,Yes,47.64,No,Yes,59,No,Yes,Yes,No,Yes,Yes,Yes,Yes,One Year,Yes,Bank Withdrawal,5,No,48
Male,61,No,Yes,Yes,4,Yes,8,Offer C,Yes,19.56,Yes,No,0,No,No,No,No,No,No,No,No,Month-to-Month,Yes,Bank Withdrawal,3,No,25
Male,28,No,Yes,Yes,1,Yes,3,Offer B,Yes,14.93,No,No,0,No,No,No,No,No,No,No,No,Two Year,Yes,Bank Withdrawal,5,No,64
Male,51,No,No,No,0,No,0,Offer B,No,0,No,Yes,20,Yes,Yes,No,No,No,No,No,Yes,Month-to-Month,Yes,Credit Card,3,No,50
Female,20,No,Yes,Yes,1,Yes,1,Offer B,Yes,44.79,Yes,Yes,52,No,No,Yes,No,Yes,Yes,Yes,Yes,One Year,No,Bank Withdrawal,5,No,52
Male,21,No,Yes,Yes,1,Yes,9,Offer B,Yes,25.69,Yes,Yes,26,Yes,Yes,No,Yes,Yes,No,No,Yes,Two Year,No,Credit Card,3,No,45
Male,49,No,Yes,No,0,Yes,3,None,Yes,22.41,Yes,Yes,21,Yes,No,No,No,No,Yes,Yes,Yes,Month-to-Month,Yes,Bank Withdrawal,3,No,9
Female,45,No,No,No,0,No,0,Offer B,Yes,26.25,No,No,0,No,No,No,No,No,No,No,No,Two Year,No,Credit Card,5,No,54
Female,49,No,Yes,Yes,1,Yes,7,Offer B,Yes,21.16,Yes,Yes,23,Yes,Yes,No,Yes,Yes,Yes,Yes,Yes,Two Year,No,Bank Withdrawal,3,No,64
Female,61,No,No,No,0,No,0,Offer D,Yes,15.97,No,Yes,19,Yes,No,No,No,Yes,No,No,Yes,One Year,Yes,Credit Card,4,No,12
Female,60,No,No,No,0,No,0,Offer B,Yes,44.29,Yes,Yes,15,Yes,No,No,Yes,No,Yes,Yes,Yes,Two Year,No,Credit Card,3,No,45
Male,45,No,No,No,0,No,0,Offer D,Yes,13.51,No,Yes,14,No,No,No,No,No,No,No,Yes,Month-to-Month,No,Credit Card,4,No,10
Female,58,No,No,No,0,No,0,Offer C,Yes,42.66,Yes,No,0,No,No,No,No,No,No,No,No,One Year,No,Bank Withdrawal,5,No,24
Male,62,No,Yes,Yes,2,Yes,7,None,Yes,31.53,No,No,0,No,No,No,No,No,No,No,No,Two Year,Yes,Credit Card,4,No,66
Male,51,No,No,No,0,No,0,Offer B,Yes,27.3,No,Yes,13,Yes,No,No,No,Yes,No,No,Yes,One Year,No,Credit Card,3,No,51
Female,35,No,Yes,No,0,Yes,6,Offer B,Yes,42.32,Yes,No,0,No,No,No,No,No,No,No,No,Two Year,No,Credit Card,3,No,45
Female,54,No,Yes,No,0,Yes,3,Offer B,Yes,13.13,No,No,0,No,No,No,No,No,No,No,No,One Year,No,Credit Card,3,No,49
Female,44,No,Yes,No,0,Yes,6,Offer C,Yes,49.96,No,No,0,No,No,No,No,No,No,No,No,Two Year,Yes,Credit Card,3,No,29
Male,59,No,Yes,Yes,3,Yes,6,Offer B,Yes,11.5,Yes,Yes,22,Yes,Yes,No,Yes,Yes,Yes,Yes,Yes,Month-to-Month,Yes,Credit Card,3,No,40
Male,42,No,No,No,0,No,0,Offer C,Yes,40.11,No,Yes,18,No,No,No,No,No,No,No,No,Month-to-Month,No,Bank Withdrawal,4,No,25
Female,34,No,No,No,0,No,0,None,No,0,No,Yes,8,No,No,Yes,No,Yes,Yes,Yes,Yes,Month-to-Month,Yes,Bank Withdrawal,4,No,22
Male,36,No,No,No,0,No,0,None,No,0,No,Yes,9,Yes,Yes,Yes,Yes,Yes,Yes,Yes,Yes,Two Year,Yes,Bank Withdrawal,3,No,72
Male,44,No,Yes,Yes,1,Yes,1,Offer C,Yes,1.62,No,Yes,30,No,Yes,Yes,Yes,Yes,Yes,Yes,Yes,Two Year,No,Credit Card,4,No,33
Female,22,No,No,No,0,No,0,None,Yes,15.18,No,Yes,46,No,Yes,No,Yes,No,No,No,Yes,Month-to-Month,Yes,Credit Card,5,No,23
Male,42,No,No,No,0,No,0,None,Yes,47.43,Yes,Yes,22,Yes,Yes,Yes,Yes,Yes,Yes,Yes,Yes,Two Year,No,Credit Card,3,No,69
Female,37,No,No,Yes,2,No,0,None,Yes,11.27,No,No,0,No,No,No,No,No,No,No,No,One Year,Yes,Credit Card,3,No,3
Male,61,No,No,No,0,No,0,Offer B,Yes,18.42,No,Yes,13,No,Yes,No,Yes,Yes,Yes,Yes,No,One Year,Yes,Bank Withdrawal,3,No,56
Male,61,No,No,No,0,No,0,None,Yes,33.11,Yes,Yes,10,Yes,No,Yes,Yes,Yes,Yes,Yes,Yes,One Year,Yes,Credit Card,4,No,65
Male,55,No,Yes,No,0,Yes,5,None,Yes,44.82,No,No,0,No,No,No,No,No,No,No,No,One Year,No,Bank Withdrawal,4,No,71
Female,57,No,No,No,0,No,0,None,Yes,33.75,No,Yes,10,No,No,No,No,No,No,No,Yes,Month-to-Month,Yes,Bank Withdrawal,3,No,2
Male,28,No,No,No,0,No,0,None,Yes,39.05,No,Yes,58,Yes,No,Yes,No,No,Yes,Yes,Yes,Month-to-Month,No,Bank Withdrawal,3,No,40
Male,49,No,No,No,0,No,0,None,Yes,36.28,No,No,0,No,No,No,No,No,No,No,No,Month-to-Month,No,Credit Card,3,No,1
Female,25,No,No,No,0,No,0,None,Yes,30.99,No,Yes,42,No,No,No,No,No,No,No,Yes,Month-to-Month,Yes,Credit Card,4,No,7
Female,60,No,Yes,No,0,Yes,1,None,Yes,31.13,Yes,Yes,5,No,No,No,No,No,No,No,Yes,Month-to-Month,Yes,Bank Withdrawal,5,No,15
Male,43,No,No,No,0,No,0,None,Yes,39.08,Yes,No,0,No,No,No,No,No,No,No,No,Two Year,No,Bank Withdrawal,5,No,71
Female,22,No,Yes,Yes,3,Yes,6,None,Yes,8.53,Yes,Yes,73,Yes,No,No,Yes,No,No,No,Yes,Two Year,No,Bank Withdrawal,3,No,54
Male,47,No,Yes,No,0,Yes,4,Offer C,Yes,22.42,Yes,Yes,21,Yes,Yes,No,Yes,No,No,No,Yes,Month-to-Month,Yes,Credit Card,4,No,31
Female,46,No,No,No,0,No,0,None,Yes,36.52,No,Yes,20,Yes,No,No,No,No,No,No,Yes,Month-to-Month,No,Bank Withdrawal,4,No,11
Male,34,No,Yes,No,0,Yes,2,Offer C,Yes,32.11,Yes,Yes,16,No,No,Yes,Yes,No,Yes,Yes,Yes,One Year,No,Credit Card,4,No,38
Male,57,No,No,Yes,2,No,0,None,Yes,13.54,No,Yes,21,No,No,No,Yes,No,No,No,Yes,Month-to-Month,Yes,Bank Withdrawal,5,No,5
Female,52,No,No,No,0,No,0,None,Yes,20.3,Yes,Yes,13,No,Yes,Yes,No,Yes,Yes,Yes,No,Two Year,Yes,Bank Withdrawal,3,No,68
Male,23,No,Yes,Yes,2,Yes,8,Offer A,Yes,26.44,No,No,0,No,No,No,No,No,No,No,No,One Year,Yes,Credit Card,4,No,69
Female,56,No,Yes,No,0,Yes,4,None,Yes,36.35,Yes,Yes,30,Yes,Yes,No,Yes,No,No,No,Yes,Month-to-Month,Yes,Credit Card,3,No,42
Female,36,No,No,No,0,No,0,None,Yes,15.1,No,Yes,9,No,Yes,No,Yes,Yes,Yes,Yes,Yes,Two Year,Yes,Credit Card,4,No,50
Male,23,No,Yes,No,0,Yes,6,Offer C,Yes,48.49,No,Yes,51,No,No,No,No,No,No,No,Yes,Month-to-Month,Yes,Credit Card,4,No,33
Female,43,No,No,No,0,No,0,Offer E,Yes,41.57,No,No,0,No,No,No,No,No,No,No,No,Month-to-Month,No,Credit Card,5,No,7
Male,21,No,Yes,Yes,1,No,0,None,Yes,34.58,Yes,Yes,27,Yes,Yes,Yes,No,No,No,No,Yes,Month-to-Month,Yes,Bank Withdrawal,3,No,64
Male,47,No,No,No,0,No,0,None,Yes,47.17,No,No,0,No,No,No,No,No,No,No,No,Two Year,Yes,Bank Withdrawal,4,No,59
Female,30,No,Yes,No,0,Yes,10,Offer E,Yes,42.66,Yes,Yes,85,No,No,No,No,No,No,No,Yes,Month-to-Month,No,Bank Withdrawal,3,No,6
Female,44,No,No,No,0,No,0,Offer E,Yes,6.61,No,No,0,No,No,No,No,No,No,No,No,Month-to-Month,No,Credit Card,4,No,3
Female,21,No,Yes,No,0,Yes,3,None,Yes,12.41,No,No,0,No,No,No,No,No,No,No,No,Month-to-Month,No,Credit Card,4,No,15
Male,59,No,Yes,Yes,1,Yes,1,None,Yes,13.32,No,Yes,21,No,No,No,No,Yes,Yes,Yes,Yes,One Year,Yes,Bank Withdrawal,3,No,13
Female,40,No,No,No,0,No,0,None,Yes,14.45,Yes,Yes,19,No,Yes,No,No,Yes,Yes,Yes,Yes,Month-to-Month,Yes,Credit Card,5,No,23
Male,35,No,No,No,0,No,0,Offer C,Yes,8,No,Yes,9,Yes,Yes,No,Yes,No,No,No,No,One Year,Yes,Bank Withdrawal,3,No,29
Female,62,No,Yes,No,0,No,0,None,Yes,29.18,No,No,0,No,No,No,No,No,No,No,No,One Year,No,Credit Card,3,No,49
Female,25,No,Yes,No,0,Yes,9,None,Yes,42.81,Yes,Yes,51,No,No,No,No,Yes,No,No,Yes,Month-to-Month,Yes,Bank Withdrawal,4,No,56
Female,50,No,No,No,0,No,0,None,Yes,31.34,Yes,Yes,26,Yes,Yes,Yes,Yes,No,Yes,Yes,Yes,Two Year,Yes,Credit Card,3,No,63
Male,51,No,Yes,No,0,Yes,5,None,Yes,10.07,Yes,Yes,20,No,No,Yes,Yes,Yes,Yes,Yes,Yes,Two Year,No,Credit Card,4,No,63
Female,55,No,Yes,No,0,Yes,7,None,Yes,11.27,No,Yes,19,Yes,No,Yes,Yes,Yes,Yes,Yes,No,One Year,No,Credit Card,4,No,21
Male,31,No,Yes,Yes,2,Yes,8,None,Yes,48.7,Yes,No,0,No,No,No,No,No,No,No,No,One Year,No,Bank Withdrawal,5,No,13
Male,25,No,Yes,Yes,2,Yes,7,Offer E,Yes,18.63,No,No,0,No,No,No,No,No,No,No,No,Month-to-Month,Yes,Bank Withdrawal,3,No,1
Female,52,No,Yes,Yes,2,Yes,7,Offer C,Yes,13.06,No,No,0,No,No,No,No,No,No,No,No,One Year,No,Credit Card,4,No,25
Male,64,No,Yes,Yes,3,Yes,6,Offer A,Yes,16.13,No,No,0,No,No,No,No,No,No,No,No,Two Year,Yes,Bank Withdrawal,5,No,71
Male,27,No,No,No,0,No,0,Offer A,Yes,4.32,Yes,Yes,73,Yes,Yes,Yes,Yes,Yes,Yes,Yes,Yes,One Year,Yes,Bank Withdrawal,3,No,66
Female,27,No,No,No,0,No,0,None,Yes,1.03,No,Yes,47,Yes,Yes,No,No,Yes,Yes,Yes,Yes,One Year,Yes,Bank Withdrawal,3,No,45
Female,20,No,Yes,No,0,Yes,1,None,Yes,45.1,No,Yes,41,No,No,No,No,Yes,No,No,No,Month-to-Month,Yes,Credit Card,3,No,22
Female,57,No,Yes,No,0,Yes,5,Offer A,Yes,7.91,No,No,0,No,No,No,No,No,No,No,No,One Year,Yes,Bank Withdrawal,5,No,67
Female,30,No,Yes,No,0,Yes,5,Offer A,Yes,28.36,Yes,Yes,82,No,No,Yes,No,Yes,No,No,Yes,Two Year,Yes,Bank Withdrawal,4,No,68
Female,23,No,Yes,Yes,3,Yes,4,Offer E,Yes,20.05,No,No,0,No,No,No,No,No,No,No,No,Two Year,No,Credit Card,4,No,10
Male,34,No,Yes,No,0,Yes,9,None,Yes,34.02,Yes,Yes,18,Yes,Yes,Yes,Yes,No,Yes,Yes,Yes,One Year,No,Credit Card,3,No,63
Male,31,No,No,No,0,No,0,None,Yes,22.53,No,No,0,No,No,No,No,No,No,No,No,One Year,Yes,Credit Card,5,No,21
Male,21,No,No,Yes,2,No,0,Offer E,Yes,47.25,No,No,0,No,No,No,No,No,No,No,No,Month-to-Month,Yes,Credit Card,3,No,1
Female,58,No,No,No,0,No,0,Offer D,Yes,30.07,No,No,0,No,No,No,No,No,No,No,No,Two Year,No,Credit Card,3,No,17
Male,45,No,No,No,0,No,0,Offer C,Yes,17.26,Yes,Yes,19,Yes,No,No,No,Yes,Yes,Yes,Yes,Month-to-Month,Yes,Bank Withdrawal,3,No,30
Male,21,No,Yes,Yes,3,Yes,9,Offer D,Yes,42.58,No,Yes,82,Yes,Yes,No,Yes,No,No,Yes,Yes,Month-to-Month,Yes,Credit Card,3,No,22
Female,33,No,No,No,0,No,0,Offer E,Yes,39.19,No,Yes,20,No,No,No,Yes,Yes,No,No,Yes,Month-to-Month,Yes,Bank Withdrawal,5,No,9
Male,57,No,Yes,Yes,3,Yes,10,None,Yes,32.78,No,No,0,No,No,No,No,No,No,No,No,Month-to-Month,No,Credit Card,5,No,1
Male,40,No,No,No,0,No,0,Offer D,Yes,11.85,Yes,Yes,18,No,No,Yes,Yes,No,No,No,Yes,Month-to-Month,No,Bank Withdrawal,4,No,19
Female,33,No,Yes,No,0,Yes,10,Offer A,Yes,44.27,Yes,Yes,8,Yes,Yes,Yes,Yes,Yes,No,No,No,Two Year,Yes,Bank Withdrawal,3,No,72
Male,49,No,Yes,Yes,1,Yes,9,Offer A,Yes,22.67,Yes,Yes,29,Yes,No,Yes,No,Yes,No,No,Yes,Two Year,No,Credit Card,3,No,70
Female,33,No,No,No,0,No,0,Offer A,Yes,43.14,Yes,Yes,20,Yes,Yes,Yes,Yes,No,Yes,Yes,Yes,Month-to-Month,Yes,Bank Withdrawal,3,No,66
Female,20,No,Yes,Yes,2,Yes,3,None,No,0,No,Yes,76,No,No,No,No,No,No,Yes,Yes,Month-to-Month,Yes,Bank Withdrawal,3,No,7
Female,29,No,Yes,Yes,1,Yes,9,Offer C,Yes,33.28,Yes,Yes,51,No,Yes,Yes,No,No,No,Yes,Yes,Month-to-Month,No,Bank Withdrawal,3,No,32
Male,21,No,No,No,0,No,0,None,Yes,27.91,No,Yes,59,No,Yes,Yes,No,No,Yes,Yes,Yes,Month-to-Month,Yes,Bank Withdrawal,5,No,24
Female,43,No,No,No,0,No,0,None,Yes,42.41,Yes,Yes,4,Yes,Yes,Yes,Yes,Yes,No,No,No,Month-to-Month,Yes,Credit Card,4,No,37
Male,61,No,No,Yes,1,No,0,None,Yes,14.37,No,No,0,No,No,No,No,No,No,No,No,Month-to-Month,No,Credit Card,3,No,8
Female,26,No,Yes,Yes,1,Yes,8,Offer A,Yes,38.99,Yes,Yes,73,Yes,No,Yes,No,Yes,No,Yes,Yes,Two Year,Yes,Bank Withdrawal,3,No,72
Female,56,No,Yes,No,0,Yes,3,Offer D,Yes,10.5,No,Yes,2,No,Yes,No,No,Yes,Yes,Yes,Yes,Month-to-Month,Yes,Bank Withdrawal,5,No,16
Female,44,No,Yes,No,0,Yes,2,None,No,0,No,Yes,14,Yes,No,Yes,Yes,No,Yes,Yes,Yes,Month-to-Month,Yes,Bank Withdrawal,3,No,57
Male,40,No,No,No,0,No,0,Offer A,Yes,32.22,Yes,No,0,No,No,No,No,No,No,No,No,One Year,No,Bank Withdrawal,3,No,66
Female,38,No,No,Yes,2,No,0,Offer D,Yes,8.68,No,No,0,No,No,No,No,No,No,No,No,Month-to-Month,No,Credit Card,3,No,21
Male,43,No,Yes,No,0,Yes,9,Offer A,Yes,37.71,Yes,Yes,15,Yes,Yes,Yes,No,No,No,No,Yes,Two Year,Yes,Credit Card,3,No,66
Female,29,No,Yes,No,0,Yes,5,Offer D,Yes,7.6,Yes,Yes,52,No,Yes,No,No,Yes,Yes,Yes,Yes,Month-to-Month,Yes,Bank Withdrawal,3,No,17
Female,54,No,Yes,Yes,3,Yes,5,None,Yes,43.05,No,No,0,No,No,No,No,No,No,No,No,Month-to-Month,No,Credit Card,3,No,8
Male,19,No,No,No,0,No,0,None,Yes,36.39,No,Yes,26,Yes,No,Yes,Yes,Yes,No,Yes,Yes,One Year,No,Credit Card,3,No,27
Male,28,No,Yes,No,0,Yes,10,None,Yes,13.97,Yes,Yes,48,No,Yes,No,No,No,Yes,Yes,Yes,Month-to-Month,No,Credit Card,3,No,34
Male,44,No,No,No,0,No,0,None,Yes,12.17,No,Yes,16,No,Yes,No,No,Yes,Yes,Yes,Yes,One Year,Yes,Bank Withdrawal,5,No,30
Male,19,No,No,No,0,No,0,None,Yes,45.72,No,Yes,51,No,Yes,Yes,No,Yes,No,Yes,No,Month-to-Month,Yes,Credit Card,5,No,33
Male,52,No,Yes,Yes,3,Yes,8,Offer D,Yes,2.96,Yes,Yes,76,Yes,Yes,No,No,No,Yes,Yes,Yes,Month-to-Month,No,Credit Card,3,No,14
Female,30,No,No,Yes,3,No,0,Offer D,Yes,27.23,Yes,Yes,69,No,No,No,Yes,No,No,No,Yes,One Year,Yes,Credit Card,4,No,16
Female,49,No,No,No,0,No,0,None,Yes,11.11,No,Yes,27,No,No,Yes,Yes,Yes,Yes,Yes,Yes,Two Year,No,Credit Card,3,No,49
Female,44,No,Yes,Yes,1,Yes,3,Offer A,Yes,8.36,Yes,Yes,19,Yes,Yes,Yes,Yes,Yes,No,No,Yes,Two Year,No,Bank Withdrawal,3,No,70
Female,49,No,Yes,Yes,1,Yes,3,None,Yes,46.66,No,Yes,17,Yes,Yes,No,Yes,No,No,No,Yes,Month-to-Month,No,Bank Withdrawal,3,No,32
Female,35,No,No,No,0,No,0,Offer D,Yes,34.12,No,Yes,20,No,No,No,No,No,No,No,Yes,Month-to-Month,Yes,Bank Withdrawal,4,No,18
Male,26,No,No,No,0,No,0,None,No,0,No,Yes,69,Yes,Yes,No,Yes,No,No,Yes,No,Two Year,Yes,Credit Card,3,No,37
Female,36,No,No,No,0,No,0,None,Yes,23.5,Yes,Yes,22,No,No,No,No,No,No,No,Yes,Month-to-Month,Yes,Bank Withdrawal,5,No,4
Female,19,No,Yes,No,0,Yes,2,Offer D,Yes,27.83,Yes,Yes,52,Yes,Yes,Yes,No,No,No,Yes,Yes,Month-to-Month,No,Bank Withdrawal,3,No,16
Male,31,No,Yes,No,0,Yes,7,Offer D,Yes,46.71,Yes,Yes,8,No,Yes,No,No,No,No,No,Yes,Month-to-Month,Yes,Bank Withdrawal,5,No,17
Female,52,No,No,Yes,3,No,0,Offer D,Yes,36.48,No,Yes,20,Yes,Yes,Yes,No,No,No,No,Yes,Month-to-Month,Yes,Bank Withdrawal,3,No,19
Male,27,No,Yes,No,0,No,0,None,Yes,10.05,Yes,Yes,48,No,No,Yes,No,Yes,Yes,Yes,Yes,Two Year,No,Credit Card,3,No,60
Male,46,No,Yes,Yes,2,Yes,7,None,Yes,16.85,Yes,No,0,No,No,No,No,No,No,No,No,Two Year,Yes,Credit Card,4,No,51
Male,30,No,Yes,Yes,2,Yes,8,None,Yes,19.18,No,No,0,No,No,No,No,No,No,No,No,Two Year,Yes,Credit Card,3,No,28
Male,64,No,No,No,0,No,0,None,Yes,21.64,No,Yes,13,No,Yes,No,No,No,Yes,Yes,Yes,Two Year,Yes,Bank Withdrawal,5,No,43
Male,49,No,Yes,No,0,Yes,10,None,Yes,45.75,No,No,0,No,No,No,No,No,No,No,No,Two Year,No,Bank Withdrawal,5,No,42
Female,35,No,No,No,0,No,0,None,Yes,40.87,No,Yes,21,No,No,No,No,No,No,No,Yes,Month-to-Month,No,Credit Card,5,No,1
Female,49,No,No,No,0,No,0,None,Yes,23.62,Yes,Yes,21,Yes,Yes,Yes,No,Yes,No,No,Yes,Two Year,No,Credit Card,4,No,63
Male,25,No,Yes,No,0,Yes,2,Offer A,Yes,24.01,Yes,Yes,48,Yes,Yes,No,Yes,Yes,Yes,Yes,Yes,Month-to-Month,Yes,Bank Withdrawal,3,No,68
Female,23,No,No,No,0,No,0,None,Yes,35.47,Yes,Yes,51,No,Yes,Yes,No,Yes,Yes,Yes,No,Two Year,No,Bank Withdrawal,5,No,60
Female,31,No,Yes,No,0,No,0,Offer A,Yes,31.15,No,Yes,5,Yes,Yes,Yes,Yes,Yes,Yes,Yes,Yes,Two Year,No,Credit Card,4,No,70
Male,26,No,No,No,0,No,0,None,Yes,22.54,No,No,0,No,No,No,No,No,No,No,No,Month-to-Month,No,Credit Card,5,No,4
Female,38,No,Yes,No,0,Yes,2,Offer A,Yes,26.64,Yes,No,0,No,No,No,No,No,No,No,No,Two Year,Yes,Credit Card,5,No,68
Male,50,No,Yes,Yes,2,Yes,1,Offer D,Yes,38.82,No,Yes,19,Yes,No,No,No,No,No,No,Yes,Month-to-Month,No,Bank Withdrawal,3,No,22
Male,55,No,Yes,No,0,Yes,6,Offer D,Yes,31.79,No,Yes,19,No,No,Yes,Yes,No,No,No,Yes,Month-to-Month,No,Bank Withdrawal,5,No,18
Male,50,No,No,No,0,No,0,None,Yes,2.05,No,Yes,17,No,No,No,Yes,Yes,Yes,Yes,No,Month-to-Month,Yes,Bank Withdrawal,5,No,29
Male,35,No,No,No,0,No,0,None,No,0,No,Yes,5,No,No,Yes,No,Yes,Yes,Yes,Yes,One Year,Yes,Bank Withdrawal,3,No,31
Female,45,No,Yes,No,0,Yes,3,None,Yes,17.03,Yes,Yes,15,No,No,Yes,Yes,No,Yes,Yes,Yes,One Year,Yes,Credit Card,4,No,48
Male,34,No,No,No,0,No,0,None,Yes,15.37,No,Yes,22,Yes,Yes,Yes,Yes,No,No,No,Yes,One Year,Yes,Credit Card,3,No,50
Male,22,No,No,No,0,No,0,None,Yes,26.76,No,Yes,46,No,No,No,No,No,No,No,Yes,Month-to-Month,Yes,Bank Withdrawal,4,No,7
Male,25,No,Yes,Yes,3,Yes,8,Offer A,Yes,24.08,No,Yes,41,Yes,No,Yes,No,No,No,No,Yes,Two Year,No,Credit Card,3,No,68
Male,33,No,No,No,0,No,0,None,No,0,No,Yes,28,No,No,Yes,Yes,Yes,Yes,Yes,No,Two Year,No,Credit Card,4,No,57
Female,60,No,No,No,0,No,0,None,Yes,40.98,No,No,0,No,No,No,No,No,No,No,No,Month-to-Month,No,Bank Withdrawal,4,No,3
Male,59,No,Yes,Yes,1,Yes,1,Offer D,Yes,11.75,No,Yes,21,Yes,No,No,No,No,No,No,Yes,One Year,Yes,Bank Withdrawal,3,No,19
Female,50,No,No,No,0,No,0,None,Yes,41.38,No,Yes,5,No,No,No,No,Yes,No,No,Yes,Month-to-Month,Yes,Bank Withdrawal,4,No,3
Female,64,No,No,No,0,No,0,Offer B,Yes,41.23,Yes,No,0,No,No,No,No,No,No,No,No,Two Year,No,Bank Withdrawal,4,No,59
Male,37,No,Yes,No,0,Yes,1,Offer B,No,0,No,Yes,7,Yes,No,No,No,Yes,No,No,Yes,Month-to-Month,Yes,Bank Withdrawal,4,No,42
Male,58,No,Yes,No,0,Yes,1,Offer A,Yes,11.74,Yes,No,0,No,No,No,No,No,No,No,No,Two Year,No,Credit Card,3,No,67
Male,63,No,No,No,0,No,0,None,Yes,14.42,No,Yes,27,No,No,No,No,No,No,No,No,Month-to-Month,Yes,Bank Withdrawal,5,No,1
Male,19,No,Yes,No,0,Yes,1,Offer A,Yes,23.27,Yes,Yes,58,Yes,Yes,Yes,Yes,Yes,Yes,Yes,Yes,Two Year,No,Bank Withdrawal,3,No,66
Female,60,No,No,No,0,No,0,Offer B,Yes,14.52,Yes,Yes,27,No,No,Yes,No,No,Yes,Yes,Yes,Month-to-Month,No,Credit Card,3,No,61
Male,55,No,Yes,Yes,2,Yes,1,Offer E,Yes,16.68,Yes,No,0,No,No,No,No,No,No,No,No,One Year,No,Credit Card,3,No,4
Female,53,No,Yes,Yes,2,Yes,10,Offer B,Yes,17.07,Yes,Yes,25,No,Yes,No,No,No,No,No,Yes,One Year,Yes,Bank Withdrawal,4,No,64
Male,58,No,No,No,0,No,0,Offer E,Yes,1.61,No,No,0,No,No,No,No,No,No,No,No,Month-to-Month,Yes,Credit Card,5,No,1
Male,19,No,Yes,Yes,2,Yes,7,Offer B,Yes,41.58,Yes,No,0,No,No,No,No,No,No,No,No,Two Year,Yes,Bank Withdrawal,4,No,54
Female,45,No,No,Yes,2,No,0,Offer D,Yes,30.22,Yes,No,0,No,No,No,No,No,No,No,No,Two Year,No,Credit Card,4,No,18
Male,46,No,No,No,0,No,0,Offer E,Yes,13.72,No,Yes,26,No,Yes,No,No,No,Yes,Yes,Yes,Month-to-Month,No,Bank Withdrawal,5,No,3
Female,41,No,Yes,Yes,1,Yes,1,Offer A,Yes,15.58,Yes,Yes,20,Yes,Yes,Yes,Yes,Yes,Yes,Yes,Yes,Two Year,No,Credit Card,3,No,72
Female,37,No,Yes,Yes,1,Yes,8,Offer D,Yes,49.19,No,No,0,No,No,No,No,No,No,No,No,One Year,Yes,Credit Card,5,No,11
Male,37,No,Yes,Yes,1,Yes,3,Offer B,Yes,43.08,No,Yes,19,No,Yes,Yes,Yes,Yes,Yes,Yes,Yes,One Year,No,Credit Card,5,No,61
Female,23,No,No,No,0,No,0,None,Yes,29.79,No,No,0,No,No,No,No,No,No,No,No,Two Year,No,Credit Card,4,No,39
Male,36,No,No,No,0,No,0,None,Yes,34.37,No,No,0,No,No,No,No,No,No,No,No,One Year,No,Credit Card,5,No,37
Female,60,No,Yes,No,0,Yes,8,Offer A,Yes,26.98,Yes,No,0,No,No,No,No,No,No,No,No,Two Year,Yes,Credit Card,4,No,72
Female,34,No,No,No,0,No,0,Offer E,Yes,33.54,No,Yes,14,Yes,No,No,Yes,No,Yes,Yes,Yes,Month-to-Month,No,Bank Withdrawal,3,No,8
Female,27,No,Yes,Yes,2,Yes,2,Offer D,Yes,49.51,No,No,0,No,No,No,No,No,No,No,No,Month-to-Month,No,Credit Card,4,No,22
Female,61,No,No,No,0,No,0,None,Yes,21.19,Yes,Yes,24,No,Yes,No,Yes,No,Yes,Yes,Yes,Month-to-Month,No,Credit Card,3,No,38
Male,25,No,No,Yes,1,No,0,None,Yes,45.92,No,Yes,73,No,Yes,Yes,Yes,Yes,Yes,Yes,No,One Year,No,Bank Withdrawal,5,No,17
Female,62,No,No,No,0,No,0,None,Yes,33.84,No,Yes,5,No,No,No,No,No,Yes,Yes,Yes,Month-to-Month,Yes,Bank Withdrawal,5,No,28
Female,60,No,No,No,0,No,0,None,Yes,10.43,No,Yes,29,No,Yes,No,No,Yes,No,No,Yes,Month-to-Month,Yes,Bank Withdrawal,3,No,15
Male,59,No,Yes,Yes,3,Yes,1,None,Yes,44.61,Yes,Yes,53,Yes,Yes,Yes,Yes,Yes,Yes,Yes,Yes,Two Year,Yes,Bank Withdrawal,4,No,72
Female,20,No,Yes,No,0,Yes,10,Offer B,Yes,8.01,Yes,Yes,73,No,Yes,Yes,Yes,Yes,Yes,Yes,Yes,One Year,Yes,Bank Withdrawal,5,No,57
Female,50,No,Yes,No,0,Yes,3,Offer B,No,0,No,Yes,30,Yes,Yes,No,No,Yes,No,No,Yes,Month-to-Month,No,Bank Withdrawal,4,No,46
Male,45,No,Yes,No,0,Yes,2,None,Yes,22.89,No,No,0,No,No,No,No,No,No,No,No,One Year,No,Credit Card,5,No,30
Male,22,No,No,No,0,No,0,None,Yes,46.33,No,Yes,85,Yes,Yes,Yes,No,No,Yes,Yes,Yes,Month-to-Month,Yes,Credit Card,3,No,32
Male,34,No,No,No,0,No,0,None,Yes,30.06,No,Yes,5,Yes,No,No,No,No,No,No,Yes,Month-to-Month,Yes,Credit Card,3,No,13
Female,35,No,No,No,0,No,0,Offer B,Yes,32.83,No,Yes,24,No,Yes,Yes,No,Yes,No,No,Yes,Month-to-Month,Yes,Credit Card,4,No,44
Female,22,No,Yes,No,0,Yes,4,None,Yes,33.01,No,No,0,No,No,No,No,No,No,No,No,Two Year,No,Credit Card,4,No,67
Female,37,No,Yes,No,0,Yes,4,None,Yes,10.46,Yes,Yes,3,No,Yes,Yes,No,Yes,Yes,Yes,No,Two Year,Yes,Bank Withdrawal,5,No,71
Male,32,No,No,No,0,No,0,None,Yes,49.19,No,Yes,17,No,No,No,Yes,No,No,No,Yes,Month-to-Month,No,Credit Card,3,No,1
Male,27,No,Yes,No,0,Yes,1,None,No,0,No,Yes,52,No,Yes,No,No,Yes,Yes,Yes,Yes,Month-to-Month,Yes,Credit Card,5,No,17
Male,52,No,No,No,0,No,0,Offer E,Yes,2.29,No,No,0,No,No,No,No,No,No,No,No,Month-to-Month,No,Bank Withdrawal,3,No,1
Male,27,No,Yes,Yes,1,Yes,8,Offer B,Yes,39.53,No,No,0,No,No,No,No,No,No,No,No,One Year,No,Bank Withdrawal,4,No,41
Female,45,No,No,No,0,No,0,Offer E,Yes,9.82,No,Yes,13,No,No,No,No,No,No,No,Yes,Month-to-Month,No,Bank Withdrawal,4,No,1
Male,22,No,Yes,Yes,1,Yes,8,Offer B,Yes,14.75,Yes,Yes,52,Yes,Yes,No,No,Yes,Yes,Yes,No,Month-to-Month,Yes,Bank Withdrawal,4,No,62
Female,37,No,No,Yes,2,No,0,None,Yes,49.78,Yes,Yes,19,No,Yes,Yes,Yes,No,No,No,Yes,Month-to-Month,Yes,Credit Card,4,No,17
Female,37,No,Yes,Yes,1,Yes,8,None,Yes,2.57,Yes,No,0,No,No,No,No,No,No,No,No,Two Year,Yes,Bank Withdrawal,4,No,72
Male,39,No,Yes,Yes,3,Yes,4,Offer B,Yes,23.52,Yes,Yes,53,No,Yes,No,Yes,Yes,No,No,Yes,Month-to-Month,Yes,Credit Card,5,No,56
Female,32,No,No,No,0,No,0,Offer E,Yes,45.99,No,No,0,No,No,No,No,No,No,No,No,Month-to-Month,Yes,Credit Card,4,No,9
Male,58,No,Yes,No,0,No,0,None,Yes,43.12,Yes,Yes,6,Yes,Yes,Yes,Yes,Yes,Yes,Yes,Yes,Two Year,Yes,Bank Withdrawal,3,No,72
Male,40,No,No,No,0,No,0,None,Yes,16.05,No,Yes,18,Yes,Yes,Yes,Yes,Yes,Yes,Yes,Yes,Month-to-Month,Yes,Bank Withdrawal,3,No,20
Male,32,No,Yes,Yes,3,Yes,3,None,Yes,31.7,No,No,0,No,No,No,No,No,No,No,No,Two Year,No,Credit Card,3,No,19
Male,62,No,No,No,0,No,0,Offer B,No,0,No,Yes,17,No,No,Yes,Yes,Yes,Yes,Yes,Yes,One Year,No,Credit Card,4,No,53
Male,56,No,No,No,0,No,0,None,Yes,6.93,No,No,0,No,No,No,No,No,No,No,No,Month-to-Month,No,Bank Withdrawal,5,No,6
Male,22,No,Yes,Yes,3,Yes,9,Offer E,Yes,30.46,Yes,Yes,82,No,No,Yes,No,Yes,No,No,Yes,One Year,Yes,Bank Withdrawal,3,No,9
Female,62,No,Yes,Yes,3,Yes,1,Offer E,Yes,12.41,Yes,Yes,53,No,Yes,No,No,No,No,No,Yes,Month-to-Month,No,Bank Withdrawal,4,No,8
Female,45,No,Yes,Yes,3,Yes,5,None,Yes,4.91,Yes,Yes,29,Yes,Yes,Yes,Yes,Yes,Yes,Yes,Yes,Two Year,No,Bank Withdrawal,4,No,71
Female,23,No,Yes,No,0,Yes,10,None,No,0,No,Yes,85,Yes,Yes,Yes,Yes,Yes,Yes,Yes,Yes,One Year,No,Bank Withdrawal,4,No,71
Male,43,No,Yes,No,0,Yes,1,None,Yes,49.51,No,Yes,3,No,Yes,No,Yes,Yes,Yes,Yes,No,One Year,Yes,Bank Withdrawal,4,No,68
Male,51,No,No,No,0,No,0,None,Yes,28,Yes,Yes,18,No,Yes,No,Yes,Yes,Yes,Yes,Yes,Month-to-Month,Yes,Bank Withdrawal,3,No,34
Male,51,No,No,No,0,No,0,None,Yes,29.72,No,Yes,11,No,Yes,Yes,Yes,No,No,No,Yes,One Year,Yes,Bank Withdrawal,5,No,26
Male,42,No,No,No,0,No,0,Offer E,Yes,33.18,No,No,0,No,No,No,No,No,No,No,No,Month-to-Month,Yes,Credit Card,5,No,7
Female,51,No,Yes,No,0,No,0,None,Yes,43.49,No,Yes,28,No,No,No,No,No,No,No,Yes,Month-to-Month,Yes,Bank Withdrawal,5,No,20
Female,48,No,Yes,No,0,Yes,5,Offer B,Yes,9.98,Yes,Yes,22,No,Yes,Yes,No,Yes,Yes,Yes,Yes,Month-to-Month,Yes,Bank Withdrawal,3,No,60
Male,51,No,Yes,Yes,1,Yes,5,None,Yes,37.11,No,No,0,No,No,No,No,No,No,No,No,Two Year,No,Bank Withdrawal,5,No,72
Male,64,No,No,No,0,No,0,Offer E,Yes,3.69,Yes,No,0,No,No,No,No,No,No,No,No,Month-to-Month,No,Credit Card,5,No,4
Male,40,No,Yes,Yes,1,Yes,2,None,Yes,31.99,No,No,0,No,No,No,No,No,No,No,No,Month-to-Month,No,Bank Withdrawal,4,No,16
Female,58,No,No,No,0,No,0,None,Yes,8.35,No,Yes,29,No,No,No,Yes,No,Yes,Yes,Yes,Month-to-Month,Yes,Credit Card,3,No,10
Male,60,No,No,No,0,No,0,None,Yes,42.05,Yes,Yes,12,No,Yes,No,No,No,No,No,Yes,Month-to-Month,Yes,Bank Withdrawal,3,No,31
Female,26,No,Yes,No,0,Yes,2,None,Yes,39.44,No,No,0,No,No,No,No,No,No,No,No,Two Year,No,Credit Card,4,No,71
Male,29,No,No,No,0,No,0,Offer B,Yes,49.02,No,No,0,No,No,No,No,No,No,No,No,Two Year,No,Credit Card,4,No,58
Male,31,No,Yes,Yes,1,Yes,7,None,Yes,2.5,Yes,Yes,13,Yes,Yes,Yes,Yes,Yes,Yes,Yes,Yes,Two Year,Yes,Credit Card,3,No,70
Female,30,No,Yes,No,0,Yes,2,None,Yes,22.33,Yes,Yes,71,Yes,Yes,Yes,Yes,Yes,Yes,Yes,Yes,Two Year,No,Bank Withdrawal,3,No,71
Female,33,No,Yes,Yes,3,Yes,1,None,Yes,41.14,Yes,Yes,53,Yes,Yes,Yes,Yes,Yes,Yes,Yes,Yes,Two Year,Yes,Bank Withdrawal,4,No,72
Female,56,No,Yes,No,0,Yes,1,None,Yes,42.26,No,Yes,2,No,No,No,Yes,No,Yes,Yes,Yes,Month-to-Month,No,Credit Card,4,No,26
Female,41,No,Yes,No,0,Yes,1,None,Yes,10.34,Yes,Yes,22,No,No,Yes,Yes,No,Yes,Yes,No,Month-to-Month,Yes,Credit Card,3,No,33
Female,51,No,Yes,Yes,3,Yes,1,None,Yes,18.62,No,No,0,No,No,No,No,No,No,No,No,Two Year,No,Credit Card,5,No,10
Female,52,No,No,No,0,No,0,None,Yes,10.46,No,No,0,No,No,No,No,No,No,No,No,Month-to-Month,Yes,Bank Withdrawal,4,No,10
Female,31,No,Yes,Yes,2,Yes,1,None,Yes,5.88,Yes,No,0,No,No,No,No,No,No,No,No,One Year,Yes,Credit Card,3,No,39
Female,40,No,No,No,0,No,0,None,Yes,48.92,No,No,0,No,No,No,No,No,No,No,No,Month-to-Month,No,Bank Withdrawal,3,No,11
Female,36,No,Yes,Yes,2,Yes,1,None,Yes,25.16,Yes,Yes,26,No,Yes,Yes,Yes,Yes,Yes,Yes,Yes,Two Year,No,Bank Withdrawal,4,No,68
Male,43,No,No,No,0,No,0,None,Yes,34.78,Yes,Yes,2,No,No,Yes,No,Yes,No,No,Yes,One Year,Yes,Credit Card,3,No,18
Male,47,No,No,No,0,No,0,None,Yes,33.8,Yes,Yes,17,Yes,No,No,No,No,No,No,No,Month-to-Month,No,Credit Card,4,No,18
Female,59,No,Yes,Yes,2,Yes,2,Offer B,Yes,10.03,No,Yes,29,No,No,Yes,No,No,No,No,Yes,One Year,Yes,Bank Withdrawal,4,No,52
Male,42,No,Yes,Yes,3,Yes,8,Offer B,Yes,40.86,Yes,Yes,27,Yes,Yes,Yes,Yes,Yes,Yes,Yes,Yes,Two Year,No,Credit Card,3,No,56
Male,51,No,No,No,0,No,0,Offer B,Yes,24.75,Yes,Yes,13,No,No,Yes,Yes,Yes,Yes,Yes,Yes,Month-to-Month,Yes,Bank Withdrawal,5,No,45
Female,45,No,No,No,0,No,0,None,Yes,43.3,Yes,No,0,No,No,No,No,No,No,No,No,Two Year,Yes,Credit Card,3,No,67
Male,33,No,Yes,No,0,Yes,3,Offer E,No,0,No,Yes,25,Yes,No,No,Yes,No,No,No,Yes,Month-to-Month,No,Credit Card,3,No,3
Male,52,No,Yes,No,0,Yes,2,None,Yes,48.14,Yes,Yes,28,No,Yes,No,Yes,No,Yes,Yes,No,Two Year,No,Credit Card,4,No,63
Female,50,No,Yes,Yes,2,Yes,1,None,Yes,15.04,Yes,No,0,No,No,No,No,No,No,No,No,Two Year,No,Credit Card,4,No,11
Male,20,No,No,Yes,1,No,0,None,Yes,41.39,No,Yes,48,No,No,No,Yes,No,Yes,Yes,Yes,Month-to-Month,Yes,Credit Card,3,No,1
Male,48,No,No,No,0,No,0,None,Yes,26.3,Yes,Yes,23,No,No,Yes,No,Yes,Yes,Yes,Yes,Two Year,Yes,Bank Withdrawal,5,No,55
Male,34,No,Yes,Yes,1,Yes,2,None,Yes,47.1,Yes,Yes,25,No,No,No,Yes,No,No,No,Yes,One Year,Yes,Credit Card,4,No,25
Female,55,No,Yes,No,0,Yes,7,None,Yes,37.98,Yes,No,0,No,No,No,No,No,No,No,No,Two Year,Yes,Credit Card,5,No,72
Female,33,No,No,Yes,2,No,0,None,No,0,No,Yes,25,No,Yes,No,Yes,Yes,No,No,Yes,Two Year,No,Credit Card,5,No,65
Male,31,No,Yes,Yes,1,Yes,9,None,Yes,39.98,No,No,0,No,No,No,No,No,No,No,No,Month-to-Month,No,Credit Card,3,No,7
Female,45,No,Yes,No,0,Yes,7,None,Yes,15.23,Yes,Yes,26,Yes,Yes,No,Yes,No,No,No,Yes,Two Year,No,Bank Withdrawal,3,No,72
Male,57,No,Yes,No,0,Yes,4,None,Yes,17.19,No,Yes,11,No,No,No,No,Yes,No,No,Yes,Month-to-Month,No,Bank Withdrawal,3,No,21
Female,28,No,No,No,0,No,0,None,Yes,13.89,No,No,0,No,No,No,No,No,No,No,No,Month-to-Month,Yes,Bank Withdrawal,4,No,2
Male,50,No,Yes,No,0,Yes,8,None,Yes,27.59,Yes,Yes,25,Yes,Yes,Yes,Yes,Yes,Yes,Yes,Yes,Two Year,No,Credit Card,3,No,72
Female,63,No,No,No,0,No,0,None,Yes,39.16,No,Yes,8,Yes,No,No,No,No,No,No,Yes,Month-to-Month,Yes,Bank Withdrawal,3,No,6
Male,58,No,No,No,0,No,0,None,Yes,5.92,No,Yes,23,No,No,Yes,No,No,Yes,Yes,No,Month-to-Month,Yes,Credit Card,3,No,52
Male,22,No,No,No,0,No,0,None,Yes,44.24,Yes,Yes,52,Yes,Yes,Yes,Yes,Yes,Yes,Yes,Yes,One Year,Yes,Credit Card,3,No,60
Female,24,No,Yes,No,0,Yes,4,Offer D,Yes,23.99,No,Yes,51,Yes,No,No,Yes,No,No,No,Yes,Month-to-Month,No,Bank Withdrawal,4,No,12
Female,50,No,No,No,0,No,0,Offer D,Yes,21.36,No,No,0,No,No,No,No,No,No,No,No,Month-to-Month,Yes,Credit Card,5,No,13
Male,20,No,No,No,0,No,0,Offer D,Yes,43.78,Yes,Yes,47,Yes,Yes,Yes,No,No,No,No,No,Month-to-Month,No,Credit Card,4,No,22
Female,59,No,Yes,Yes,3,Yes,4,None,Yes,48.29,Yes,No,0,No,No,No,No,No,No,No,No,Two Year,Yes,Bank Withdrawal,4,No,72
Female,23,No,No,No,0,No,0,None,Yes,4.92,No,No,0,No,No,No,No,No,No,No,No,Month-to-Month,No,Bank Withdrawal,4,No,2
Female,42,No,Yes,Yes,3,Yes,1,None,Yes,3.01,No,No,0,No,No,No,No,No,No,No,No,Two Year,No,Bank Withdrawal,5,No,40
Male,23,No,Yes,Yes,3,Yes,2,None,Yes,36.86,No,No,0,No,No,No,No,No,No,No,No,One Year,No,Bank Withdrawal,3,No,44
Female,19,No,No,No,0,No,0,None,No,0,No,Yes,76,No,No,No,No,No,No,Yes,No,Month-to-Month,No,Credit Card,5,No,1
Male,32,No,No,No,0,No,0,None,Yes,42.68,Yes,Yes,27,No,No,No,Yes,Yes,No,No,Yes,Month-to-Month,Yes,Credit Card,5,No,3
Male,28,No,No,No,0,No,0,Offer D,Yes,33.95,No,Yes,59,No,No,No,Yes,No,No,Yes,Yes,Month-to-Month,Yes,Credit Card,5,No,13
Female,19,No,No,No,0,No,0,None,Yes,38.81,No,Yes,52,No,No,No,No,No,No,Yes,Yes,Month-to-Month,Yes,Credit Card,3,No,1
Male,33,No,Yes,Yes,2,Yes,8,Offer E,Yes,35.09,No,Yes,30,No,No,No,No,No,No,No,Yes,Month-to-Month,No,Credit Card,5,No,4
Male,51,No,No,No,0,No,0,Offer E,Yes,1.57,No,Yes,26,No,No,No,No,No,No,No,Yes,Month-to-Month,Yes,Bank Withdrawal,4,No,2
Male,28,No,Yes,No,0,No,0,None,Yes,21.26,Yes,Yes,53,Yes,Yes,No,Yes,Yes,Yes,Yes,Yes,Two Year,Yes,Credit Card,4,No,72
Female,42,No,Yes,Yes,2,Yes,1,None,Yes,31.83,Yes,No,0,No,No,No,No,No,No,No,No,Month-to-Month,No,Credit Card,4,No,37
Female,34,No,No,No,0,No,0,Offer D,Yes,10.41,No,No,0,No,No,No,No,No,No,No,No,One Year,Yes,Credit Card,3,No,23
Female,31,No,Yes,Yes,3,Yes,4,None,Yes,34.66,No,No,0,No,No,No,No,No,No,No,No,One Year,Yes,Bank Withdrawal,4,No,42
Female,45,No,No,No,0,No,0,Offer C,Yes,33.45,Yes,Yes,5,Yes,No,No,No,Yes,Yes,Yes,Yes,One Year,No,Credit Card,4,No,32
Female,59,No,Yes,Yes,3,Yes,3,Offer D,Yes,4.67,Yes,Yes,58,No,No,No,No,No,No,No,Yes,Month-to-Month,Yes,Bank Withdrawal,5,No,22
Male,26,No,Yes,No,0,Yes,5,None,No,0,No,Yes,59,No,No,No,No,No,No,Yes,Yes,Month-to-Month,Yes,Credit Card,3,No,42
Female,56,No,No,No,0,No,0,None,Yes,10.91,No,Yes,16,No,No,No,No,No,No,No,Yes,Month-to-Month,No,Credit Card,3,No,8
Female,23,No,Yes,Yes,1,Yes,5,None,Yes,13.17,Yes,Yes,59,Yes,No,Yes,No,Yes,Yes,Yes,No,Two Year,Yes,Credit Card,3,No,65
Female,30,No,Yes,Yes,1,Yes,3,None,Yes,33.24,Yes,Yes,51,Yes,Yes,Yes,Yes,Yes,Yes,Yes,Yes,Two Year,Yes,Bank Withdrawal,3,No,70
Male,43,No,No,Yes,2,No,0,Offer D,Yes,34.07,No,No,0,No,No,No,No,No,No,No,No,Month-to-Month,No,Credit Card,5,No,22
Female,58,No,Yes,Yes,1,Yes,5,None,No,0,No,Yes,15,Yes,Yes,No,No,No,No,No,Yes,Two Year,No,Bank Withdrawal,3,No,67
Female,42,No,No,No,0,No,0,Offer C,Yes,6,No,No,0,No,No,No,No,No,No,No,No,Month-to-Month,Yes,Credit Card,4,No,25
Female,49,No,Yes,No,0,No,0,Offer D,Yes,48.03,No,No,0,No,No,No,No,No,No,No,No,Month-to-Month,No,Bank Withdrawal,3,No,20
Female,28,No,No,Yes,2,No,0,Offer E,Yes,32.06,No,Yes,52,Yes,No,No,No,No,Yes,Yes,Yes,Month-to-Month,Yes,Credit Card,4,No,2
Male,36,No,No,No,0,No,0,None,Yes,47.43,No,No,0,No,No,No,No,No,No,No,No,Two Year,No,Credit Card,4,No,51
Female,27,No,Yes,Yes,2,Yes,9,None,No,0,No,Yes,52,Yes,Yes,No,No,No,No,Yes,Yes,Month-to-Month,No,Bank Withdrawal,3,No,46
Male,20,No,No,Yes,1,No,0,Offer D,Yes,26.63,No,Yes,27,No,No,No,No,No,No,Yes,Yes,Month-to-Month,No,Credit Card,3,No,13
Male,32,No,Yes,Yes,1,Yes,4,Offer C,Yes,4.62,No,Yes,19,No,No,Yes,No,No,No,No,Yes,One Year,No,Credit Card,5,No,26
Male,41,No,No,Yes,3,No,0,Offer D,Yes,24.1,No,No,0,No,No,No,No,No,No,No,No,Month-to-Month,Yes,Bank Withdrawal,3,No,19
Female,21,No,Yes,No,0,Yes,6,None,Yes,15.35,Yes,Yes,41,Yes,Yes,No,Yes,Yes,Yes,Yes,Yes,Two Year,Yes,Bank Withdrawal,3,No,72
Male,60,No,No,No,0,No,0,Offer C,Yes,30.42,Yes,Yes,14,No,No,No,No,Yes,Yes,Yes,No,Month-to-Month,Yes,Bank Withdrawal,3,No,24
Female,29,No,Yes,No,0,Yes,6,None,Yes,2,Yes,Yes,48,No,Yes,Yes,Yes,Yes,Yes,Yes,Yes,Two Year,Yes,Credit Card,5,No,46
Female,52,No,No,No,0,No,0,Offer E,Yes,26.9,No,No,0,No,No,No,No,No,No,No,No,Month-to-Month,No,Bank Withdrawal,4,No,2
Male,56,No,Yes,No,0,Yes,7,Offer C,Yes,25.3,No,Yes,28,No,No,Yes,Yes,No,Yes,Yes,Yes,Month-to-Month,Yes,Credit Card,4,No,31
Female,57,No,Yes,Yes,3,Yes,10,Offer D,Yes,27.27,No,Yes,76,Yes,No,Yes,No,Yes,Yes,Yes,Yes,Month-to-Month,No,Bank Withdrawal,4,No,16
Male,26,No,No,Yes,1,No,0,None,Yes,23.12,Yes,No,0,No,No,No,No,No,No,No,No,Two Year,No,Credit Card,3,No,52
Male,35,No,Yes,Yes,3,Yes,1,Offer D,Yes,40.2,No,No,0,No,No,No,No,No,No,No,No,Month-to-Month,Yes,Credit Card,4,No,13
Female,34,No,No,No,0,No,0,Offer C,Yes,35.5,No,No,0,No,No,No,No,No,No,No,No,One Year,No,Credit Card,4,No,35
Female,36,No,No,No,0,No,0,None,Yes,30.44,No,Yes,30,No,No,Yes,No,Yes,Yes,Yes,Yes,Two Year,No,Bank Withdrawal,3,No,59
Male,39,No,Yes,No,0,Yes,9,None,Yes,33.22,No,Yes,23,No,No,Yes,No,Yes,Yes,Yes,Yes,Month-to-Month,Yes,Bank Withdrawal,3,No,72
Female,35,No,Yes,No,0,Yes,10,None,Yes,40.67,Yes,Yes,12,Yes,Yes,Yes,Yes,No,Yes,Yes,Yes,Two Year,No,Credit Card,4,No,49
Female,43,No,No,No,0,No,0,Offer E,Yes,5.47,No,Yes,29,No,No,No,No,No,No,No,Yes,Month-to-Month,Yes,Credit Card,3,No,2
Male,47,No,No,No,0,No,0,Offer E,Yes,17.07,Yes,Yes,3,Yes,Yes,No,No,No,No,No,Yes,Month-to-Month,No,Bank Withdrawal,4,No,1
Male,55,No,No,No,0,No,0,Offer E,Yes,29.52,No,Yes,28,Yes,Yes,No,No,No,No,No,Yes,Month-to-Month,Yes,Bank Withdrawal,3,No,6
Male,35,No,No,Yes,3,No,0,None,Yes,4.76,Yes,Yes,58,Yes,Yes,Yes,No,Yes,Yes,Yes,Yes,One Year,Yes,Credit Card,3,No,49
Female,59,No,Yes,Yes,3,Yes,7,None,Yes,18.99,No,Yes,53,Yes,Yes,Yes,No,No,No,No,Yes,Two Year,Yes,Credit Card,3,No,56
Female,61,No,Yes,Yes,2,Yes,7,Offer E,No,0,No,Yes,10,No,Yes,Yes,Yes,No,No,No,No,Two Year,No,Credit Card,5,No,6
Male,55,No,No,No,0,No,0,Offer C,Yes,41.52,No,No,0,No,No,No,No,No,No,No,No,One Year,No,Credit Card,4,No,32
Male,34,No,Yes,Yes,1,Yes,3,None,Yes,41.58,Yes,Yes,19,Yes,Yes,Yes,No,Yes,Yes,Yes,Yes,One Year,Yes,Bank Withdrawal,4,No,50
Male,33,No,Yes,Yes,2,Yes,2,None,Yes,33.82,Yes,Yes,10,No,No,Yes,Yes,Yes,Yes,Yes,Yes,One Year,Yes,Bank Withdrawal,5,No,58
Female,43,No,Yes,Yes,1,Yes,3,None,Yes,28.46,Yes,Yes,14,Yes,Yes,Yes,Yes,Yes,Yes,Yes,Yes,Two Year,Yes,Credit Card,3,No,65
Female,21,No,No,No,0,No,0,None,Yes,8.52,Yes,Yes,73,Yes,Yes,Yes,Yes,Yes,Yes,Yes,Yes,Two Year,Yes,Credit Card,3,No,64
Female,49,No,Yes,No,0,Yes,5,Offer A,Yes,44.4,Yes,Yes,11,Yes,Yes,Yes,No,No,No,No,No,Two Year,No,Bank Withdrawal,4,No,66
Male,59,No,Yes,No,0,Yes,9,Offer C,Yes,42.08,Yes,Yes,15,Yes,No,Yes,Yes,Yes,Yes,Yes,Yes,One Year,Yes,Bank Withdrawal,3,No,38
Female,21,No,Yes,No,0,Yes,2,Offer D,Yes,19.15,No,No,0,No,No,No,No,No,No,No,No,One Year,Yes,Credit Card,5,No,20
Female,49,No,No,No,0,No,0,None,Yes,38.88,No,Yes,2,No,Yes,Yes,Yes,Yes,No,No,Yes,One Year,Yes,Credit Card,3,No,60
Female,50,No,Yes,Yes,3,Yes,6,Offer B,Yes,49.18,Yes,Yes,76,Yes,Yes,Yes,Yes,No,Yes,Yes,Yes,One Year,Yes,Bank Withdrawal,3,No,50
Female,57,No,Yes,No,0,Yes,2,Offer A,No,0,No,Yes,15,Yes,Yes,Yes,No,No,Yes,Yes,Yes,Two Year,Yes,Bank Withdrawal,3,No,72
Male,28,No,Yes,No,0,Yes,9,Offer B,Yes,31.29,No,No,0,No,No,No,No,No,No,No,No,Two Year,Yes,Bank Withdrawal,5,No,60
Male,40,No,No,No,0,No,0,Offer B,No,0,No,Yes,2,Yes,No,Yes,Yes,No,No,No,Yes,Two Year,No,Credit Card,3,No,46
Female,60,No,Yes,Yes,3,Yes,4,Offer A,No,0,No,Yes,56,No,Yes,Yes,No,Yes,Yes,Yes,Yes,Two Year,Yes,Credit Card,4,No,69
Male,49,No,Yes,Yes,3,Yes,2,Offer D,Yes,32.47,No,No,0,No,No,No,No,No,No,No,No,One Year,No,Credit Card,5,No,19
Female,28,No,Yes,Yes,2,Yes,1,Offer A,Yes,20.49,No,No,0,No,No,No,No,No,No,No,No,Two Year,No,Credit Card,3,No,71
Male,62,No,Yes,No,0,Yes,9,Offer D,Yes,39,No,Yes,7,Yes,Yes,Yes,No,No,No,No,Yes,Month-to-Month,Yes,Bank Withdrawal,4,No,12
Male,54,No,No,No,0,No,0,Offer B,Yes,49.57,Yes,Yes,21,No,Yes,Yes,Yes,Yes,Yes,Yes,No,One Year,Yes,Bank Withdrawal,5,No,44
Female,51,No,Yes,Yes,2,Yes,10,Offer B,Yes,25.9,Yes,Yes,30,Yes,Yes,Yes,Yes,Yes,No,No,Yes,Two Year,No,Credit Card,4,No,56
Female,26,No,Yes,No,0,Yes,4,Offer A,Yes,24.32,Yes,Yes,76,Yes,Yes,Yes,Yes,Yes,Yes,Yes,Yes,Two Year,Yes,Bank Withdrawal,3,No,72
Female,28,No,No,No,0,No,0,Offer D,Yes,10.06,Yes,Yes,48,Yes,No,No,No,No,No,No,Yes,Month-to-Month,Yes,Bank Withdrawal,3,No,11
Male,31,No,No,No,0,No,0,Offer A,Yes,23.43,No,No,0,No,No,No,No,No,No,No,No,Two Year,Yes,Credit Card,5,No,72
Male,34,No,Yes,No,0,Yes,9,Offer B,Yes,35.55,Yes,Yes,17,No,Yes,Yes,No,No,No,No,Yes,Two Year,No,Credit Card,5,No,56
Female,20,No,Yes,No,0,Yes,10,Offer C,Yes,35.29,Yes,Yes,47,No,No,Yes,No,Yes,Yes,Yes,Yes,Month-to-Month,Yes,Bank Withdrawal,5,No,34
Male,22,No,No,No,0,No,0,Offer C,Yes,42.02,No,No,0,No,No,No,No,No,No,No,No,One Year,No,Bank Withdrawal,4,No,35
Male,24,No,No,No,0,No,0,Offer D,Yes,23.03,No,No,0,No,No,No,No,No,No,No,No,One Year,No,Credit Card,4,No,22
Male,34,No,No,No,0,No,0,Offer E,No,0,No,Yes,19,Yes,Yes,Yes,No,No,No,No,Yes,One Year,No,Credit Card,3,No,9
Male,56,No,No,No,0,No,0,Offer D,Yes,46.17,No,No,0,No,No,No,No,No,No,No,No,One Year,No,Credit Card,5,No,23
Male,47,No,Yes,No,0,Yes,5,Offer A,Yes,22.83,Yes,No,0,No,No,No,No,No,No,No,No,Two Year,No,Bank Withdrawal,3,No,68
Male,55,No,Yes,No,0,Yes,1,Offer C,Yes,26.8,No,Yes,17,No,No,No,No,Yes,Yes,Yes,No,Month-to-Month,No,Bank Withdrawal,5,No,33
Male,48,No,No,No,0,No,0,None,Yes,41.23,No,Yes,27,Yes,Yes,Yes,Yes,Yes,No,No,Yes,Month-to-Month,Yes,Bank Withdrawal,4,No,31
Female,42,No,No,No,0,No,0,Offer B,Yes,32.88,No,No,0,No,No,No,No,No,No,No,No,Two Year,No,Bank Withdrawal,4,No,56
Male,59,No,Yes,Yes,3,No,0,Offer A,Yes,29.5,No,Yes,76,Yes,Yes,Yes,Yes,Yes,No,No,Yes,One Year,Yes,Bank Withdrawal,4,No,66
Male,22,No,Yes,Yes,2,Yes,3,Offer A,Yes,19.04,Yes,No,0,No,No,No,No,No,No,No,No,Two Year,No,Bank Withdrawal,4,No,72
Female,49,No,Yes,Yes,2,Yes,5,Offer B,Yes,40.74,No,Yes,17,No,Yes,Yes,No,Yes,No,No,Yes,Month-to-Month,Yes,Bank Withdrawal,3,No,58
Male,51,No,No,No,0,No,0,None,No,0,No,Yes,25,No,No,No,No,Yes,No,No,No,Two Year,No,Credit Card,3,No,37
Female,25,No,No,No,0,No,0,Offer A,Yes,28.4,Yes,Yes,76,Yes,Yes,Yes,Yes,Yes,Yes,Yes,Yes,Two Year,Yes,Credit Card,3,No,71
Male,55,No,Yes,Yes,1,Yes,5,None,Yes,47.46,No,No,0,No,No,No,No,No,No,No,No,One Year,No,Credit Card,3,No,1
Male,63,No,Yes,Yes,2,Yes,7,None,Yes,24.23,No,No,0,No,No,No,No,No,No,No,No,One Year,No,Bank Withdrawal,3,No,35
Female,62,No,Yes,Yes,3,Yes,5,None,Yes,44.13,No,No,0,No,No,No,No,No,No,No,No,One Year,No,Credit Card,3,No,6
Female,47,No,Yes,Yes,1,Yes,5,Offer A,Yes,14.48,No,Yes,19,No,Yes,Yes,Yes,No,No,No,Yes,One Year,No,Bank Withdrawal,4,No,69
Female,21,No,Yes,No,0,Yes,2,Offer B,Yes,42.18,Yes,Yes,53,No,No,No,Yes,No,Yes,Yes,No,One Year,Yes,Bank Withdrawal,5,No,53
Female,58,No,Yes,No,0,No,0,None,Yes,18.65,No,Yes,10,No,No,No,No,No,No,No,Yes,Month-to-Month,Yes,Bank Withdrawal,3,No,5
Female,21,No,No,Yes,1,No,0,None,Yes,18.61,No,Yes,27,No,Yes,No,No,No,No,No,Yes,Month-to-Month,No,Credit Card,3,No,2
Male,62,No,No,Yes,1,No,0,Offer B,Yes,17.56,Yes,No,0,No,No,No,No,No,No,No,No,Two Year,Yes,Credit Card,3,No,62
Female,58,No,Yes,No,0,Yes,9,Offer D,Yes,10.68,No,Yes,23,No,No,Yes,No,Yes,Yes,Yes,Yes,Month-to-Month,Yes,Bank Withdrawal,5,No,19
Male,42,No,No,No,0,No,0,None,Yes,48.25,No,Yes,24,No,No,No,No,No,No,No,Yes,Month-to-Month,No,Credit Card,3,No,9
Male,29,No,No,No,0,No,0,Offer B,Yes,24.17,No,No,0,No,No,No,No,No,No,No,No,Two Year,No,Credit Card,5,No,53
Male,32,No,No,No,0,No,0,None,Yes,32.91,No,Yes,24,No,No,No,No,No,Yes,Yes,No,Month-to-Month,No,Credit Card,5,No,5
Female,44,No,No,No,0,No,0,None,Yes,10.2,No,No,0,No,No,No,No,No,No,No,No,Month-to-Month,Yes,Credit Card,5,No,1
Male,64,No,No,No,0,No,0,Offer A,Yes,10.87,Yes,Yes,16,No,Yes,Yes,No,Yes,Yes,Yes,Yes,Two Year,Yes,Bank Withdrawal,5,No,72
Female,36,No,Yes,No,0,Yes,2,None,Yes,6.77,No,Yes,3,Yes,Yes,No,No,No,No,No,Yes,Month-to-Month,No,Credit Card,4,No,4
Male,35,No,No,No,0,No,0,Offer B,Yes,49.48,Yes,Yes,9,No,No,Yes,No,No,No,No,Yes,Two Year,No,Credit Card,3,No,59
Male,51,No,Yes,No,0,Yes,3,None,Yes,31.06,No,No,0,No,No,No,No,No,No,No,No,Month-to-Month,No,Bank Withdrawal,3,No,3
Male,23,No,Yes,No,0,Yes,4,Offer B,Yes,33.93,No,Yes,27,No,No,Yes,Yes,Yes,Yes,Yes,Yes,One Year,Yes,Credit Card,3,No,49
Male,42,No,No,No,0,No,0,None,Yes,44.34,No,No,0,No,No,No,No,No,No,No,No,Month-to-Month,No,Credit Card,3,No,2
Female,59,No,Yes,No,0,Yes,6,Offer B,Yes,24.93,No,Yes,17,Yes,No,No,No,Yes,Yes,Yes,Yes,One Year,Yes,Bank Withdrawal,4,No,55
Male,56,No,Yes,Yes,1,Yes,4,Offer A,Yes,5.81,Yes,Yes,29,Yes,Yes,Yes,Yes,Yes,Yes,Yes,Yes,Two Year,Yes,Credit Card,4,No,72
Female,46,No,Yes,Yes,1,Yes,6,Offer D,Yes,19.05,No,No,0,No,No,No,No,No,No,No,No,Month-to-Month,Yes,Bank Withdrawal,3,No,10
Female,40,No,Yes,Yes,2,Yes,5,Offer A,Yes,9.72,Yes,Yes,15,Yes,Yes,Yes,Yes,No,Yes,Yes,No,Two Year,No,Bank Withdrawal,4,No,72
Female,55,No,No,No,0,No,0,None,Yes,25.59,No,Yes,7,No,Yes,No,Yes,No,No,No,Yes,Month-to-Month,No,Bank Withdrawal,5,No,28
Male,36,No,Yes,No,0,Yes,3,None,Yes,12.71,Yes,Yes,9,Yes,No,No,No,Yes,No,No,Yes,Month-to-Month,No,Bank Withdrawal,3,No,38
Female,25,No,No,No,0,No,0,Offer B,Yes,38.78,Yes,Yes,42,Yes,Yes,Yes,Yes,Yes,Yes,Yes,Yes,One Year,Yes,Bank Withdrawal,3,No,61
Male,34,No,Yes,Yes,1,Yes,6,Offer B,Yes,29.55,Yes,No,0,No,No,No,No,No,No,No,No,Two Year,No,Credit Card,3,No,52
Male,45,No,No,No,0,No,0,Offer A,Yes,9.05,No,No,0,No,No,No,No,No,No,No,No,One Year,Yes,Credit Card,4,No,67
Female,26,No,No,Yes,3,No,0,None,Yes,27.47,Yes,Yes,51,Yes,Yes,Yes,Yes,Yes,Yes,Yes,Yes,Two Year,Yes,Credit Card,4,No,34
Female,46,No,No,No,0,No,0,None,Yes,36.68,No,Yes,28,Yes,No,Yes,Yes,Yes,Yes,Yes,No,Two Year,No,Bank Withdrawal,4,No,54
Female,60,No,Yes,No,0,Yes,7,None,Yes,6.64,No,No,0,No,No,No,No,No,No,No,No,Month-to-Month,Yes,Bank Withdrawal,5,No,1
Female,26,No,No,Yes,2,No,0,None,Yes,17.51,No,Yes,85,No,Yes,Yes,No,Yes,Yes,Yes,Yes,Month-to-Month,Yes,Bank Withdrawal,5,No,46
Female,27,No,Yes,Yes,2,Yes,7,None,Yes,33.5,Yes,Yes,51,Yes,Yes,No,Yes,Yes,No,No,Yes,One Year,Yes,Credit Card,3,No,55
Female,21,No,No,No,0,No,0,None,Yes,1.5,No,No,0,No,No,No,No,No,No,No,No,Month-to-Month,No,Credit Card,5,No,1
Female,29,No,Yes,No,0,Yes,1,None,Yes,31.27,Yes,Yes,59,Yes,No,Yes,Yes,Yes,Yes,Yes,Yes,Two Year,Yes,Bank Withdrawal,4,No,58
Male,20,No,Yes,No,0,Yes,10,None,No,0,No,Yes,30,No,No,Yes,Yes,Yes,Yes,Yes,No,One Year,Yes,Bank Withdrawal,4,No,56
Male,43,No,Yes,Yes,3,Yes,5,Offer A,Yes,6.95,No,Yes,57,Yes,No,Yes,Yes,Yes,Yes,Yes,Yes,Two Year,Yes,Credit Card,4,No,72
Male,35,No,No,No,0,No,0,Offer D,Yes,11.46,Yes,Yes,16,No,No,No,No,No,Yes,Yes,Yes,Month-to-Month,No,Bank Withdrawal,4,No,22
Female,35,No,No,No,0,No,0,None,No,0,No,Yes,8,No,Yes,Yes,Yes,No,No,No,Yes,Month-to-Month,No,Bank Withdrawal,3,No,39
Female,47,No,No,No,0,No,0,None,Yes,36.11,No,Yes,13,No,No,No,No,No,No,No,Yes,Month-to-Month,Yes,Bank Withdrawal,3,No,12
Male,48,No,Yes,No,0,Yes,8,None,Yes,14.18,No,Yes,25,Yes,Yes,No,No,Yes,Yes,Yes,Yes,Two Year,Yes,Bank Withdrawal,4,No,54
Female,28,No,No,No,0,No,0,None,No,0,No,Yes,48,Yes,Yes,No,Yes,No,No,No,No,One Year,Yes,Credit Card,4,No,18
Male,47,No,Yes,No,0,Yes,7,None,Yes,44.45,No,Yes,6,Yes,Yes,No,Yes,No,Yes,Yes,Yes,One Year,No,Credit Card,4,No,32
Female,40,No,No,No,0,No,0,None,Yes,37.46,No,No,0,No,No,No,No,No,No,No,No,One Year,Yes,Credit Card,3,No,41
Male,60,No,Yes,Yes,2,Yes,6,None,Yes,14.41,Yes,No,0,No,No,No,No,No,No,No,No,Two Year,No,Bank Withdrawal,5,No,67
Male,48,No,Yes,No,0,Yes,4,None,Yes,41.2,Yes,Yes,10,Yes,No,Yes,No,Yes,Yes,Yes,Yes,Month-to-Month,Yes,Bank Withdrawal,3,No,65
Female,19,No,No,No,0,No,0,None,Yes,28.05,Yes,Yes,85,Yes,Yes,Yes,Yes,Yes,No,No,Yes,Month-to-Month,Yes,Bank Withdrawal,4,No,25
Female,50,No,Yes,No,0,Yes,6,None,Yes,17.72,Yes,Yes,23,No,Yes,Yes,Yes,Yes,Yes,Yes,Yes,One Year,Yes,Credit Card,4,No,67
Female,37,No,No,No,0,No,0,None,Yes,35.56,No,Yes,3,Yes,No,No,No,Yes,Yes,Yes,Yes,Month-to-Month,Yes,Bank Withdrawal,3,No,24
Male,29,No,Yes,Yes,1,Yes,2,None,Yes,23.55,No,No,0,No,No,No,No,No,No,No,No,Two Year,No,Bank Withdrawal,3,No,69
Female,28,No,No,Yes,3,No,0,None,Yes,10.23,No,No,0,No,No,No,No,No,No,No,No,One Year,No,Bank Withdrawal,3,No,37
Male,33,No,Yes,Yes,1,Yes,4,None,No,0,No,Yes,22,Yes,No,Yes,Yes,No,No,No,Yes,Two Year,Yes,Credit Card,3,No,20
Male,54,No,No,No,0,No,0,None,Yes,21.12,No,Yes,7,No,No,No,No,No,No,No,Yes,Month-to-Month,No,Bank Withdrawal,3,No,7
Male,50,No,No,No,0,No,0,None,No,0,No,Yes,8,No,No,Yes,No,Yes,Yes,Yes,No,One Year,Yes,Bank Withdrawal,5,No,41
Female,36,No,No,No,0,No,0,None,Yes,34.27,No,Yes,20,Yes,Yes,No,No,Yes,Yes,Yes,Yes,One Year,Yes,Credit Card,4,No,54
Female,59,No,No,No,0,No,0,None,Yes,33.88,No,Yes,6,No,Yes,Yes,Yes,No,Yes,Yes,Yes,One Year,Yes,Credit Card,4,No,53
Male,25,No,Yes,Yes,2,Yes,2,None,No,0,No,Yes,59,No,Yes,Yes,No,Yes,No,No,Yes,One Year,No,Credit Card,5,No,18
Male,61,No,Yes,No,0,Yes,1,None,Yes,4.76,No,Yes,8,Yes,Yes,No,Yes,Yes,Yes,Yes,Yes,Two Year,Yes,Credit Card,4,No,64
Female,41,No,No,No,0,No,0,None,No,0,No,Yes,21,No,No,No,No,No,No,No,Yes,Month-to-Month,No,Credit Card,5,No,20
Male,37,No,Yes,Yes,3,Yes,7,None,Yes,14.55,No,Yes,58,Yes,Yes,No,Yes,No,No,No,No,One Year,No,Credit Card,3,No,57
Male,58,No,Yes,Yes,3,No,0,None,No,0,No,Yes,57,Yes,Yes,No,Yes,No,No,No,Yes,Two Year,No,Credit Card,3,No,13
Male,60,No,Yes,Yes,2,Yes,8,None,Yes,29.64,No,No,0,No,No,No,No,No,No,No,No,Two Year,No,Credit Card,3,No,57
Male,50,No,Yes,No,0,Yes,8,None,Yes,27.16,Yes,Yes,3,No,Yes,Yes,Yes,Yes,Yes,Yes,Yes,One Year,Yes,Bank Withdrawal,3,No,71
Female,56,No,Yes,Yes,2,Yes,1,Offer E,Yes,9.1,Yes,Yes,28,No,No,No,No,No,No,No,Yes,Month-to-Month,No,Bank Withdrawal,4,No,7
Female,56,No,No,No,0,No,0,None,Yes,42.73,Yes,Yes,23,No,No,No,No,No,Yes,Yes,No,Month-to-Month,Yes,Bank Withdrawal,3,No,16
Male,21,No,Yes,No,0,Yes,8,None,Yes,33.55,Yes,Yes,41,No,No,Yes,No,Yes,Yes,Yes,Yes,Month-to-Month,No,Bank Withdrawal,5,No,34
Male,58,No,No,No,0,No,0,None,Yes,34.18,Yes,Yes,8,No,Yes,No,No,No,No,No,Yes,Month-to-Month,Yes,Credit Card,4,No,16
Male,39,No,No,Yes,3,No,0,None,Yes,26.24,Yes,Yes,53,Yes,Yes,Yes,No,No,No,No,Yes,One Year,Yes,Bank Withdrawal,4,No,48
Male,54,No,Yes,Yes,2,Yes,9,None,Yes,35.35,No,Yes,29,No,Yes,No,Yes,Yes,Yes,Yes,Yes,One Year,Yes,Credit Card,4,No,58
Female,36,No,Yes,No,0,Yes,7,None,Yes,1.34,Yes,Yes,19,Yes,No,Yes,Yes,Yes,Yes,Yes,Yes,Two Year,Yes,Bank Withdrawal,4,No,72
Female,51,No,No,No,0,No,0,None,Yes,7.32,No,No,0,No,No,No,No,No,No,No,No,Month-to-Month,No,Credit Card,5,No,7
Female,52,No,No,No,0,No,0,None,Yes,4.22,No,Yes,13,Yes,Yes,Yes,Yes,Yes,No,No,No,One Year,No,Credit Card,3,No,30
Male,33,No,Yes,No,0,No,0,None,Yes,28.72,Yes,Yes,21,No,No,No,No,Yes,No,No,Yes,Month-to-Month,Yes,Credit Card,5,No,31
Male,32,No,Yes,No,0,Yes,4,None,Yes,46.91,No,No,0,No,No,No,No,No,No,No,No,Two Year,No,Credit Card,3,No,50
Male,31,No,Yes,No,0,Yes,10,None,Yes,21.91,No,Yes,5,No,No,No,Yes,No,No,No,Yes,Month-to-Month,No,Bank Withdrawal,3,No,28
Female,52,No,No,No,0,No,0,None,No,0,No,Yes,15,Yes,Yes,Yes,Yes,Yes,Yes,Yes,Yes,Two Year,Yes,Bank Withdrawal,4,No,66
Female,25,No,Yes,Yes,3,Yes,2,None,Yes,43.19,No,Yes,59,No,No,Yes,No,Yes,Yes,Yes,Yes,Month-to-Month,Yes,Bank Withdrawal,3,No,41
Female,29,No,No,No,0,No,0,Offer E,Yes,16.2,No,No,0,No,No,No,No,No,No,No,No,One Year,No,Credit Card,3,No,7
Female,26,No,Yes,Yes,2,Yes,6,None,Yes,2.86,No,No,0,No,No,No,No,No,No,No,No,Month-to-Month,No,Credit Card,4,No,38
Male,25,No,No,No,0,No,0,None,Yes,38.33,No,Yes,41,Yes,Yes,Yes,No,Yes,Yes,Yes,Yes,One Year,Yes,Bank Withdrawal,3,No,44
Male,58,No,Yes,Yes,1,Yes,7,None,Yes,9.19,Yes,Yes,19,Yes,Yes,Yes,Yes,Yes,Yes,Yes,Yes,One Year,Yes,Bank Withdrawal,3,No,47
Male,25,No,Yes,Yes,2,Yes,5,None,Yes,24.33,No,Yes,52,No,Yes,No,Yes,Yes,No,No,Yes,Month-to-Month,Yes,Bank Withdrawal,3,No,53
Male,49,No,Yes,No,0,Yes,7,Offer E,Yes,10.13,Yes,Yes,3,No,No,Yes,No,Yes,No,No,Yes,Month-to-Month,No,Bank Withdrawal,4,No,4
Male,25,No,No,No,0,No,0,None,Yes,38.68,No,Yes,73,No,No,Yes,No,No,No,No,Yes,Month-to-Month,Yes,Credit Card,5,No,24
Male,59,No,Yes,Yes,2,Yes,8,None,No,0,No,Yes,16,Yes,No,No,No,No,No,No,Yes,Month-to-Month,Yes,Bank Withdrawal,4,No,15
Female,45,No,No,No,0,No,0,None,Yes,30.18,No,Yes,4,Yes,No,No,Yes,No,No,No,Yes,Month-to-Month,No,Credit Card,4,No,24
Female,39,No,No,No,0,No,0,None,Yes,49.69,Yes,Yes,12,No,Yes,Yes,No,Yes,Yes,Yes,Yes,Month-to-Month,No,Bank Withdrawal,3,No,33
Female,48,No,Yes,Yes,3,Yes,9,Offer B,Yes,11.81,No,No,0,No,No,No,No,No,No,No,No,Two Year,Yes,Credit Card,4,No,58
Female,26,No,Yes,Yes,3,Yes,9,None,Yes,11.85,Yes,Yes,59,Yes,Yes,No,No,Yes,No,No,Yes,Two Year,Yes,Bank Withdrawal,3,No,72
Female,55,No,Yes,No,0,Yes,4,None,Yes,21.19,Yes,No,0,No,No,No,No,No,No,No,No,Two Year,No,Credit Card,5,No,71
Male,20,No,Yes,No,0,Yes,5,Offer B,Yes,6.89,No,Yes,41,Yes,Yes,Yes,Yes,Yes,Yes,Yes,Yes,Two Year,Yes,Credit Card,3,No,51
Male,24,No,No,Yes,3,No,0,None,Yes,36.73,No,Yes,52,Yes,Yes,Yes,Yes,No,Yes,Yes,Yes,Two Year,No,Bank Withdrawal,3,No,14
Female,61,No,Yes,Yes,3,Yes,9,None,Yes,21.84,Yes,Yes,30,Yes,Yes,No,Yes,Yes,No,No,Yes,Two Year,No,Credit Card,3,No,72
Female,53,No,Yes,Yes,1,Yes,4,None,No,0,No,Yes,19,No,Yes,No,No,Yes,No,No,No,Month-to-Month,No,Bank Withdrawal,4,No,22
Female,45,No,No,No,0,No,0,Offer E,Yes,25.56,Yes,Yes,6,No,Yes,No,No,No,No,No,Yes,Month-to-Month,No,Bank Withdrawal,4,No,2
Female,48,No,No,No,0,No,0,None,Yes,39.87,No,No,0,No,No,No,No,No,No,No,No,Month-to-Month,No,Credit Card,5,No,15
Male,40,No,Yes,Yes,1,Yes,1,Offer B,Yes,28.96,No,No,0,No,No,No,No,No,No,No,No,Two Year,No,Credit Card,4,No,51
Male,47,No,Yes,No,0,Yes,1,None,No,0,No,Yes,18,Yes,No,Yes,Yes,No,No,No,Yes,Two Year,Yes,Credit Card,3,No,70
Female,45,No,Yes,Yes,2,Yes,1,None,Yes,31.03,No,No,0,No,No,No,No,No,No,No,No,Two Year,No,Bank Withdrawal,3,No,71
Female,35,No,Yes,Yes,3,Yes,1,None,Yes,24.38,Yes,Yes,53,No,No,No,Yes,Yes,Yes,Yes,Yes,Month-to-Month,Yes,Credit Card,3,No,39
Female,27,No,Yes,Yes,1,Yes,1,Offer B,Yes,26.7,Yes,Yes,30,Yes,Yes,No,No,No,No,No,No,Month-to-Month,No,Bank Withdrawal,3,No,61
Female,33,No,No,No,0,No,0,Offer B,Yes,38.93,No,Yes,8,Yes,No,No,No,No,No,No,Yes,Month-to-Month,Yes,Bank Withdrawal,3,No,52
Male,27,No,Yes,No,0,Yes,1,Offer B,Yes,4.01,Yes,Yes,71,Yes,No,Yes,Yes,Yes,Yes,Yes,Yes,One Year,Yes,Credit Card,3,No,64
Male,47,No,Yes,No,0,Yes,1,Offer B,Yes,33.7,No,Yes,15,No,Yes,Yes,Yes,No,No,No,Yes,Two Year,Yes,Credit Card,5,No,62
Male,64,No,Yes,No,0,Yes,1,None,Yes,11.38,No,No,0,No,No,No,No,No,No,No,No,Two Year,No,Credit Card,4,No,30
Female,27,No,No,No,0,No,0,Offer E,Yes,23.04,No,Yes,82,No,No,No,No,No,No,No,Yes,Month-to-Month,Yes,Credit Card,5,No,1
Male,59,No,Yes,No,0,Yes,1,None,Yes,18.6,Yes,Yes,13,No,No,Yes,Yes,Yes,Yes,Yes,No,Month-to-Month,Yes,Bank Withdrawal,5,No,15
Male,47,No,Yes,Yes,3,Yes,1,None,Yes,15.71,No,Yes,53,Yes,Yes,No,No,No,No,No,Yes,One Year,Yes,Credit Card,3,No,27
Female,31,No,No,Yes,3,No,0,Offer E,No,0,No,Yes,52,Yes,Yes,Yes,No,Yes,Yes,Yes,Yes,Month-to-Month,Yes,Credit Card,3,No,4
Female,48,No,Yes,No,0,Yes,1,None,Yes,39.74,Yes,Yes,5,Yes,Yes,Yes,No,Yes,Yes,Yes,Yes,Two Year,Yes,Bank Withdrawal,4,No,72
Female,33,No,No,No,0,No,0,None,Yes,44.87,No,Yes,8,Yes,Yes,Yes,Yes,Yes,No,No,Yes,One Year,Yes,Credit Card,5,No,36
Male,24,No,No,No,0,No,0,Offer E,Yes,49.51,No,No,0,No,No,No,No,No,No,No,No,Month-to-Month,No,Credit Card,4,No,1
Female,33,No,Yes,No,0,No,0,None,Yes,3.09,No,Yes,26,Yes,Yes,Yes,Yes,Yes,Yes,Yes,Yes,Two Year,Yes,Credit Card,5,No,71
Male,27,No,Yes,Yes,1,Yes,4,None,Yes,4.16,Yes,No,0,No,No,No,No,No,No,No,No,Month-to-Month,Yes,Credit Card,5,No,10
Male,55,No,Yes,Yes,1,Yes,4,None,Yes,3.87,No,No,0,No,No,No,No,No,No,No,No,Two Year,No,Credit Card,4,No,20
Female,57,No,No,No,0,No,0,Offer E,Yes,38.96,No,Yes,10,No,No,No,No,Yes,No,No,Yes,Month-to-Month,No,Credit Card,4,No,4
Male,49,No,No,No,0,No,0,Offer E,Yes,22.56,No,Yes,15,Yes,Yes,No,No,Yes,Yes,Yes,No,Month-to-Month,No,Bank Withdrawal,3,No,2
Female,30,No,No,No,0,No,0,None,Yes,15.06,No,No,0,No,No,No,No,No,No,No,No,Two Year,No,Credit Card,3,No,29
Male,56,No,No,No,0,No,0,None,Yes,46.92,No,No,0,No,No,No,No,No,No,No,No,Month-to-Month,Yes,Bank Withdrawal,5,No,13
Female,60,No,Yes,No,0,Yes,4,Offer B,Yes,16.39,Yes,Yes,14,Yes,Yes,No,No,Yes,No,No,Yes,Month-to-Month,Yes,Bank Withdrawal,3,No,59
Male,41,No,Yes,No,0,Yes,10,Offer D,Yes,45.92,No,Yes,17,No,No,No,No,No,No,No,Yes,Month-to-Month,Yes,Bank Withdrawal,3,No,18
Female,22,No,Yes,Yes,2,Yes,8,Offer D,Yes,44.9,No,Yes,47,Yes,Yes,No,No,Yes,Yes,Yes,Yes,Month-to-Month,No,Credit Card,3,No,17
Male,55,No,Yes,No,0,Yes,10,Offer B,Yes,14.14,No,Yes,28,No,Yes,Yes,No,Yes,Yes,Yes,Yes,Two Year,No,Bank Withdrawal,4,No,47
Male,51,No,Yes,Yes,2,Yes,10,Offer D,Yes,9.47,Yes,Yes,13,No,No,No,No,No,No,No,No,Month-to-Month,No,Credit Card,5,No,19
Female,27,No,Yes,No,0,Yes,8,Offer E,Yes,36.05,No,No,0,No,No,No,No,No,No,No,No,Month-to-Month,No,Bank Withdrawal,5,No,2
Male,23,No,No,No,0,No,0,Offer E,No,0,No,Yes,48,No,No,No,No,No,No,No,Yes,One Year,Yes,Credit Card,4,No,7
Female,49,No,No,No,0,No,0,Offer D,Yes,10.67,No,No,0,No,No,No,No,No,No,No,No,Month-to-Month,Yes,Credit Card,4,No,18
Female,46,No,Yes,No,0,No,0,None,Yes,44.84,Yes,No,0,No,No,No,No,No,No,No,No,Two Year,No,Credit Card,5,No,71
Male,38,No,Yes,No,0,Yes,8,None,Yes,16.5,Yes,Yes,22,No,Yes,Yes,No,Yes,Yes,Yes,No,Two Year,Yes,Bank Withdrawal,4,No,72
Male,35,No,Yes,Yes,3,Yes,4,None,No,0,No,Yes,25,No,Yes,Yes,No,Yes,Yes,Yes,Yes,Two Year,Yes,Credit Card,3,No,66
Male,19,No,Yes,Yes,2,Yes,6,Offer C,Yes,25.84,No,No,0,No,No,No,No,No,No,No,No,One Year,Yes,Credit Card,5,No,24
Female,20,No,Yes,Yes,2,Yes,2,Offer B,Yes,31.53,Yes,No,0,No,No,No,No,No,No,No,No,Two Year,Yes,Credit Card,3,No,56
Female,27,No,No,No,0,No,0,Offer B,Yes,22.08,No,Yes,26,Yes,Yes,Yes,No,No,No,No,Yes,Month-to-Month,No,Bank Withdrawal,3,No,42
Female,28,No,Yes,Yes,3,Yes,3,None,Yes,24.48,Yes,Yes,69,Yes,No,Yes,Yes,Yes,Yes,Yes,No,Two Year,Yes,Bank Withdrawal,3,No,72
Female,47,No,No,No,0,No,0,Offer D,Yes,21.93,Yes,Yes,16,No,No,No,Yes,No,No,No,Yes,Month-to-Month,Yes,Credit Card,3,No,12
Male,24,No,Yes,No,0,Yes,2,None,Yes,33.61,Yes,No,0,No,No,No,No,No,No,No,No,Two Year,No,Bank Withdrawal,3,No,71
Female,42,No,Yes,No,0,Yes,10,Offer C,Yes,1.75,No,No,0,No,No,No,No,No,No,No,No,One Year,No,Credit Card,3,No,26
Female,33,No,No,Yes,2,No,0,None,No,0,No,Yes,19,Yes,No,No,No,No,No,No,Yes,Month-to-Month,No,Credit Card,3,No,7
Female,41,No,Yes,Yes,1,Yes,1,None,Yes,29.41,No,Yes,29,No,No,No,No,No,No,No,Yes,Month-to-Month,No,Credit Card,4,No,6
Male,61,No,Yes,No,0,Yes,9,None,No,0,No,Yes,6,No,Yes,No,No,No,No,No,Yes,Month-to-Month,Yes,Credit Card,4,No,51
Male,32,No,Yes,Yes,1,Yes,1,None,No,0,No,Yes,16,Yes,Yes,Yes,Yes,Yes,Yes,Yes,No,Two Year,Yes,Bank Withdrawal,3,No,72
Female,56,No,No,No,0,No,0,None,Yes,45.67,Yes,Yes,3,Yes,Yes,No,Yes,No,Yes,Yes,Yes,Two Year,No,Credit Card,4,No,47
Female,44,No,Yes,Yes,2,Yes,10,Offer D,Yes,7.14,No,No,0,No,No,No,No,No,No,No,No,Two Year,No,Credit Card,3,No,16
Male,60,No,No,No,0,No,0,None,Yes,26.76,No,Yes,22,No,No,No,Yes,No,No,No,Yes,Month-to-Month,Yes,Credit Card,5,No,6
Female,19,No,Yes,Yes,1,Yes,7,None,No,0,No,Yes,59,Yes,No,Yes,No,No,Yes,Yes,Yes,Two Year,Yes,Credit Card,3,No,69
Female,41,No,Yes,No,0,Yes,4,None,Yes,8.6,Yes,Yes,21,No,Yes,Yes,Yes,Yes,Yes,Yes,Yes,Month-to-Month,Yes,Bank Withdrawal,4,No,64
Male,33,No,No,No,0,No,0,Offer C,Yes,13.36,No,No,0,No,No,No,No,No,No,No,No,Month-to-Month,No,Credit Card,3,No,25
Female,43,No,No,No,0,No,0,None,Yes,29.09,No,No,0,No,No,No,No,No,No,No,No,Two Year,No,Credit Card,5,No,6
Male,28,No,Yes,No,0,Yes,9,None,Yes,43.77,Yes,Yes,41,Yes,Yes,Yes,Yes,Yes,Yes,Yes,Yes,One Year,No,Bank Withdrawal,3,No,66
Female,60,No,No,No,0,No,0,None,Yes,19.58,Yes,Yes,22,No,Yes,Yes,Yes,Yes,Yes,Yes,Yes,Two Year,No,Credit Card,4,No,61
Female,25,No,No,No,0,No,0,Offer D,Yes,8.82,No,No,0,No,No,No,No,No,No,No,No,Month-to-Month,No,Credit Card,4,No,12
Female,32,No,No,No,0,No,0,Offer C,Yes,45.28,Yes,Yes,27,No,No,No,Yes,Yes,No,No,Yes,Month-to-Month,No,Credit Card,5,No,34
Female,59,No,Yes,No,0,Yes,10,None,No,0,No,Yes,17,No,Yes,No,Yes,No,No,No,Yes,One Year,No,Credit Card,4,No,41
Female,53,No,Yes,Yes,1,Yes,9,None,Yes,48.04,No,No,0,No,No,No,No,No,No,No,No,Two Year,No,Credit Card,3,No,72
Female,53,No,No,No,0,No,0,None,Yes,2.32,No,No,0,No,No,No,No,No,No,No,No,Two Year,Yes,Credit Card,5,No,41
Female,51,No,Yes,Yes,3,Yes,3,Offer D,Yes,5.7,Yes,Yes,30,Yes,No,No,No,No,No,No,Yes,One Year,No,Credit Card,4,No,23
Male,36,No,Yes,Yes,3,Yes,4,None,Yes,28.47,No,Yes,57,Yes,Yes,Yes,Yes,Yes,Yes,Yes,No,Two Year,No,Credit Card,3,No,71
Male,40,No,Yes,No,0,Yes,8,None,Yes,4.15,Yes,No,0,No,No,No,No,No,No,No,No,Two Year,No,Credit Card,5,No,72
Male,48,No,Yes,Yes,3,Yes,9,None,Yes,38.5,No,Yes,20,No,No,No,No,No,No,No,Yes,Month-to-Month,Yes,Bank Withdrawal,4,No,6
Male,64,No,Yes,Yes,1,Yes,2,Offer D,Yes,24.22,No,No,0,No,No,No,No,No,No,No,No,One Year,Yes,Credit Card,5,No,23
Female,19,No,No,No,0,No,0,None,Yes,41.91,No,Yes,73,Yes,Yes,Yes,Yes,Yes,Yes,Yes,Yes,Two Year,Yes,Bank Withdrawal,4,No,72
Female,19,No,Yes,No,0,Yes,7,None,Yes,33.24,No,Yes,53,Yes,No,No,No,No,No,No,Yes,Month-to-Month,Yes,Bank Withdrawal,3,No,7
Male,33,No,Yes,Yes,1,Yes,1,None,Yes,36.94,No,Yes,16,No,Yes,No,Yes,Yes,Yes,Yes,Yes,Month-to-Month,Yes,Bank Withdrawal,3,No,9
Female,52,No,No,No,0,No,0,Offer D,Yes,34.73,Yes,Yes,6,No,Yes,No,No,No,Yes,Yes,No,Month-to-Month,Yes,Bank Withdrawal,5,No,12
Female,43,No,No,No,0,No,0,None,Yes,23.97,No,No,0,No,No,No,No,No,No,No,No,Month-to-Month,Yes,Credit Card,4,No,1
Male,45,No,No,No,0,No,0,Offer D,Yes,45.39,No,Yes,24,No,No,No,No,Yes,No,No,Yes,Month-to-Month,No,Bank Withdrawal,3,No,20
Female,25,No,No,No,0,No,0,Offer D,Yes,45.42,No,No,0,No,No,No,No,No,No,No,No,One Year,Yes,Credit Card,4,No,10
Male,32,No,Yes,Yes,3,Yes,7,Offer D,Yes,42.06,Yes,Yes,23,No,Yes,No,Yes,Yes,No,No,Yes,Month-to-Month,No,Credit Card,4,No,20
Male,27,No,Yes,No,0,Yes,8,Offer D,Yes,46.47,No,No,0,No,No,No,No,No,No,No,No,One Year,No,Credit Card,3,No,20
Male,33,No,Yes,Yes,1,Yes,1,Offer D,Yes,13.13,No,No,0,No,No,No,No,No,No,No,No,One Year,No,Credit Card,5,No,19
Male,53,No,Yes,No,0,Yes,1,Offer D,Yes,49.66,No,Yes,3,Yes,Yes,No,Yes,Yes,Yes,Yes,Yes,Month-to-Month,Yes,Bank Withdrawal,3,No,22
Female,63,No,No,No,0,No,0,Offer C,Yes,13.14,Yes,Yes,6,No,No,No,Yes,No,No,No,Yes,Month-to-Month,No,Credit Card,5,No,35
Female,43,No,No,No,0,No,0,None,Yes,42.34,No,Yes,10,No,No,No,No,No,No,No,Yes,Month-to-Month,No,Credit Card,3,No,1
Male,43,No,No,No,0,No,0,Offer C,Yes,8.69,Yes,Yes,24,No,No,No,No,No,No,No,Yes,Month-to-Month,Yes,Credit Card,5,No,39
Male,31,No,No,No,0,No,0,None,Yes,37.99,Yes,Yes,24,Yes,No,No,Yes,Yes,Yes,Yes,Yes,Month-to-Month,Yes,Credit Card,3,No,56
Male,58,No,No,Yes,2,No,0,Offer D,Yes,34.07,No,Yes,28,No,No,No,No,No,No,No,No,Month-to-Month,Yes,Credit Card,5,No,18
Female,30,No,Yes,Yes,2,Yes,1,Offer D,Yes,49.85,Yes,Yes,69,No,Yes,No,No,No,No,No,Yes,Month-to-Month,Yes,Credit Card,4,No,16
Female,45,No,No,No,0,No,0,Offer A,Yes,17.41,No,Yes,27,Yes,No,Yes,No,No,No,No,Yes,One Year,Yes,Credit Card,4,No,68
Female,46,No,Yes,Yes,1,Yes,1,Offer A,Yes,24.9,Yes,Yes,19,Yes,No,Yes,Yes,Yes,Yes,Yes,Yes,Two Year,No,Credit Card,4,No,72
Male,52,No,No,No,0,No,0,Offer E,Yes,7.32,Yes,Yes,11,No,No,No,No,No,No,No,Yes,Month-to-Month,Yes,Bank Withdrawal,5,No,9
Female,37,No,No,No,0,No,0,Offer C,Yes,10.74,No,Yes,13,Yes,No,No,No,No,No,No,Yes,Month-to-Month,Yes,Credit Card,3,No,30
Female,45,No,No,No,0,No,0,Offer D,No,0,No,Yes,11,No,No,Yes,Yes,No,No,No,No,Month-to-Month,Yes,Bank Withdrawal,3,No,18
Male,63,No,Yes,No,0,Yes,1,None,No,0,No,Yes,18,No,Yes,Yes,No,Yes,Yes,Yes,Yes,Two Year,No,Bank Withdrawal,3,No,44
Female,47,No,Yes,Yes,2,Yes,1,Offer C,Yes,16.48,No,Yes,17,Yes,No,No,Yes,No,Yes,Yes,Yes,Month-to-Month,No,Bank Withdrawal,3,No,30
Female,44,No,Yes,No,0,No,0,Offer A,Yes,14.91,No,No,0,No,No,No,No,No,No,No,No,Two Year,Yes,Bank Withdrawal,4,No,71
Male,32,No,Yes,No,0,Yes,1,Offer E,Yes,38.89,No,Yes,9,No,No,Yes,No,No,No,No,Yes,Month-to-Month,No,Credit Card,5,No,1
Female,55,No,No,Yes,2,No,0,None,No,0,No,Yes,29,No,No,Yes,No,Yes,Yes,Yes,Yes,One Year,Yes,Credit Card,3,No,22
Female,25,No,No,Yes,1,No,0,None,Yes,45.64,No,No,0,No,No,No,No,No,No,No,No,One Year,No,Credit Card,5,No,49
Female,33,No,Yes,Yes,3,Yes,10,None,Yes,17.75,No,Yes,53,No,No,Yes,No,Yes,Yes,Yes,Yes,Month-to-Month,Yes,Bank Withdrawal,5,No,42
Female,38,No,Yes,Yes,1,Yes,2,Offer E,Yes,35.26,No,No,0,No,No,No,No,No,No,No,No,Two Year,No,Credit Card,3,No,7
Female,52,No,Yes,Yes,3,Yes,10,Offer A,Yes,3.04,Yes,Yes,30,Yes,No,Yes,Yes,No,Yes,Yes,Yes,One Year,Yes,Bank Withdrawal,3,No,67
Male,24,No,No,No,0,No,0,None,Yes,9.97,Yes,Yes,47,No,Yes,No,Yes,No,Yes,Yes,Yes,Month-to-Month,No,Bank Withdrawal,5,No,15
Male,42,No,Yes,No,0,Yes,5,Offer A,Yes,17.4,Yes,Yes,11,No,Yes,Yes,No,No,Yes,Yes,No,Two Year,Yes,Bank Withdrawal,4,No,67
Male,61,No,Yes,Yes,2,Yes,3,None,Yes,31.69,No,Yes,16,Yes,Yes,No,Yes,Yes,No,No,Yes,Two Year,Yes,Credit Card,4,No,53
Male,38,No,Yes,Yes,1,Yes,10,None,Yes,18,No,No,0,No,No,No,No,No,No,No,No,One Year,No,Credit Card,3,No,21
Female,30,No,Yes,Yes,2,Yes,4,None,Yes,29.14,No,Yes,48,Yes,Yes,No,Yes,No,Yes,Yes,Yes,Month-to-Month,Yes,Credit Card,4,No,40
Female,49,No,Yes,Yes,2,Yes,8,None,Yes,45.35,No,No,0,No,No,No,No,No,No,No,No,One Year,No,Bank Withdrawal,4,No,22
Male,25,No,No,No,0,No,0,Offer C,No,0,No,Yes,26,No,No,No,Yes,No,Yes,Yes,Yes,Month-to-Month,Yes,Bank Withdrawal,5,No,39
Female,35,No,Yes,No,0,Yes,3,Offer E,Yes,5.42,No,No,0,No,No,No,No,No,No,No,No,Month-to-Month,No,Credit Card,4,No,2
Female,43,No,Yes,Yes,2,Yes,3,None,Yes,12.26,No,No,0,No,No,No,No,No,No,No,No,Two Year,No,Bank Withdrawal,5,No,57
Male,49,No,Yes,Yes,3,Yes,10,Offer E,Yes,1.56,No,Yes,57,No,No,No,No,Yes,No,No,Yes,Month-to-Month,Yes,Bank Withdrawal,4,No,8
Female,30,No,Yes,Yes,1,Yes,3,Offer E,Yes,5.84,No,No,0,No,No,No,No,No,No,No,No,Month-to-Month,No,Credit Card,4,No,7
Male,49,No,No,No,0,No,0,None,Yes,17.77,Yes,Yes,13,No,No,No,Yes,Yes,No,No,Yes,Two Year,Yes,Bank Withdrawal,3,No,49
Female,47,No,No,No,0,No,0,None,Yes,38.33,Yes,Yes,7,Yes,Yes,No,Yes,No,No,No,Yes,One Year,Yes,Bank Withdrawal,3,No,65
Female,48,No,No,No,0,No,0,None,Yes,33.6,No,Yes,5,No,No,No,No,No,No,No,Yes,One Year,No,Bank Withdrawal,3,No,55
Male,28,No,Yes,Yes,3,Yes,10,Offer A,Yes,10.11,Yes,Yes,59,Yes,Yes,Yes,Yes,Yes,Yes,Yes,Yes,Two Year,No,Bank Withdrawal,4,No,71
Male,62,No,No,No,0,No,0,Offer C,Yes,39.87,Yes,Yes,23,Yes,Yes,Yes,Yes,No,No,No,No,Month-to-Month,Yes,Credit Card,3,No,35
Male,29,No,No,No,0,No,0,None,Yes,38.78,Yes,Yes,59,Yes,Yes,Yes,Yes,Yes,No,No,Yes,Month-to-Month,Yes,Bank Withdrawal,3,No,17
Female,20,No,Yes,No,0,Yes,5,Offer A,Yes,23.7,Yes,Yes,85,Yes,No,Yes,Yes,Yes,Yes,Yes,Yes,Two Year,Yes,Credit Card,3,No,72
Female,30,No,Yes,Yes,1,Yes,4,Offer C,Yes,16.13,No,Yes,69,Yes,No,No,No,No,Yes,Yes,Yes,One Year,Yes,Bank Withdrawal,3,No,28
Female,59,No,Yes,No,0,Yes,4,None,Yes,25.54,No,No,0,No,No,No,No,No,No,No,No,Two Year,No,Credit Card,4,No,18
Female,30,No,No,No,0,No,0,None,Yes,9.37,No,Yes,59,No,No,Yes,No,No,Yes,Yes,Yes,Month-to-Month,Yes,Bank Withdrawal,3,No,52
Female,53,No,Yes,No,0,Yes,8,None,Yes,3.2,No,Yes,18,No,Yes,No,No,Yes,No,No,Yes,Month-to-Month,Yes,Bank Withdrawal,4,No,47
Female,44,No,No,No,0,No,0,None,Yes,42.26,No,Yes,2,No,No,Yes,No,No,No,No,No,Month-to-Month,No,Credit Card,5,No,23
Male,59,No,Yes,Yes,2,Yes,10,Offer A,Yes,26.91,No,Yes,30,Yes,Yes,Yes,Yes,No,No,No,Yes,Two Year,No,Credit Card,3,No,66
Female,22,No,No,No,0,No,0,None,Yes,17.3,Yes,Yes,41,No,No,No,No,No,No,No,Yes,Month-to-Month,Yes,Bank Withdrawal,3,No,8
Female,23,No,Yes,Yes,2,Yes,2,Offer A,Yes,4.32,Yes,Yes,41,Yes,Yes,Yes,Yes,Yes,Yes,Yes,Yes,Two Year,No,Credit Card,4,No,71
Male,23,No,Yes,No,0,Yes,3,None,Yes,46.71,No,Yes,41,Yes,Yes,Yes,Yes,No,No,No,Yes,Two Year,No,Credit Card,4,No,46
Female,25,No,No,No,0,No,0,Offer A,No,0,No,Yes,73,Yes,No,Yes,Yes,Yes,Yes,Yes,No,Two Year,Yes,Bank Withdrawal,3,No,66
Female,60,No,Yes,No,0,Yes,8,None,Yes,20.58,Yes,Yes,13,No,No,Yes,Yes,No,No,No,Yes,Month-to-Month,Yes,Credit Card,3,No,42
Female,62,No,No,No,0,No,0,None,Yes,29.75,No,Yes,6,No,No,No,Yes,No,No,No,Yes,Month-to-Month,Yes,Credit Card,5,No,5
Male,25,No,No,No,0,No,0,Offer C,Yes,28.83,Yes,Yes,47,No,Yes,Yes,No,No,Yes,Yes,Yes,One Year,No,Credit Card,4,No,29
Female,37,No,Yes,Yes,5,Yes,5,Offer C,Yes,19.32,No,Yes,30,No,Yes,No,No,No,No,No,Yes,Month-to-Month,No,Credit Card,3,No,27
Female,25,No,Yes,Yes,3,Yes,1,Offer C,Yes,4.57,No,No,0,No,No,No,No,No,No,No,No,Two Year,No,Credit Card,3,No,25
Male,36,No,Yes,No,0,Yes,4,None,Yes,31.79,Yes,Yes,13,Yes,Yes,Yes,Yes,Yes,No,No,Yes,Month-to-Month,Yes,Bank Withdrawal,4,No,57
Female,47,No,No,No,0,No,0,None,Yes,34.18,No,Yes,19,No,No,No,No,Yes,No,No,Yes,Month-to-Month,Yes,Credit Card,3,No,13
Male,42,No,Yes,Yes,3,No,0,Offer A,Yes,37.03,Yes,Yes,26,Yes,No,No,No,Yes,No,No,Yes,One Year,Yes,Bank Withdrawal,3,No,71
Female,57,No,No,No,0,No,0,None,Yes,37.62,No,No,0,No,No,No,No,No,No,No,No,Month-to-Month,No,Bank Withdrawal,3,No,1
Male,33,No,Yes,Yes,1,Yes,3,None,Yes,22.3,Yes,No,0,No,No,No,No,No,No,No,No,Two Year,No,Credit Card,5,No,50
Male,49,No,No,No,0,No,0,None,Yes,16.64,No,Yes,2,No,No,No,No,Yes,Yes,Yes,Yes,Month-to-Month,Yes,Bank Withdrawal,5,No,1
Male,32,No,No,No,0,No,0,None,Yes,21.01,No,No,0,No,No,No,No,No,No,No,No,Month-to-Month,Yes,Credit Card,3,No,5
Female,44,No,No,No,0,No,0,Offer A,Yes,16.39,Yes,Yes,26,Yes,Yes,Yes,Yes,Yes,No,No,Yes,One Year,Yes,Bank Withdrawal,3,No,66
Female,32,No,Yes,Yes,2,Yes,4,None,Yes,33.07,No,Yes,23,Yes,Yes,Yes,Yes,Yes,Yes,Yes,Yes,One Year,Yes,Credit Card,3,No,49
Male,32,No,Yes,Yes,3,Yes,3,Offer A,Yes,42.84,Yes,No,0,No,No,No,No,No,No,No,No,One Year,Yes,Credit Card,4,No,66
Male,31,No,No,Yes,2,No,0,None,Yes,5.84,Yes,Yes,10,No,No,No,No,No,Yes,Yes,No,Month-to-Month,No,Bank Withdrawal,5,No,11
Male,29,No,No,No,0,No,0,Offer C,No,0,No,Yes,48,No,No,No,Yes,No,No,No,Yes,Month-to-Month,Yes,Credit Card,4,No,28
Male,31,No,Yes,No,0,Yes,9,None,Yes,30.44,Yes,Yes,20,Yes,Yes,Yes,No,Yes,No,No,Yes,Two Year,Yes,Bank Withdrawal,4,No,65
Female,45,No,No,No,0,No,0,None,Yes,24.03,No,No,0,No,No,No,No,No,No,No,No,Two Year,Yes,Credit Card,4,No,62
Female,38,No,Yes,No,0,Yes,9,None,Yes,32.86,No,No,0,No,No,No,No,No,No,No,No,Month-to-Month,No,Bank Withdrawal,3,No,2
Female,57,No,No,No,0,No,0,None,Yes,2.46,No,No,0,No,No,No,No,No,No,No,No,Month-to-Month,No,Credit Card,5,No,2
Female,36,No,Yes,Yes,3,Yes,1,Offer B,Yes,1.44,Yes,No,0,No,No,No,No,No,No,No,No,Two Year,Yes,Credit Card,5,No,55
Female,64,No,No,No,0,No,0,None,Yes,2.67,No,Yes,27,No,No,No,Yes,Yes,Yes,Yes,Yes,One Year,Yes,Bank Withdrawal,5,No,30
Male,58,No,No,No,0,No,0,None,Yes,36.47,No,Yes,15,Yes,Yes,No,No,No,No,No,Yes,One Year,No,Credit Card,3,No,17
Female,32,No,Yes,Yes,1,Yes,10,None,Yes,20.12,No,Yes,30,Yes,Yes,No,Yes,No,Yes,Yes,Yes,Two Year,No,Bank Withdrawal,3,No,16
Male,25,No,No,No,0,No,0,Offer A,Yes,29.29,Yes,No,0,No,No,No,No,No,No,No,No,Two Year,No,Bank Withdrawal,5,No,72
Male,48,No,No,No,0,No,0,None,Yes,34.75,Yes,Yes,3,No,No,No,No,No,No,No,Yes,Month-to-Month,Yes,Bank Withdrawal,5,No,9
Female,43,No,No,No,0,No,0,None,Yes,24.41,No,Yes,4,No,Yes,No,No,No,No,No,Yes,Month-to-Month,No,Bank Withdrawal,4,No,1
Male,64,No,No,Yes,1,No,0,None,Yes,8.4,No,Yes,27,No,Yes,No,Yes,No,No,No,No,Month-to-Month,No,Bank Withdrawal,4,No,23
Male,28,No,No,Yes,3,No,0,None,Yes,1.95,No,No,0,No,No,No,No,No,No,No,No,Month-to-Month,No,Bank Withdrawal,5,No,8
Male,23,No,Yes,Yes,1,Yes,3,None,No,0,No,Yes,52,Yes,Yes,No,No,No,No,No,Yes,Month-to-Month,Yes,Credit Card,3,No,19
Female,46,No,No,No,0,No,0,Offer E,Yes,40.42,Yes,Yes,17,Yes,No,No,No,No,No,No,Yes,Month-to-Month,Yes,Bank Withdrawal,4,No,7
Male,24,No,No,No,0,No,0,Offer B,Yes,45.69,Yes,Yes,48,Yes,No,Yes,No,Yes,Yes,Yes,Yes,One Year,No,Bank Withdrawal,3,No,61
Female,32,No,Yes,No,0,Yes,1,Offer B,Yes,48,No,Yes,24,Yes,Yes,No,Yes,Yes,No,No,Yes,Two Year,Yes,Credit Card,3,No,57
Male,31,No,No,Yes,3,No,0,None,Yes,43.69,No,Yes,29,Yes,No,Yes,No,No,Yes,Yes,Yes,One Year,No,Credit Card,4,No,15
Female,42,No,No,No,0,No,0,Offer E,Yes,23.67,No,No,0,No,No,No,No,No,No,No,No,Month-to-Month,No,Credit Card,3,No,1
Female,39,No,Yes,No,0,No,0,None,Yes,30.79,No,Yes,4,No,No,No,No,No,No,No,Yes,Month-to-Month,No,Bank Withdrawal,3,No,12
Male,48,No,No,No,0,No,0,Offer B,Yes,27.3,No,No,0,No,No,No,No,No,No,No,No,Two Year,No,Credit Card,3,No,54
Male,40,No,Yes,Yes,2,Yes,1,Offer E,Yes,25.9,No,Yes,19,No,No,No,No,No,No,No,Yes,Month-to-Month,No,Bank Withdrawal,5,No,4
Female,23,No,Yes,No,0,Yes,1,None,Yes,27.96,No,No,0,No,No,No,No,No,No,No,No,One Year,No,Credit Card,3,No,20
Female,51,No,No,Yes,2,No,0,None,No,0,No,Yes,19,Yes,No,No,Yes,No,Yes,Yes,Yes,Month-to-Month,No,Credit Card,4,No,26
Female,36,No,Yes,No,0,Yes,1,Offer B,Yes,18,Yes,Yes,20,No,Yes,Yes,Yes,Yes,Yes,Yes,Yes,One Year,Yes,Bank Withdrawal,4,No,53
Female,38,No,No,No,0,No,0,Offer A,No,0,No,Yes,28,Yes,Yes,Yes,Yes,Yes,Yes,Yes,No,Two Year,No,Credit Card,3,No,68
Male,64,No,Yes,Yes,2,Yes,1,Offer A,Yes,20.63,Yes,Yes,26,Yes,Yes,Yes,Yes,Yes,Yes,Yes,Yes,Two Year,Yes,Credit Card,4,No,72
Male,61,No,No,No,0,No,0,Offer D,Yes,25.57,Yes,No,0,No,No,No,No,No,No,No,No,One Year,No,Credit Card,5,No,12
Female,52,No,Yes,No,0,Yes,1,Offer A,Yes,7.87,Yes,Yes,4,Yes,Yes,No,No,No,No,No,Yes,Two Year,Yes,Bank Withdrawal,3,No,68
Female,25,No,No,Yes,2,No,0,Offer B,Yes,37.52,No,Yes,71,Yes,No,Yes,Yes,Yes,No,No,Yes,One Year,Yes,Credit Card,4,No,50
Male,62,No,No,No,0,No,0,Offer E,Yes,34.02,Yes,Yes,24,No,Yes,No,No,No,No,No,No,Month-to-Month,No,Bank Withdrawal,5,No,1
Female,20,No,Yes,Yes,2,Yes,1,Offer D,Yes,27.97,Yes,Yes,51,Yes,Yes,Yes,Yes,Yes,Yes,Yes,Yes,Two Year,Yes,Credit Card,4,No,23
Male,49,No,No,Yes,2,No,0,Offer B,Yes,16.59,No,No,0,No,No,No,No,No,No,No,No,Two Year,No,Credit Card,3,No,60
Female,21,No,Yes,No,0,Yes,1,Offer A,Yes,22.22,Yes,No,0,No,No,No,No,No,No,No,No,Two Year,No,Credit Card,4,No,72
Male,32,No,No,No,0,No,0,Offer A,Yes,15.03,No,Yes,22,Yes,Yes,Yes,Yes,Yes,No,No,Yes,Two Year,Yes,Bank Withdrawal,3,No,72
Female,54,No,Yes,No,0,Yes,7,Offer A,Yes,12.85,Yes,Yes,24,No,Yes,Yes,Yes,Yes,Yes,Yes,No,Two Year,Yes,Bank Withdrawal,4,No,72
Female,19,No,No,No,0,No,0,Offer B,Yes,43.79,Yes,Yes,82,No,Yes,Yes,Yes,Yes,Yes,Yes,Yes,One Year,Yes,Bank Withdrawal,4,No,51
Female,47,No,Yes,Yes,1,Yes,2,Offer A,Yes,5.93,Yes,Yes,19,No,Yes,Yes,No,Yes,Yes,Yes,Yes,One Year,Yes,Bank Withdrawal,5,No,70
Male,28,No,No,No,0,No,0,None,Yes,4.02,No,No,0,No,No,No,No,No,No,No,No,One Year,Yes,Bank Withdrawal,4,No,9
Male,40,No,Yes,Yes,3,Yes,1,Offer B,Yes,46.1,Yes,Yes,57,Yes,Yes,No,Yes,Yes,Yes,Yes,Yes,Two Year,Yes,Credit Card,4,No,59
Male,44,No,No,Yes,1,No,0,Offer E,Yes,25.04,No,Yes,17,No,No,No,Yes,Yes,Yes,Yes,Yes,Month-to-Month,No,Credit Card,3,No,3
Female,52,No,No,No,0,No,0,None,Yes,11.73,Yes,Yes,30,Yes,Yes,Yes,No,No,No,No,No,Month-to-Month,No,Bank Withdrawal,3,No,37
Male,35,No,No,No,0,No,0,None,Yes,38.43,No,Yes,30,Yes,Yes,Yes,Yes,No,No,No,Yes,Two Year,No,Bank Withdrawal,4,No,37
Female,29,No,Yes,Yes,2,Yes,4,Offer D,Yes,42.64,No,Yes,69,Yes,Yes,No,Yes,No,No,No,Yes,Month-to-Month,No,Bank Withdrawal,3,No,14
Male,58,No,Yes,No,0,Yes,9,Offer A,Yes,40.78,Yes,Yes,22,Yes,Yes,No,Yes,Yes,Yes,Yes,Yes,Two Year,Yes,Credit Card,4,No,72
Male,25,No,Yes,Yes,3,Yes,8,Offer A,No,0,No,Yes,82,Yes,Yes,Yes,No,No,No,No,Yes,Two Year,No,Credit Card,4,No,72
Female,51,No,No,No,0,No,0,Offer D,Yes,17.01,Yes,No,0,No,No,No,No,No,No,No,No,Month-to-Month,Yes,Credit Card,3,No,10
Male,38,No,Yes,Yes,2,Yes,5,Offer E,Yes,46.23,No,No,0,No,No,No,No,No,No,No,No,One Year,Yes,Credit Card,5,No,10
Male,55,No,No,No,0,No,0,Offer E,Yes,1.48,No,No,0,No,No,No,No,No,No,No,No,Month-to-Month,No,Credit Card,3,No,1
Female,42,No,No,No,0,No,0,None,Yes,14.46,No,Yes,25,Yes,No,Yes,Yes,No,No,No,Yes,One Year,No,Credit Card,3,No,29
Female,37,No,No,No,0,No,0,Offer E,Yes,8.73,Yes,Yes,28,Yes,Yes,Yes,No,No,No,No,Yes,Month-to-Month,Yes,Bank Withdrawal,3,No,8
Male,48,No,Yes,No,0,Yes,2,Offer B,Yes,11.53,Yes,No,0,No,No,No,No,No,No,No,No,Two Year,No,Bank Withdrawal,4,No,61
Male,35,No,Yes,Yes,1,Yes,5,Offer A,Yes,17.49,Yes,Yes,12,No,Yes,Yes,No,Yes,Yes,Yes,No,One Year,Yes,Credit Card,5,No,72
Male,50,No,Yes,Yes,2,Yes,8,Offer D,Yes,33.9,No,No,0,No,No,No,No,No,No,No,No,Month-to-Month,Yes,Bank Withdrawal,4,No,12
Male,22,No,No,No,0,No,0,None,Yes,45.93,Yes,Yes,48,No,No,No,No,Yes,Yes,Yes,Yes,Month-to-Month,No,Bank Withdrawal,5,No,7
Male,19,No,No,No,0,No,0,Offer E,Yes,38.65,No,Yes,26,No,No,No,No,No,No,No,Yes,Month-to-Month,Yes,Credit Card,4,No,9
Male,54,No,Yes,Yes,2,Yes,2,Offer B,Yes,5.01,Yes,Yes,23,No,No,Yes,Yes,No,Yes,Yes,Yes,Two Year,No,Bank Withdrawal,4,No,58
Male,37,No,Yes,Yes,2,Yes,5,Offer E,Yes,7.27,No,No,0,No,No,No,No,No,No,No,No,Month-to-Month,No,Credit Card,4,No,2
Female,24,No,Yes,No,0,Yes,5,Offer B,Yes,22.2,Yes,Yes,76,Yes,No,Yes,No,Yes,Yes,Yes,Yes,One Year,No,Bank Withdrawal,4,No,40
Male,43,No,No,No,0,No,0,Offer E,Yes,34.34,Yes,Yes,6,Yes,No,No,No,No,No,No,No,Month-to-Month,Yes,Bank Withdrawal,4,No,9
Male,62,No,No,No,0,No,0,Offer B,Yes,45.22,No,Yes,15,No,Yes,No,Yes,Yes,No,No,Yes,One Year,Yes,Bank Withdrawal,3,No,41
Female,27,No,No,No,0,No,0,None,Yes,39.84,No,Yes,42,No,Yes,Yes,No,No,No,No,Yes,Month-to-Month,Yes,Credit Card,4,No,26
Female,27,No,Yes,No,0,Yes,1,None,Yes,15.45,No,Yes,59,No,Yes,No,Yes,No,No,No,Yes,One Year,Yes,Credit Card,3,No,33
Male,56,No,Yes,Yes,2,Yes,9,None,Yes,8.88,No,Yes,17,No,Yes,Yes,Yes,Yes,Yes,Yes,Yes,One Year,No,Credit Card,3,No,68
Male,47,No,No,No,0,No,0,Offer B,Yes,27.65,No,Yes,26,No,Yes,No,Yes,No,Yes,Yes,No,One Year,Yes,Bank Withdrawal,3,No,55
Male,49,No,No,No,0,No,0,Offer D,Yes,43.11,No,Yes,2,No,No,No,Yes,No,Yes,Yes,Yes,One Year,Yes,Credit Card,3,No,19
Female,42,No,No,No,0,No,0,Offer B,Yes,13.82,Yes,Yes,8,No,No,Yes,No,No,Yes,Yes,Yes,Month-to-Month,Yes,Credit Card,3,No,45
Female,32,No,Yes,Yes,1,No,0,None,Yes,26.85,No,No,0,No,No,No,No,No,No,No,No,Two Year,Yes,Credit Card,3,No,70
Female,60,No,Yes,No,0,Yes,10,Offer D,Yes,40.34,No,No,0,No,No,No,No,No,No,No,No,Two Year,Yes,Bank Withdrawal,4,No,12
Male,20,No,No,Yes,3,No,0,None,No,0,No,Yes,71,Yes,Yes,Yes,Yes,Yes,Yes,Yes,Yes,Two Year,No,Credit Card,3,No,72
Male,38,No,No,No,0,No,0,Offer D,Yes,13.88,Yes,Yes,8,No,No,No,No,Yes,Yes,Yes,Yes,Month-to-Month,No,Bank Withdrawal,5,No,12
Male,54,No,Yes,Yes,3,Yes,10,None,Yes,39.06,Yes,Yes,75,Yes,Yes,Yes,Yes,Yes,Yes,Yes,Yes,Two Year,No,Credit Card,3,No,70
Female,30,No,No,No,0,No,0,None,Yes,38.78,Yes,Yes,59,No,No,No,No,No,No,No,Yes,Month-to-Month,Yes,Bank Withdrawal,5,No,31
Female,26,No,No,No,0,No,0,None,Yes,16.76,Yes,Yes,85,Yes,No,No,No,No,Yes,Yes,Yes,Month-to-Month,Yes,Bank Withdrawal,4,No,33
Female,62,No,No,No,0,No,0,Offer B,Yes,28.32,Yes,Yes,9,Yes,No,No,Yes,No,Yes,Yes,No,One Year,No,Bank Withdrawal,3,No,59
Female,33,No,No,No,0,No,0,None,Yes,31.93,Yes,Yes,15,No,Yes,No,No,Yes,No,No,Yes,One Year,Yes,Bank Withdrawal,5,No,66
Male,28,No,Yes,Yes,3,Yes,1,None,Yes,35.67,No,Yes,76,Yes,No,Yes,Yes,No,No,No,Yes,One Year,Yes,Credit Card,4,No,37
Male,47,No,Yes,Yes,3,Yes,9,None,Yes,26.35,Yes,Yes,53,Yes,No,Yes,Yes,Yes,Yes,Yes,Yes,Two Year,No,Bank Withdrawal,3,No,69
Male,36,No,No,No,0,No,0,Offer D,Yes,1.48,No,Yes,25,No,Yes,No,No,Yes,No,No,No,Month-to-Month,Yes,Credit Card,3,No,10
Male,50,No,No,Yes,1,No,0,Offer D,Yes,30.19,No,Yes,17,No,No,No,No,Yes,Yes,Yes,Yes,Month-to-Month,No,Credit Card,5,No,13
Female,64,No,Yes,Yes,3,Yes,6,None,Yes,11.47,No,No,0,No,No,No,No,No,No,No,No,Two Year,No,Bank Withdrawal,4,No,69
Male,52,No,Yes,Yes,2,Yes,9,Offer B,Yes,38.45,No,Yes,15,Yes,No,Yes,Yes,No,No,No,Yes,One Year,No,Credit Card,4,No,46
Female,36,No,Yes,Yes,2,Yes,5,Offer B,Yes,13.94,Yes,Yes,11,Yes,No,Yes,Yes,Yes,Yes,Yes,Yes,Month-to-Month,Yes,Credit Card,3,No,56
Male,28,No,Yes,Yes,3,No,0,None,Yes,1.22,Yes,No,0,No,No,No,No,No,No,No,No,Two Year,No,Credit Card,3,No,70
Female,47,No,Yes,Yes,2,Yes,2,None,Yes,31.59,Yes,Yes,18,No,No,Yes,Yes,Yes,Yes,Yes,No,One Year,Yes,Bank Withdrawal,5,No,33
Female,56,No,Yes,Yes,3,Yes,8,None,Yes,22.62,Yes,Yes,27,Yes,Yes,No,Yes,No,No,No,Yes,Two Year,No,Credit Card,3,No,72
Female,59,No,No,Yes,2,No,0,Offer D,Yes,4.03,No,Yes,26,No,No,No,Yes,No,No,No,Yes,Month-to-Month,No,Credit Card,3,No,19
Female,48,No,Yes,No,0,Yes,8,None,Yes,43.61,No,Yes,27,No,Yes,Yes,Yes,Yes,Yes,Yes,Yes,Two Year,Yes,Credit Card,5,No,71
Male,29,No,No,No,0,No,0,Offer E,Yes,7.32,No,No,0,No,No,No,No,No,No,No,No,Month-to-Month,No,Credit Card,4,No,1
Female,58,No,No,No,0,No,0,Offer B,Yes,5.55,Yes,Yes,7,Yes,Yes,Yes,Yes,Yes,Yes,Yes,Yes,One Year,Yes,Credit Card,4,No,61
Female,44,No,Yes,Yes,1,Yes,6,Offer A,No,0,No,Yes,19,Yes,Yes,No,Yes,Yes,Yes,Yes,Yes,Two Year,No,Bank Withdrawal,4,No,71
Female,48,No,Yes,No,0,Yes,5,Offer A,Yes,9.76,Yes,Yes,15,No,Yes,Yes,No,No,No,No,No,One Year,No,Credit Card,5,No,68
Male,35,No,No,No,0,No,0,Offer B,No,0,No,Yes,18,No,No,Yes,Yes,No,No,No,Yes,One Year,No,Credit Card,3,No,46
Male,29,No,No,No,0,No,0,None,Yes,25.71,Yes,Yes,48,Yes,No,No,No,No,No,No,Yes,One Year,No,Bank Withdrawal,4,No,33
Female,64,No,Yes,Yes,1,Yes,1,Offer B,Yes,28.36,Yes,Yes,17,Yes,Yes,Yes,Yes,No,Yes,Yes,Yes,Two Year,Yes,Bank Withdrawal,3,No,53
Female,44,No,No,No,0,No,0,None,No,0,No,Yes,24,Yes,No,Yes,Yes,No,No,No,Yes,One Year,Yes,Credit Card,4,No,57
Female,48,No,Yes,Yes,4,Yes,1,None,Yes,41.93,No,No,0,No,No,No,No,No,No,No,No,Two Year,Yes,Bank Withdrawal,3,No,54
Female,59,No,Yes,Yes,1,Yes,1,Offer D,Yes,25.89,No,Yes,22,No,Yes,No,Yes,No,Yes,Yes,Yes,Month-to-Month,Yes,Bank Withdrawal,5,No,10
Male,41,No,No,Yes,2,No,0,None,No,0,No,Yes,25,Yes,Yes,Yes,No,No,No,No,Yes,Month-to-Month,Yes,Bank Withdrawal,3,No,43
Female,42,No,Yes,No,0,Yes,1,None,Yes,38.53,No,Yes,27,Yes,No,Yes,Yes,Yes,Yes,Yes,Yes,Two Year,Yes,Bank Withdrawal,4,No,43
Male,20,No,Yes,Yes,3,Yes,1,None,Yes,24.33,No,Yes,59,No,No,No,No,Yes,Yes,Yes,Yes,Month-to-Month,Yes,Bank Withdrawal,3,No,1
Female,46,No,No,No,0,No,0,Offer A,Yes,25.73,No,Yes,22,Yes,No,Yes,Yes,Yes,Yes,Yes,Yes,Two Year,Yes,Credit Card,3,No,69
Female,64,No,Yes,No,0,Yes,1,None,Yes,10.94,No,No,0,No,No,No,No,No,No,No,No,Two Year,No,Credit Card,3,No,61
Male,42,No,Yes,No,0,Yes,1,None,Yes,26.1,Yes,Yes,17,Yes,Yes,No,Yes,No,No,No,Yes,Month-to-Month,No,Bank Withdrawal,3,No,43
Male,43,No,Yes,No,0,Yes,1,None,Yes,3.79,No,Yes,14,No,No,No,No,Yes,Yes,Yes,Yes,Month-to-Month,No,Credit Card,4,No,56
Female,21,No,Yes,No,0,Yes,5,Offer A,No,0,No,Yes,46,Yes,Yes,Yes,Yes,Yes,Yes,Yes,Yes,Two Year,No,Bank Withdrawal,3,No,70
Male,27,No,Yes,Yes,2,Yes,7,None,Yes,36.08,Yes,Yes,59,No,Yes,Yes,No,Yes,No,No,Yes,One Year,Yes,Bank Withdrawal,3,No,49
Female,26,No,Yes,Yes,1,Yes,1,None,Yes,19.76,No,Yes,59,Yes,Yes,Yes,Yes,No,Yes,Yes,Yes,Two Year,No,Credit Card,4,No,32
Male,45,No,No,Yes,1,No,0,None,Yes,49.99,No,Yes,27,Yes,Yes,No,Yes,No,No,No,No,Two Year,No,Credit Card,3,No,37
Female,59,No,Yes,No,0,Yes,9,Offer A,Yes,24.17,No,Yes,5,Yes,Yes,No,Yes,Yes,Yes,Yes,Yes,One Year,Yes,Credit Card,4,No,69
Female,26,No,Yes,No,0,Yes,7,None,Yes,11.23,No,Yes,48,No,Yes,Yes,Yes,Yes,Yes,Yes,Yes,Month-to-Month,No,Bank Withdrawal,4,No,26
Female,61,No,Yes,Yes,3,Yes,2,None,Yes,43.01,Yes,Yes,30,No,Yes,Yes,No,Yes,Yes,Yes,Yes,One Year,Yes,Credit Card,4,No,58
Male,28,No,No,No,0,No,0,None,Yes,7.52,Yes,Yes,85,No,No,No,Yes,No,No,No,Yes,One Year,No,Bank Withdrawal,3,No,24
Male,27,No,Yes,Yes,2,Yes,1,None,Yes,41.21,No,No,0,No,No,No,No,No,No,No,No,One Year,No,Bank Withdrawal,3,No,5
Female,24,No,Yes,Yes,1,Yes,1,None,Yes,12.85,No,No,0,No,No,No,No,No,No,No,No,Two Year,No,Credit Card,3,No,30
Female,41,No,Yes,No,0,No,0,None,Yes,35.38,Yes,Yes,13,Yes,Yes,No,Yes,No,No,No,No,One Year,Yes,Credit Card,4,No,55
Male,19,No,Yes,Yes,2,Yes,1,None,No,0,No,Yes,59,Yes,Yes,Yes,Yes,No,Yes,Yes,Yes,Two Year,Yes,Credit Card,4,No,44
Female,55,No,No,No,0,No,0,None,Yes,26.35,No,Yes,5,Yes,Yes,No,Yes,No,No,No,Yes,One Year,Yes,Credit Card,4,No,47
Female,31,No,Yes,No,0,Yes,10,None,Yes,19.22,No,Yes,21,Yes,No,No,Yes,Yes,Yes,Yes,Yes,One Year,Yes,Credit Card,3,No,64
Male,61,No,No,No,0,No,0,None,Yes,44.22,No,No,0,No,No,No,No,No,No,No,No,Month-to-Month,No,Credit Card,4,No,1
Male,38,No,No,No,0,No,0,Offer D,Yes,49.81,No,Yes,4,No,No,No,Yes,No,No,No,Yes,Month-to-Month,No,Credit Card,3,No,20
Female,23,No,Yes,No,0,Yes,1,None,No,0,No,Yes,27,Yes,No,No,Yes,Yes,No,No,Yes,Two Year,No,Bank Withdrawal,4,No,37
Male,63,No,Yes,Yes,2,Yes,9,None,Yes,21.72,Yes,Yes,19,No,No,No,No,Yes,No,No,No,Month-to-Month,No,Bank Withdrawal,3,No,30
Female,57,No,No,No,0,No,0,None,Yes,25.11,Yes,Yes,13,Yes,Yes,Yes,No,Yes,Yes,Yes,Yes,One Year,No,Bank Withdrawal,3,No,38
Female,22,No,Yes,No,0,Yes,3,None,No,0,No,Yes,52,Yes,Yes,Yes,Yes,Yes,Yes,Yes,Yes,Two Year,No,Credit Card,4,No,52
Male,20,No,No,Yes,3,No,0,Offer A,Yes,4.76,No,Yes,52,Yes,Yes,Yes,Yes,Yes,No,No,Yes,Two Year,Yes,Credit Card,3,No,71
Male,56,No,No,No,0,No,0,Offer A,Yes,45.57,Yes,Yes,11,Yes,Yes,Yes,No,No,Yes,Yes,Yes,Two Year,Yes,Credit Card,3,No,66
Male,45,No,Yes,No,0,Yes,9,Offer A,Yes,17.87,Yes,Yes,3,Yes,Yes,Yes,Yes,Yes,Yes,Yes,Yes,Two Year,Yes,Credit Card,3,No,72
Male,56,No,No,Yes,2,No,0,None,No,0,No,Yes,18,Yes,No,No,No,Yes,No,No,Yes,One Year,Yes,Credit Card,3,No,25
Male,24,No,Yes,Yes,3,Yes,7,Offer A,Yes,37.97,Yes,Yes,27,Yes,Yes,Yes,Yes,Yes,Yes,Yes,No,Two Year,Yes,Bank Withdrawal,4,No,69
Male,54,No,Yes,Yes,3,Yes,9,None,Yes,27.93,Yes,Yes,57,Yes,Yes,No,No,No,Yes,Yes,Yes,Two Year,No,Bank Withdrawal,3,No,53
Male,26,No,No,No,0,No,0,None,Yes,37,No,Yes,76,No,No,Yes,Yes,Yes,Yes,Yes,Yes,Month-to-Month,Yes,Bank Withdrawal,3,No,26
Male,25,No,No,No,0,No,0,Offer D,Yes,39.85,No,Yes,52,No,No,Yes,No,No,Yes,Yes,Yes,Month-to-Month,No,Credit Card,4,No,21
Female,38,No,No,Yes,1,No,0,None,Yes,5.36,No,Yes,19,No,No,No,No,Yes,Yes,Yes,Yes,Month-to-Month,Yes,Bank Withdrawal,3,No,1
Male,28,No,No,No,0,No,0,None,Yes,4.15,Yes,Yes,46,Yes,No,No,Yes,No,Yes,Yes,Yes,Month-to-Month,Yes,Bank Withdrawal,3,No,48
Female,24,No,Yes,No,0,Yes,4,None,No,0,No,Yes,51,Yes,No,Yes,No,No,No,No,Yes,One Year,No,Credit Card,3,No,26
Male,39,No,Yes,No,0,Yes,7,None,Yes,30.14,No,No,0,No,No,No,No,No,No,No,No,Two Year,No,Credit Card,4,No,60
Male,50,No,No,No,0,No,0,Offer D,Yes,31.33,No,No,0,No,No,No,No,No,No,No,No,Month-to-Month,No,Credit Card,5,No,18
Female,52,No,No,Yes,1,No,0,None,Yes,32.15,No,No,0,No,No,No,No,No,No,No,No,One Year,Yes,Credit Card,3,No,4
Male,52,No,Yes,Yes,2,Yes,4,None,Yes,36.5,Yes,No,0,No,No,No,No,No,No,No,No,Two Year,No,Credit Card,5,No,65
Male,63,No,Yes,Yes,1,Yes,6,Offer A,Yes,10.46,Yes,No,0,No,No,No,No,No,No,No,No,Two Year,No,Credit Card,3,No,70
Male,44,No,No,Yes,2,No,0,None,Yes,24.48,No,No,0,No,No,No,No,No,No,No,No,Two Year,No,Bank Withdrawal,3,No,62
Female,58,No,Yes,Yes,2,Yes,9,Offer A,Yes,8.39,No,Yes,16,Yes,No,No,No,Yes,No,No,Yes,Two Year,Yes,Bank Withdrawal,3,No,66
Female,23,No,Yes,Yes,2,No,0,Offer B,Yes,4.75,Yes,Yes,69,Yes,Yes,No,Yes,Yes,Yes,Yes,No,Two Year,Yes,Bank Withdrawal,3,No,65
Female,19,No,No,No,0,No,0,None,Yes,36.75,No,No,0,No,No,No,No,No,No,No,No,Month-to-Month,No,Credit Card,5,No,34
Male,49,No,Yes,Yes,2,Yes,8,Offer D,Yes,48.71,Yes,Yes,12,No,No,Yes,No,Yes,No,No,Yes,Month-to-Month,Yes,Bank Withdrawal,3,No,16
Male,54,No,Yes,No,0,Yes,10,Offer A,Yes,37.69,No,Yes,8,No,Yes,Yes,Yes,Yes,Yes,Yes,Yes,Two Year,Yes,Bank Withdrawal,5,No,71
Male,45,No,No,No,0,No,0,Offer D,Yes,12.97,Yes,No,0,No,No,No,No,No,No,No,No,One Year,No,Credit Card,4,No,18
Male,54,No,No,No,0,No,0,None,Yes,37.7,No,Yes,2,No,No,No,Yes,Yes,No,No,No,Month-to-Month,Yes,Bank Withdrawal,3,No,4
Female,28,No,Yes,Yes,2,Yes,1,Offer B,Yes,2.87,Yes,Yes,69,Yes,No,Yes,Yes,Yes,No,No,Yes,Two Year,No,Credit Card,3,No,58
Female,33,No,Yes,No,0,Yes,10,Offer B,Yes,37.5,Yes,Yes,11,Yes,No,No,No,Yes,Yes,Yes,Yes,One Year,Yes,Bank Withdrawal,3,No,56
Male,24,No,Yes,Yes,2,Yes,8,Offer B,No,0,No,Yes,41,Yes,Yes,No,Yes,Yes,No,No,Yes,One Year,Yes,Credit Card,3,No,56
Female,58,No,No,No,0,No,0,None,Yes,1.1,Yes,Yes,19,No,No,No,Yes,Yes,No,No,Yes,Month-to-Month,Yes,Credit Card,4,No,4
Male,34,No,No,No,0,No,0,None,Yes,15.45,No,Yes,22,No,No,No,No,No,No,No,Yes,Month-to-Month,Yes,Credit Card,3,No,10
Male,52,No,No,No,0,No,0,None,No,0,No,Yes,22,No,No,No,Yes,No,No,No,Yes,Month-to-Month,No,Bank Withdrawal,4,No,4
Female,63,No,Yes,No,0,Yes,1,Offer B,Yes,45.76,No,Yes,13,No,No,No,No,No,No,No,No,Month-to-Month,No,Credit Card,4,No,51
Female,29,No,No,No,0,No,0,None,No,0,No,Yes,48,No,No,No,Yes,Yes,Yes,Yes,Yes,One Year,Yes,Credit Card,3,No,6
Male,45,No,Yes,Yes,2,Yes,7,Offer B,No,0,No,Yes,16,No,Yes,Yes,Yes,No,No,No,Yes,Two Year,No,Bank Withdrawal,5,No,63
Female,22,No,Yes,No,0,Yes,4,Offer B,Yes,39.25,Yes,Yes,51,No,Yes,No,Yes,Yes,Yes,Yes,Yes,Month-to-Month,Yes,Credit Card,3,No,48
Female,44,No,No,Yes,1,No,0,None,Yes,25.52,No,No,0,No,No,No,No,No,No,No,No,One Year,Yes,Credit Card,4,No,35
Male,58,No,No,No,0,No,0,None,Yes,1.97,No,No,0,No,No,No,No,No,No,No,No,Month-to-Month,No,Credit Card,4,No,2
Female,63,No,No,No,0,No,0,Offer B,Yes,37.95,No,No,0,No,No,No,No,No,No,No,No,One Year,No,Bank Withdrawal,4,No,50
Female,43,No,No,No,0,No,0,None,Yes,49.45,No,Yes,19,No,No,No,No,No,No,No,No,Month-to-Month,Yes,Bank Withdrawal,4,No,33
Male,59,No,No,No,0,No,0,None,Yes,34.57,No,No,0,No,No,No,No,No,No,No,No,Two Year,No,Credit Card,3,No,31
Female,22,No,Yes,Yes,1,Yes,9,None,Yes,30.83,No,No,0,No,No,No,No,No,No,No,No,Two Year,No,Credit Card,3,No,9
Female,40,No,Yes,Yes,2,Yes,7,Offer B,Yes,4.33,Yes,Yes,12,No,Yes,Yes,Yes,Yes,Yes,Yes,Yes,Month-to-Month,Yes,Bank Withdrawal,3,No,54
Female,27,No,No,No,0,No,0,Offer B,Yes,30.6,No,Yes,59,Yes,Yes,Yes,No,Yes,No,No,Yes,One Year,Yes,Credit Card,3,No,46
Male,35,No,No,Yes,1,No,0,Offer C,Yes,4.28,Yes,Yes,16,Yes,Yes,No,No,Yes,Yes,Yes,Yes,One Year,Yes,Bank Withdrawal,4,No,34
Male,28,No,Yes,Yes,2,Yes,7,Offer A,Yes,39.09,Yes,Yes,69,Yes,No,No,No,Yes,Yes,Yes,Yes,Two Year,Yes,Bank Withdrawal,3,No,71
Female,62,No,Yes,Yes,2,Yes,6,Offer B,Yes,1.18,No,Yes,27,Yes,Yes,Yes,Yes,No,No,No,No,Two Year,No,Credit Card,3,No,63
Female,56,No,No,No,0,No,0,Offer B,Yes,44.35,Yes,No,0,No,No,No,No,No,No,No,No,Two Year,No,Bank Withdrawal,5,No,51
Female,35,No,Yes,No,0,Yes,7,Offer B,Yes,35.92,No,Yes,11,Yes,No,Yes,No,Yes,Yes,Yes,Yes,Two Year,Yes,Bank Withdrawal,4,No,64
Female,54,No,No,No,0,No,0,None,Yes,15.28,No,Yes,16,No,No,Yes,No,Yes,Yes,Yes,Yes,Month-to-Month,Yes,Credit Card,3,No,15
Female,40,No,No,No,0,No,0,None,Yes,38.32,Yes,Yes,20,No,No,No,No,No,No,No,Yes,Month-to-Month,Yes,Bank Withdrawal,3,No,18
Female,35,No,Yes,Yes,2,Yes,3,Offer B,Yes,42.18,No,Yes,22,No,Yes,No,No,Yes,Yes,Yes,Yes,One Year,Yes,Bank Withdrawal,5,No,57
Male,20,No,Yes,Yes,1,Yes,3,None,Yes,10.74,No,Yes,59,Yes,Yes,No,No,No,Yes,Yes,No,Two Year,Yes,Bank Withdrawal,4,No,14
Male,23,No,Yes,No,0,Yes,10,Offer A,Yes,21.68,Yes,Yes,30,Yes,Yes,Yes,Yes,Yes,Yes,Yes,Yes,Two Year,No,Credit Card,4,No,70
Female,33,No,No,No,0,No,0,Offer C,Yes,41.63,No,No,0,No,No,No,No,No,No,No,No,Two Year,No,Credit Card,5,No,38
Male,38,No,Yes,Yes,1,Yes,4,Offer A,Yes,36.51,No,Yes,24,Yes,Yes,Yes,Yes,No,No,No,Yes,Two Year,No,Credit Card,3,No,68
Female,27,No,No,No,0,No,0,Offer C,Yes,34.49,Yes,Yes,59,No,No,Yes,No,Yes,Yes,Yes,No,Month-to-Month,No,Bank Withdrawal,5,No,30
Male,39,No,Yes,No,0,Yes,10,Offer B,Yes,9.99,Yes,Yes,5,No,No,No,Yes,Yes,Yes,Yes,Yes,Two Year,Yes,Bank Withdrawal,3,No,51
Female,30,No,No,No,0,No,0,Offer C,Yes,24.21,Yes,Yes,48,Yes,No,Yes,No,No,No,No,Yes,Month-to-Month,Yes,Credit Card,3,No,31
Female,35,No,Yes,Yes,1,Yes,5,Offer A,Yes,32.59,Yes,Yes,14,Yes,Yes,Yes,Yes,No,Yes,Yes,Yes,Two Year,Yes,Bank Withdrawal,3,No,72
Female,62,No,No,No,0,No,0,Offer C,Yes,30.17,No,No,0,No,No,No,No,No,No,No,No,One Year,Yes,Bank Withdrawal,5,No,37
Male,19,No,No,No,0,No,0,Offer B,Yes,42.19,No,Yes,51,Yes,Yes,No,No,Yes,Yes,Yes,Yes,One Year,Yes,Credit Card,4,No,55
Male,55,No,No,Yes,3,No,0,Offer C,Yes,10.36,Yes,Yes,53,Yes,No,Yes,No,No,Yes,Yes,Yes,Month-to-Month,Yes,Bank Withdrawal,4,No,33
Female,23,No,Yes,Yes,3,Yes,2,Offer B,Yes,6.26,No,Yes,48,No,No,Yes,Yes,No,Yes,Yes,No,One Year,No,Bank Withdrawal,5,No,46
Female,63,No,No,Yes,3,No,0,None,Yes,33.21,No,Yes,75,Yes,No,No,Yes,No,No,No,Yes,Month-to-Month,No,Bank Withdrawal,3,No,1
Female,43,No,Yes,Yes,1,Yes,3,None,Yes,7.42,No,Yes,17,No,No,Yes,No,No,No,No,Yes,Month-to-Month,Yes,Bank Withdrawal,3,No,19
Female,62,No,No,Yes,1,No,0,Offer B,Yes,32.05,Yes,No,0,No,No,No,No,No,No,No,No,Two Year,Yes,Credit Card,4,No,61
Male,28,No,No,No,0,No,0,Offer C,Yes,29.07,No,Yes,42,No,No,No,No,No,No,No,Yes,Month-to-Month,No,Bank Withdrawal,3,No,26
Male,50,No,Yes,No,0,No,0,Offer B,Yes,29.81,Yes,Yes,27,No,Yes,Yes,No,Yes,Yes,Yes,Yes,Month-to-Month,Yes,Bank Withdrawal,5,No,45
Male,23,No,Yes,Yes,2,Yes,4,Offer B,Yes,37.75,Yes,Yes,73,No,No,Yes,No,Yes,No,No,Yes,Two Year,Yes,Credit Card,4,No,62
Female,37,No,No,No,0,No,0,None,Yes,34.89,No,Yes,13,No,No,No,No,No,No,No,No,Month-to-Month,No,Credit Card,5,No,3
Female,21,No,Yes,Yes,1,Yes,7,Offer B,Yes,14.73,Yes,Yes,82,Yes,Yes,Yes,No,No,Yes,Yes,Yes,One Year,Yes,Bank Withdrawal,3,No,41
Male,31,No,Yes,Yes,3,Yes,4,Offer A,Yes,13.26,No,Yes,76,No,Yes,Yes,Yes,Yes,Yes,Yes,Yes,Two Year,No,Bank Withdrawal,3,No,67
Female,53,No,Yes,No,0,Yes,6,Offer A,Yes,5.22,Yes,Yes,10,Yes,Yes,No,No,Yes,No,No,Yes,One Year,No,Credit Card,3,No,71
Female,32,No,Yes,Yes,2,Yes,3,Offer C,Yes,1.12,No,Yes,23,Yes,Yes,No,No,Yes,Yes,Yes,Yes,One Year,No,Bank Withdrawal,3,No,37
Male,45,No,Yes,No,0,Yes,5,None,Yes,22.22,No,Yes,16,Yes,Yes,No,Yes,No,No,No,Yes,Two Year,Yes,Credit Card,3,No,60
Female,50,No,No,No,0,No,0,Offer E,Yes,31.02,No,No,0,No,No,No,No,No,No,No,No,Month-to-Month,No,Credit Card,5,No,6
Female,42,No,Yes,Yes,3,Yes,8,None,Yes,44.84,No,Yes,57,Yes,No,No,No,No,No,No,No,Month-to-Month,No,Bank Withdrawal,3,No,11
Female,45,No,Yes,Yes,3,Yes,8,None,Yes,32.76,No,Yes,51,No,No,No,No,Yes,Yes,Yes,Yes,Month-to-Month,Yes,Bank Withdrawal,4,No,10
Male,44,No,Yes,No,0,Yes,6,Offer C,Yes,4.42,No,No,0,No,No,No,No,No,No,No,No,Two Year,No,Credit Card,3,No,34
Female,45,No,No,No,0,No,0,None,Yes,23.18,No,Yes,18,Yes,No,No,Yes,No,Yes,Yes,Yes,Two Year,Yes,Credit Card,3,No,62
Male,24,No,Yes,No,0,Yes,5,None,Yes,32.93,Yes,Yes,26,No,Yes,No,Yes,No,Yes,Yes,Yes,One Year,Yes,Credit Card,4,No,64
Male,29,No,No,No,0,No,0,Offer C,Yes,29.38,No,No,0,No,No,No,No,No,No,No,No,Two Year,Yes,Credit Card,3,No,25
Female,30,No,No,No,0,No,0,Offer C,Yes,35.75,No,Yes,71,No,Yes,Yes,No,No,No,No,Yes,One Year,Yes,Credit Card,4,No,26
Male,22,No,No,Yes,1,No,0,None,Yes,7.86,No,No,0,No,No,No,No,No,No,No,No,One Year,Yes,Bank Withdrawal,5,No,10
Female,52,No,No,No,0,No,0,None,Yes,29.39,Yes,Yes,12,Yes,Yes,Yes,No,Yes,No,No,Yes,One Year,No,Credit Card,3,No,53
Male,59,No,No,No,0,No,0,Offer C,Yes,17.63,No,Yes,19,No,Yes,Yes,No,No,No,No,Yes,Month-to-Month,Yes,Credit Card,3,No,33
Female,25,No,No,No,0,No,0,Offer C,Yes,16.38,Yes,Yes,82,No,No,No,No,No,No,No,Yes,Month-to-Month,Yes,Bank Withdrawal,5,No,29
Male,51,No,Yes,Yes,3,Yes,3,Offer C,Yes,45.68,Yes,Yes,26,Yes,No,No,Yes,Yes,Yes,Yes,Yes,Month-to-Month,No,Bank Withdrawal,3,No,24
Male,63,No,Yes,Yes,1,Yes,5,None,Yes,13.18,No,Yes,10,No,No,Yes,No,No,No,No,Yes,Month-to-Month,Yes,Bank Withdrawal,3,No,20
Female,44,No,No,No,0,No,0,Offer E,Yes,7.34,Yes,Yes,11,No,No,No,No,Yes,No,No,No,Month-to-Month,Yes,Bank Withdrawal,3,No,1
Female,45,No,Yes,Yes,3,Yes,10,Offer A,Yes,37.84,Yes,Yes,53,Yes,No,Yes,Yes,Yes,Yes,Yes,Yes,Two Year,Yes,Bank Withdrawal,3,No,72
Male,26,No,Yes,No,0,Yes,4,None,Yes,49.82,No,Yes,51,Yes,Yes,Yes,Yes,Yes,Yes,Yes,Yes,Two Year,Yes,Bank Withdrawal,3,No,52
Female,63,No,No,No,0,No,0,Offer E,Yes,29.87,No,Yes,5,No,No,No,No,No,No,No,Yes,Month-to-Month,No,Bank Withdrawal,3,No,9
Female,38,No,No,No,0,No,0,Offer E,Yes,49.33,No,Yes,21,No,No,No,No,No,No,No,Yes,Month-to-Month,Yes,Credit Card,3,No,1
Male,55,No,Yes,Yes,1,No,0,Offer A,Yes,8.46,Yes,Yes,21,No,No,No,Yes,Yes,Yes,Yes,Yes,Two Year,Yes,Bank Withdrawal,4,No,69
Male,37,No,No,No,0,No,0,Offer E,Yes,45.77,No,Yes,20,Yes,No,No,No,No,No,No,Yes,Month-to-Month,Yes,Credit Card,3,No,1
Male,60,No,No,No,0,No,0,None,Yes,18.54,Yes,Yes,26,Yes,No,Yes,Yes,Yes,Yes,Yes,No,Two Year,No,Bank Withdrawal,3,No,54
Male,51,No,No,Yes,3,No,0,Offer C,Yes,21.16,No,No,0,No,No,No,No,No,No,No,No,One Year,Yes,Credit Card,3,No,33
Female,49,No,No,Yes,1,No,0,None,No,0,No,Yes,19,No,No,No,No,No,No,No,Yes,Month-to-Month,No,Bank Withdrawal,3,No,11
Male,22,No,No,No,0,No,0,None,Yes,3.16,No,Yes,41,Yes,Yes,No,No,No,No,No,Yes,Month-to-Month,Yes,Bank Withdrawal,3,No,6
Male,28,No,No,No,0,No,0,None,Yes,16.16,No,Yes,42,Yes,No,Yes,No,Yes,No,No,Yes,Month-to-Month,No,Bank Withdrawal,3,No,21
Female,25,No,Yes,Yes,3,Yes,9,None,Yes,34.03,Yes,No,0,No,No,No,No,No,No,No,No,Two Year,Yes,Bank Withdrawal,4,No,65
Male,60,No,Yes,Yes,2,Yes,4,None,Yes,2.81,Yes,No,0,No,No,No,No,No,No,No,No,Two Year,No,Credit Card,4,No,43
Male,37,No,Yes,Yes,2,Yes,7,None,Yes,43.24,No,Yes,28,Yes,Yes,Yes,No,No,No,No,Yes,Two Year,No,Bank Withdrawal,3,No,60
Male,48,No,No,No,0,No,0,None,No,0,No,Yes,11,No,No,No,No,No,No,No,Yes,Month-to-Month,No,Credit Card,4,No,17
Male,24,No,Yes,Yes,1,Yes,4,Offer C,Yes,41.02,No,No,0,No,No,No,No,No,No,No,No,One Year,No,Bank Withdrawal,3,No,35
Female,48,No,Yes,Yes,1,Yes,4,None,No,0,No,Yes,22,No,No,No,Yes,No,No,No,Yes,One Year,No,Credit Card,4,No,12
Male,63,No,No,No,0,No,0,None,Yes,13.08,No,No,0,No,No,No,No,No,No,No,No,Month-to-Month,No,Credit Card,5,No,1
Female,57,No,No,No,0,No,0,Offer C,Yes,11.32,No,Yes,11,Yes,Yes,No,Yes,No,No,No,Yes,One Year,Yes,Bank Withdrawal,3,No,28
Male,61,No,Yes,No,0,Yes,7,Offer A,Yes,9.03,Yes,No,0,No,No,No,No,No,No,No,No,Two Year,No,Bank Withdrawal,4,No,70
Male,61,No,No,No,0,No,0,None,Yes,7.56,No,Yes,20,No,Yes,Yes,No,Yes,Yes,Yes,Yes,Month-to-Month,No,Credit Card,3,No,18
Male,46,No,Yes,No,0,Yes,1,Offer A,Yes,18.26,Yes,Yes,18,Yes,No,No,Yes,Yes,Yes,Yes,Yes,Two Year,Yes,Credit Card,3,No,70
Female,51,No,Yes,Yes,3,Yes,1,None,Yes,23.36,Yes,Yes,22,No,Yes,No,No,No,No,No,Yes,Month-to-Month,Yes,Credit Card,5,No,9
Female,63,No,No,No,0,No,0,None,Yes,16.42,No,Yes,21,Yes,No,No,No,No,No,No,Yes,Month-to-Month,Yes,Bank Withdrawal,3,No,1
Female,20,No,Yes,Yes,3,Yes,5,None,Yes,20,No,No,0,No,No,No,No,No,No,No,No,Two Year,No,Credit Card,5,No,18
Male,61,No,Yes,No,0,Yes,10,None,Yes,17.68,No,Yes,9,Yes,No,Yes,No,No,No,No,Yes,Month-to-Month,No,Credit Card,4,No,1
Female,19,No,No,No,0,No,0,None,Yes,44.85,Yes,Yes,48,Yes,No,Yes,No,No,No,No,Yes,One Year,Yes,Credit Card,4,No,55
Male,60,No,No,No,0,No,0,None,Yes,16.8,No,Yes,18,No,No,Yes,Yes,Yes,No,No,Yes,Month-to-Month,Yes,Bank Withdrawal,3,No,59
Female,19,No,Yes,No,0,Yes,8,None,Yes,41.22,No,Yes,73,No,No,No,No,No,No,No,Yes,Month-to-Month,Yes,Bank Withdrawal,3,No,7
Male,21,No,Yes,Yes,1,Yes,1,None,Yes,45.21,No,Yes,59,Yes,No,No,Yes,No,No,No,Yes,Two Year,No,Bank Withdrawal,3,No,45
Female,40,No,Yes,Yes,2,Yes,1,None,Yes,28.87,Yes,No,0,No,No,No,No,No,No,No,No,One Year,Yes,Bank Withdrawal,3,No,54
Male,40,No,Yes,Yes,3,Yes,1,None,Yes,42.55,Yes,No,0,No,No,No,No,No,No,No,No,One Year,Yes,Credit Card,5,No,51
Male,39,No,Yes,No,0,Yes,1,None,Yes,17.61,No,Yes,24,Yes,Yes,No,Yes,No,No,No,Yes,One Year,Yes,Bank Withdrawal,3,No,44
Male,19,No,No,No,0,No,0,None,Yes,40.28,No,No,0,No,No,No,No,No,No,No,No,Month-to-Month,No,Credit Card,5,No,2
Female,49,No,No,No,0,No,0,Offer A,Yes,19.68,Yes,Yes,28,No,No,Yes,No,Yes,No,No,Yes,One Year,Yes,Bank Withdrawal,4,No,66
Male,39,No,Yes,Yes,2,Yes,1,Offer A,No,0,No,Yes,19,Yes,Yes,No,No,Yes,No,No,Yes,One Year,No,Credit Card,3,No,68
Female,52,No,No,No,0,No,0,None,Yes,26.16,No,No,0,No,No,No,No,No,No,No,No,Two Year,No,Credit Card,5,No,31
Male,61,No,No,Yes,2,No,0,Offer D,Yes,13.39,Yes,Yes,24,Yes,No,No,No,No,No,No,Yes,Month-to-Month,No,Bank Withdrawal,3,No,21
Female,37,No,Yes,Yes,3,Yes,1,None,Yes,8.39,Yes,Yes,52,Yes,No,Yes,Yes,Yes,Yes,Yes,Yes,Two Year,Yes,Bank Withdrawal,3,No,55
Male,37,No,Yes,Yes,1,Yes,1,Offer D,Yes,37.4,No,No,0,No,No,No,No,No,No,No,No,One Year,No,Credit Card,3,No,22
Female,41,No,Yes,No,0,Yes,1,Offer A,Yes,3.2,Yes,Yes,23,No,Yes,Yes,Yes,Yes,Yes,Yes,Yes,Two Year,No,Bank Withdrawal,5,No,67
Male,50,No,No,No,0,No,0,None,No,0,No,Yes,23,Yes,Yes,No,Yes,No,No,No,Yes,Month-to-Month,No,Credit Card,4,No,4
Male,36,No,Yes,No,0,Yes,1,Offer A,Yes,28.54,Yes,No,0,No,No,No,No,No,No,No,No,Two Year,No,Bank Withdrawal,4,No,70
Male,46,No,No,No,0,No,0,Offer D,Yes,29.12,No,No,0,No,No,No,No,No,No,No,No,Month-to-Month,Yes,Credit Card,4,No,20
Male,50,No,Yes,Yes,2,Yes,1,Offer D,Yes,37.7,No,No,0,No,No,No,No,No,No,No,No,One Year,No,Bank Withdrawal,3,No,22
Female,25,No,No,No,0,No,0,None,Yes,16.57,No,No,0,No,No,No,No,No,No,No,No,Two Year,Yes,Credit Card,5,No,63
Female,38,No,Yes,Yes,2,Yes,1,Offer A,Yes,48.44,No,No,0,No,No,No,No,No,No,No,No,Two Year,No,Bank Withdrawal,4,No,70
Female,25,No,No,No,0,No,0,Offer E,Yes,48.86,No,Yes,59,No,No,No,No,Yes,No,No,Yes,Month-to-Month,No,Bank Withdrawal,3,No,5
Female,61,No,Yes,Yes,2,Yes,1,Offer A,Yes,28.86,Yes,Yes,20,Yes,Yes,Yes,Yes,Yes,Yes,Yes,Yes,Two Year,Yes,Credit Card,3,No,72
Female,27,No,No,No,0,No,0,Offer D,No,0,No,Yes,27,No,Yes,No,No,No,No,No,Yes,Month-to-Month,Yes,Bank Withdrawal,3,No,13
Male,63,No,Yes,No,0,Yes,1,None,Yes,17.73,No,Yes,2,No,Yes,Yes,Yes,No,Yes,Yes,Yes,Month-to-Month,No,Credit Card,3,No,61
Male,50,No,No,No,0,No,0,Offer E,Yes,1.47,No,No,0,No,No,No,No,No,No,No,No,Month-to-Month,No,Bank Withdrawal,5,No,1
Female,35,No,No,No,0,No,0,Offer E,Yes,32.54,No,No,0,No,No,No,No,No,No,No,No,Month-to-Month,No,Credit Card,4,No,4
Male,64,No,No,No,0,No,0,None,Yes,20.39,Yes,Yes,21,Yes,No,No,No,No,No,No,Yes,Two Year,No,Credit Card,3,No,35
Male,62,No,Yes,No,0,Yes,5,Offer A,Yes,22.01,Yes,Yes,5,No,Yes,Yes,No,Yes,Yes,Yes,Yes,Two Year,No,Bank Withdrawal,5,No,72
Female,46,No,Yes,No,0,Yes,10,Offer B,Yes,32.72,Yes,Yes,6,Yes,Yes,Yes,Yes,No,No,No,Yes,Month-to-Month,Yes,Credit Card,3,No,44
Female,40,No,Yes,Yes,1,Yes,2,None,Yes,41.03,Yes,Yes,15,No,Yes,Yes,No,No,Yes,Yes,Yes,Month-to-Month,Yes,Bank Withdrawal,3,No,37
Male,36,No,Yes,No,0,Yes,7,Offer B,Yes,27.88,Yes,Yes,5,No,Yes,Yes,No,Yes,Yes,Yes,No,One Year,Yes,Bank Withdrawal,5,No,61
Male,34,No,Yes,No,0,Yes,9,Offer A,Yes,8.28,Yes,Yes,5,Yes,No,Yes,Yes,No,Yes,Yes,Yes,Two Year,Yes,Credit Card,3,No,70
Female,52,No,No,No,0,No,0,Offer B,Yes,15.48,No,No,0,No,No,No,No,No,No,No,No,Month-to-Month,No,Bank Withdrawal,5,No,41
Male,25,No,Yes,Yes,1,Yes,2,Offer A,Yes,35.9,Yes,Yes,59,Yes,Yes,Yes,Yes,No,Yes,Yes,Yes,One Year,No,Bank Withdrawal,4,No,70
Male,34,No,No,No,0,No,0,Offer B,Yes,29.33,No,No,0,No,No,No,No,No,No,No,No,One Year,No,Bank Withdrawal,4,No,51
Female,63,No,Yes,Yes,1,Yes,3,Offer B,Yes,3.14,No,No,0,No,No,No,No,No,No,No,No,Two Year,No,Credit Card,3,No,42
Male,43,No,No,No,0,No,0,Offer B,Yes,11.02,No,No,0,No,No,No,No,No,No,No,No,One Year,No,Bank Withdrawal,5,No,48
Female,54,No,No,No,0,No,0,Offer B,Yes,30.82,Yes,No,0,No,No,No,No,No,No,No,No,Two Year,No,Credit Card,3,No,48
Female,36,No,No,No,0,No,0,None,Yes,20.18,No,No,0,No,No,No,No,No,No,No,No,One Year,No,Credit Card,5,No,27
Male,49,No,Yes,Yes,2,Yes,5,None,Yes,19.09,No,No,0,No,No,No,No,No,No,No,No,Month-to-Month,Yes,Credit Card,4,No,25
Male,56,No,No,No,0,No,0,Offer D,Yes,10.11,No,No,0,No,No,No,No,No,No,No,No,Two Year,No,Credit Card,5,No,13
Male,41,No,Yes,No,0,Yes,2,None,Yes,27.37,No,Yes,15,Yes,Yes,Yes,Yes,No,Yes,Yes,Yes,One Year,Yes,Credit Card,3,No,31
Female,30,No,Yes,Yes,2,Yes,1,Offer D,Yes,34.91,Yes,Yes,30,No,No,No,No,Yes,No,No,Yes,Month-to-Month,Yes,Bank Withdrawal,4,No,23
Female,58,No,No,No,0,No,0,None,Yes,6.65,No,No,0,No,No,No,No,No,No,No,No,Month-to-Month,No,Credit Card,5,No,2
Female,42,No,No,No,0,No,0,Offer B,Yes,33.71,Yes,No,0,No,No,No,No,No,No,No,No,Two Year,No,Bank Withdrawal,3,No,65
Female,31,No,Yes,Yes,1,No,0,Offer B,Yes,27.7,No,No,0,No,No,No,No,No,No,No,No,One Year,No,Credit Card,3,No,55
Female,36,No,Yes,Yes,1,Yes,6,None,No,0,No,Yes,30,No,No,No,Yes,Yes,No,No,Yes,One Year,No,Credit Card,3,No,35
Male,50,No,No,No,0,No,0,Offer E,Yes,22.95,No,Yes,10,Yes,No,Yes,Yes,Yes,Yes,Yes,Yes,Two Year,Yes,Credit Card,5,No,6
Male,26,No,No,No,0,No,0,Offer D,Yes,35.88,No,Yes,52,No,No,No,No,No,No,No,Yes,Month-to-Month,Yes,Bank Withdrawal,5,No,17
Male,50,No,Yes,Yes,2,Yes,5,Offer D,Yes,19.77,No,Yes,12,No,No,Yes,No,Yes,No,No,Yes,Month-to-Month,No,Credit Card,4,No,10
Male,62,No,No,Yes,2,No,0,Offer D,Yes,1.63,No,Yes,11,No,No,Yes,Yes,No,No,No,No,One Year,No,Credit Card,4,No,15
Female,51,No,Yes,Yes,1,Yes,5,Offer D,Yes,19.63,No,Yes,12,Yes,No,No,Yes,No,No,No,Yes,One Year,No,Bank Withdrawal,3,No,13
Female,48,No,No,No,0,No,0,Offer B,Yes,8.4,No,Yes,8,Yes,Yes,No,Yes,No,No,No,Yes,One Year,Yes,Credit Card,3,No,45
Female,52,No,Yes,Yes,1,Yes,8,Offer A,Yes,6.85,Yes,Yes,19,Yes,Yes,Yes,Yes,No,No,No,Yes,Two Year,Yes,Bank Withdrawal,3,No,72
Male,27,No,Yes,Yes,1,Yes,1,None,Yes,29.67,Yes,Yes,85,Yes,Yes,No,No,No,No,No,Yes,One Year,Yes,Bank Withdrawal,3,No,68
Female,30,No,Yes,Yes,3,Yes,5,None,Yes,46.27,No,Yes,30,Yes,Yes,No,No,No,No,No,Yes,Month-to-Month,No,Bank Withdrawal,3,No,38
Male,35,No,No,No,0,No,0,None,Yes,27.67,No,No,0,No,No,No,No,No,No,No,No,Month-to-Month,No,Credit Card,3,No,2
Male,43,No,No,No,0,No,0,Offer D,Yes,47.88,No,No,0,No,No,No,No,No,No,No,No,Month-to-Month,No,Credit Card,5,No,11
Male,58,No,Yes,No,0,Yes,4,None,Yes,40.49,Yes,Yes,15,No,Yes,Yes,No,Yes,Yes,Yes,Yes,Two Year,Yes,Bank Withdrawal,4,No,72
Male,26,No,No,No,0,No,0,Offer B,Yes,34.49,No,Yes,73,No,No,No,Yes,No,No,No,Yes,Month-to-Month,Yes,Bank Withdrawal,5,No,40
Female,28,No,No,Yes,2,No,0,Offer D,Yes,43.97,No,No,0,No,No,No,No,No,No,No,No,Month-to-Month,Yes,Bank Withdrawal,3,No,22
Female,19,No,No,No,0,No,0,Offer D,Yes,40.96,No,Yes,52,Yes,No,Yes,No,No,Yes,Yes,No,Month-to-Month,No,Bank Withdrawal,4,No,11
Male,46,No,Yes,No,0,Yes,1,Offer E,No,0,No,Yes,12,No,No,No,No,No,No,No,Yes,Month-to-Month,No,Credit Card,4,No,3
Male,58,No,No,No,0,No,0,Offer B,Yes,29.25,No,No,0,No,No,No,No,No,No,No,No,Two Year,No,Credit Card,4,No,58
Male,21,No,No,Yes,3,No,0,Offer E,Yes,38.28,Yes,No,0,No,No,No,No,No,No,No,No,Month-to-Month,No,Credit Card,3,No,6
Female,60,No,Yes,No,0,Yes,1,Offer D,Yes,39.83,No,Yes,16,No,Yes,Yes,No,No,No,No,Yes,Month-to-Month,Yes,Credit Card,3,No,22
Male,57,No,Yes,Yes,2,Yes,9,Offer B,Yes,45.35,Yes,Yes,30,No,No,Yes,No,No,Yes,Yes,Yes,One Year,No,Credit Card,4,No,64
Male,33,No,No,No,0,No,0,Offer E,Yes,32.34,No,No,0,No,No,No,No,No,No,No,No,Month-to-Month,No,Credit Card,5,No,6
Male,45,No,No,Yes,2,No,0,None,Yes,46.57,Yes,No,0,No,No,No,No,No,No,No,No,One Year,No,Bank Withdrawal,5,No,39
Female,38,No,No,No,0,No,0,None,Yes,38.74,No,No,0,No,No,No,No,No,No,No,No,One Year,No,Credit Card,3,No,20
Male,40,No,Yes,No,0,Yes,3,Offer B,Yes,37.46,Yes,Yes,2,Yes,No,No,No,Yes,No,No,Yes,One Year,Yes,Credit Card,3,No,64
Female,29,No,Yes,No,0,Yes,7,Offer B,Yes,31.88,No,Yes,53,No,Yes,No,No,Yes,Yes,Yes,Yes,Month-to-Month,Yes,Credit Card,5,No,46
Female,34,No,Yes,No,0,Yes,5,None,Yes,4.15,No,No,0,No,No,No,No,No,No,No,No,Month-to-Month,No,Credit Card,4,No,33
Male,60,No,Yes,Yes,2,Yes,5,None,Yes,13.8,No,Yes,13,Yes,Yes,Yes,No,No,No,No,No,One Year,No,Bank Withdrawal,3,No,39
Female,51,No,No,No,0,No,0,Offer E,Yes,7.99,No,Yes,11,No,Yes,No,No,No,No,No,Yes,Month-to-Month,Yes,Bank Withdrawal,5,No,1
Male,22,No,No,No,0,No,0,Offer B,Yes,20.43,Yes,No,0,No,No,No,No,No,No,No,No,Two Year,Yes,Bank Withdrawal,4,No,65
Male,47,No,No,No,0,No,0,Offer E,Yes,41.79,No,Yes,14,Yes,No,No,No,No,No,No,Yes,Month-to-Month,No,Bank Withdrawal,4,No,1
Male,42,No,Yes,No,0,Yes,1,None,Yes,34.17,Yes,Yes,16,No,No,No,No,Yes,Yes,Yes,Yes,Month-to-Month,Yes,Bank Withdrawal,4,No,18
Male,54,No,Yes,No,0,Yes,7,None,Yes,46.91,Yes,Yes,20,No,No,No,No,Yes,Yes,Yes,No,Month-to-Month,Yes,Bank Withdrawal,5,No,24
Male,20,No,No,No,0,No,0,Offer B,Yes,42.59,Yes,Yes,85,Yes,No,Yes,Yes,No,Yes,Yes,Yes,Two Year,Yes,Bank Withdrawal,4,No,63
Female,39,No,No,Yes,3,No,0,Offer B,Yes,5.07,Yes,Yes,26,No,Yes,No,No,Yes,Yes,Yes,Yes,One Year,Yes,Credit Card,3,No,44
Male,26,No,No,No,0,No,0,Offer E,Yes,6.88,No,No,0,No,No,No,No,No,No,No,No,Month-to-Month,Yes,Bank Withdrawal,5,No,4
Female,43,No,Yes,Yes,2,No,0,None,Yes,1.6,Yes,Yes,11,No,No,No,No,Yes,Yes,Yes,Yes,Month-to-Month,Yes,Bank Withdrawal,4,No,37
Male,59,No,No,No,0,No,0,None,No,0,No,Yes,28,No,No,No,No,No,No,No,Yes,Month-to-Month,Yes,Bank Withdrawal,4,No,34
Male,53,No,Yes,No,0,Yes,5,None,No,0,No,Yes,30,Yes,No,Yes,No,Yes,Yes,Yes,Yes,One Year,No,Credit Card,3,No,35
Female,35,No,Yes,No,0,Yes,5,None,Yes,45.84,No,No,0,No,No,No,No,No,No,No,No,Month-to-Month,No,Bank Withdrawal,3,No,4
Female,52,No,Yes,No,0,Yes,1,Offer B,Yes,40.37,Yes,No,0,No,No,No,No,No,No,No,No,Two Year,No,Bank Withdrawal,4,No,61
Female,47,No,Yes,No,0,Yes,9,Offer B,Yes,25.1,Yes,Yes,30,Yes,Yes,Yes,No,No,Yes,Yes,Yes,One Year,No,Bank Withdrawal,4,No,49
Male,49,No,No,No,0,No,0,None,Yes,23.04,No,No,0,No,No,No,No,No,No,No,No,One Year,No,Credit Card,3,No,4
Female,28,No,Yes,Yes,3,Yes,3,Offer B,No,0,No,Yes,59,No,Yes,Yes,Yes,No,Yes,Yes,Yes,Two Year,No,Bank Withdrawal,5,No,64
Male,43,No,No,No,0,No,0,None,Yes,28.97,No,Yes,16,No,No,No,No,No,No,No,No,Month-to-Month,Yes,Credit Card,4,No,3
Male,31,No,Yes,Yes,2,Yes,8,None,Yes,30.38,No,No,0,No,No,No,No,No,No,No,No,Month-to-Month,No,Bank Withdrawal,4,No,1
Male,46,No,Yes,No,0,Yes,5,Offer B,Yes,12.97,No,Yes,24,No,Yes,Yes,No,No,No,No,Yes,One Year,No,Bank Withdrawal,3,No,40
Female,33,No,Yes,No,0,Yes,9,None,No,0,No,Yes,14,No,No,No,No,No,Yes,Yes,Yes,Month-to-Month,No,Bank Withdrawal,3,No,1
Male,21,No,Yes,Yes,1,Yes,6,Offer B,Yes,17.23,No,No,0,No,No,No,No,No,No,No,No,Two Year,No,Bank Withdrawal,3,No,45
Male,19,No,No,No,0,No,0,Offer B,Yes,36.78,No,Yes,59,Yes,Yes,Yes,Yes,No,No,No,Yes,One Year,Yes,Credit Card,3,No,43
Male,24,No,Yes,Yes,1,Yes,5,None,Yes,16.02,No,No,0,No,No,No,No,No,No,No,No,Two Year,Yes,Credit Card,3,No,41
Male,58,No,No,No,0,No,0,None,Yes,32.81,No,Yes,16,No,Yes,No,No,No,No,No,Yes,Month-to-Month,Yes,Bank Withdrawal,3,No,5
Male,43,No,No,No,0,No,0,None,No,0,No,Yes,6,Yes,No,Yes,Yes,Yes,Yes,Yes,Yes,Two Year,Yes,Credit Card,3,No,72
Male,47,No,No,No,0,No,0,None,Yes,6.86,No,No,0,No,No,No,No,No,No,No,No,One Year,No,Credit Card,4,No,4
Male,43,No,Yes,Yes,2,Yes,2,None,Yes,44.46,No,Yes,24,No,Yes,No,Yes,No,No,No,Yes,Month-to-Month,No,Credit Card,4,No,9
Female,42,No,Yes,No,0,Yes,7,None,Yes,48.09,No,Yes,9,No,No,No,Yes,No,No,No,Yes,One Year,Yes,Credit Card,3,No,33
Female,59,No,Yes,No,0,Yes,4,None,Yes,6.23,Yes,Yes,27,Yes,No,No,No,No,No,No,No,Two Year,No,Bank Withdrawal,4,No,72
Male,41,No,No,No,0,No,0,None,Yes,27.3,No,Yes,18,No,No,Yes,No,Yes,No,No,Yes,Month-to-Month,No,Bank Withdrawal,3,No,15
Female,63,No,Yes,Yes,1,Yes,5,None,Yes,39.77,No,Yes,18,No,Yes,Yes,Yes,Yes,Yes,Yes,Yes,Month-to-Month,No,Bank Withdrawal,5,No,15
Female,34,No,Yes,No,0,Yes,8,None,Yes,7.84,Yes,Yes,16,No,No,No,No,Yes,No,No,Yes,Month-to-Month,Yes,Bank Withdrawal,5,No,19
Male,40,No,No,No,0,No,0,None,Yes,16.91,No,No,0,No,No,No,No,No,No,No,No,Month-to-Month,No,Credit Card,3,No,1
Female,26,No,No,No,0,No,0,Offer E,Yes,41.9,No,Yes,71,No,No,No,No,No,No,No,No,Month-to-Month,No,Bank Withdrawal,5,No,2
Female,58,No,No,No,0,No,0,None,Yes,41.78,No,No,0,No,No,No,No,No,No,No,No,One Year,No,Credit Card,5,No,12
Female,41,No,Yes,No,0,Yes,4,None,Yes,28.54,Yes,Yes,23,No,Yes,Yes,Yes,Yes,Yes,Yes,Yes,Two Year,Yes,Bank Withdrawal,4,No,70
Female,38,No,No,No,0,No,0,None,Yes,16.26,No,No,0,No,No,No,No,No,No,No,No,Month-to-Month,Yes,Bank Withdrawal,3,No,23
Male,22,No,No,Yes,1,No,0,Offer E,Yes,43.93,No,Yes,59,No,No,No,No,No,Yes,Yes,Yes,Month-to-Month,Yes,Bank Withdrawal,3,No,2
Female,43,No,Yes,Yes,3,Yes,5,None,Yes,46.3,No,No,0,No,No,No,No,No,No,No,No,Two Year,Yes,Credit Card,5,No,24
Female,44,No,No,No,0,No,0,None,Yes,14.21,Yes,Yes,28,No,Yes,Yes,No,Yes,Yes,Yes,Yes,One Year,Yes,Credit Card,4,No,32
Female,44,No,No,No,0,No,0,None,Yes,10.55,No,Yes,29,Yes,Yes,No,No,No,No,No,Yes,Two Year,No,Bank Withdrawal,3,No,27
Male,52,No,No,No,0,No,0,None,Yes,44.67,Yes,Yes,8,No,No,No,Yes,No,No,No,Yes,Month-to-Month,No,Bank Withdrawal,5,No,58
Female,22,No,Yes,Yes,3,Yes,9,None,Yes,43.69,Yes,No,0,No,No,No,No,No,No,No,No,Two Year,Yes,Credit Card,3,No,18
Female,47,No,Yes,Yes,3,Yes,5,None,Yes,3.95,No,No,0,No,No,No,No,No,No,No,No,Two Year,Yes,Bank Withdrawal,4,No,47
Female,26,No,Yes,Yes,3,Yes,4,None,Yes,5.51,Yes,Yes,85,No,Yes,Yes,Yes,Yes,Yes,Yes,No,Two Year,Yes,Bank Withdrawal,3,No,70
Female,32,No,Yes,Yes,2,Yes,3,None,Yes,19.73,No,Yes,19,Yes,No,No,No,No,No,No,Yes,Month-to-Month,No,Credit Card,3,No,36
Male,31,No,No,No,0,No,0,None,Yes,4.72,No,No,0,No,No,No,No,No,No,No,No,Two Year,Yes,Credit Card,3,No,67
Female,56,No,No,No,0,No,0,None,Yes,23.84,No,No,0,No,No,No,No,No,No,No,No,Month-to-Month,Yes,Credit Card,4,No,10
Female,43,No,Yes,Yes,2,Yes,2,None,Yes,16.84,No,No,0,No,No,No,No,No,No,No,No,Two Year,No,Bank Withdrawal,4,No,71
Male,45,No,Yes,Yes,2,Yes,7,None,Yes,2.75,Yes,Yes,19,Yes,Yes,Yes,Yes,Yes,Yes,Yes,Yes,Two Year,Yes,Credit Card,3,No,72
Female,19,No,Yes,Yes,3,Yes,2,None,Yes,9.77,No,No,0,No,No,No,No,No,No,No,No,Two Year,No,Credit Card,5,No,48
Male,56,No,No,No,0,No,0,None,Yes,13.51,No,No,0,No,No,No,No,No,No,No,No,Month-to-Month,No,Credit Card,5,No,1
Male,29,No,Yes,Yes,1,Yes,3,None,Yes,10.29,No,Yes,59,Yes,No,Yes,Yes,Yes,Yes,Yes,Yes,Month-to-Month,No,Bank Withdrawal,3,No,18
Male,52,No,Yes,Yes,1,Yes,3,None,No,0,No,Yes,11,Yes,No,Yes,Yes,No,No,No,Yes,Two Year,No,Credit Card,3,No,69
Female,56,No,Yes,Yes,1,Yes,7,None,Yes,34.84,Yes,No,0,No,No,No,No,No,No,No,No,Two Year,Yes,Credit Card,3,No,61
Male,26,No,Yes,No,0,Yes,10,None,Yes,15.41,Yes,Yes,46,Yes,No,No,Yes,Yes,No,No,Yes,One Year,Yes,Credit Card,5,No,32
Female,24,No,No,No,0,No,0,None,Yes,24.86,Yes,Yes,48,No,Yes,No,No,Yes,Yes,Yes,Yes,Month-to-Month,Yes,Credit Card,3,No,21
Female,50,No,No,No,0,No,0,None,Yes,8.85,No,No,0,No,No,No,No,No,No,No,No,Two Year,No,Credit Card,3,No,47
Male,63,No,Yes,Yes,2,Yes,5,None,Yes,11.6,Yes,No,0,No,No,No,No,No,No,No,No,Two Year,Yes,Bank Withdrawal,3,No,69
Male,56,No,No,No,0,No,0,Offer E,Yes,3.82,No,No,0,No,No,No,No,No,No,No,No,Month-to-Month,Yes,Credit Card,5,No,2
Female,35,No,Yes,Yes,1,No,0,Offer D,Yes,46.45,No,No,0,No,No,No,No,No,No,No,No,Month-to-Month,No,Bank Withdrawal,3,No,22
Female,62,No,No,No,0,No,0,None,Yes,18.81,No,No,0,No,No,No,No,No,No,No,No,Two Year,No,Credit Card,3,No,53
Male,42,No,No,No,0,No,0,Offer D,Yes,10.36,No,No,0,No,No,No,No,No,No,No,No,One Year,No,Credit Card,5,No,22
Female,29,No,Yes,Yes,3,Yes,5,None,No,0,No,Yes,52,Yes,Yes,No,Yes,No,No,No,No,Two Year,No,Credit Card,4,No,48
Female,33,No,No,No,0,No,0,Offer E,Yes,25.4,No,Yes,10,No,No,No,No,No,No,No,Yes,Month-to-Month,Yes,Bank Withdrawal,4,No,3
Female,55,No,Yes,No,0,Yes,5,Offer D,Yes,1.39,No,Yes,18,No,No,No,Yes,Yes,No,No,Yes,One Year,No,Bank Withdrawal,4,No,23
Female,46,No,Yes,No,0,Yes,7,None,Yes,10.23,No,Yes,14,No,No,No,Yes,Yes,No,No,Yes,Two Year,Yes,Credit Card,5,No,65
Male,30,No,Yes,No,0,Yes,7,None,Yes,23.75,No,Yes,53,No,No,No,No,Yes,Yes,Yes,Yes,One Year,Yes,Bank Withdrawal,5,No,44
Female,22,No,Yes,Yes,1,Yes,2,None,Yes,1.84,Yes,Yes,69,Yes,Yes,Yes,No,Yes,Yes,Yes,No,Two Year,Yes,Bank Withdrawal,3,No,71
Female,64,No,Yes,No,0,Yes,1,None,Yes,30.36,Yes,Yes,11,Yes,No,Yes,Yes,No,No,No,Yes,One Year,No,Credit Card,4,No,37
Female,53,No,No,No,0,No,0,Offer D,Yes,23.2,No,No,0,No,No,No,No,No,No,No,No,Month-to-Month,No,Credit Card,4,No,12
Male,20,No,Yes,Yes,2,Yes,1,Offer A,Yes,49.16,Yes,Yes,48,No,Yes,Yes,Yes,Yes,Yes,Yes,Yes,Two Year,Yes,Bank Withdrawal,5,No,69
Female,57,No,No,No,0,No,0,None,Yes,44.81,No,Yes,20,Yes,Yes,Yes,No,No,No,No,Yes,Month-to-Month,No,Bank Withdrawal,4,No,35
Male,22,No,No,No,0,No,0,None,Yes,8.6,No,Yes,59,No,Yes,No,Yes,No,Yes,Yes,Yes,Month-to-Month,Yes,Bank Withdrawal,4,No,5
Male,40,No,Yes,Yes,2,Yes,1,None,Yes,29.93,Yes,Yes,24,No,No,No,No,Yes,No,No,Yes,Two Year,No,Bank Withdrawal,3,No,58
Male,56,No,Yes,No,0,Yes,1,Offer A,Yes,29.29,Yes,Yes,30,Yes,Yes,Yes,Yes,No,Yes,Yes,No,Two Year,Yes,Bank Withdrawal,3,No,72
Male,56,No,Yes,No,0,Yes,1,Offer A,Yes,17.31,Yes,Yes,17,Yes,Yes,Yes,Yes,No,No,No,Yes,Two Year,No,Credit Card,3,No,72
Female,48,No,No,No,0,No,0,None,Yes,4.09,No,No,0,No,No,No,No,No,No,No,No,Month-to-Month,No,Credit Card,5,No,1
Male,38,No,Yes,Yes,3,Yes,1,None,Yes,20.44,No,No,0,No,No,No,No,No,No,No,No,One Year,No,Credit Card,4,No,53
Female,31,No,No,No,0,No,0,Offer C,Yes,39.62,No,Yes,2,No,No,Yes,Yes,No,Yes,Yes,Yes,Month-to-Month,Yes,Bank Withdrawal,3,No,27
Female,25,No,Yes,No,0,Yes,1,Offer D,Yes,43.29,No,Yes,41,Yes,No,No,No,No,No,No,Yes,Month-to-Month,No,Bank Withdrawal,3,No,18
Male,54,No,Yes,Yes,1,Yes,1,None,Yes,45.92,No,No,0,No,No,No,No,No,No,No,No,Two Year,Yes,Credit Card,3,No,46
Female,38,No,Yes,No,0,Yes,1,Offer A,Yes,5.25,Yes,Yes,28,Yes,No,Yes,Yes,Yes,Yes,Yes,Yes,Two Year,Yes,Credit Card,3,No,72
Female,55,No,Yes,No,0,Yes,1,None,No,0,No,Yes,29,No,No,No,No,No,No,No,Yes,Month-to-Month,Yes,Bank Withdrawal,4,No,4
Female,42,No,No,No,0,No,0,Offer C,Yes,13.93,No,No,0,No,No,No,No,No,No,No,No,Two Year,No,Credit Card,3,No,25
Female,27,No,Yes,Yes,3,No,0,None,No,0,No,Yes,52,No,Yes,No,No,Yes,Yes,Yes,Yes,Month-to-Month,Yes,Bank Withdrawal,3,No,40
Male,47,No,Yes,No,0,Yes,1,None,Yes,17.75,Yes,Yes,15,No,Yes,Yes,No,Yes,Yes,Yes,Yes,Month-to-Month,Yes,Bank Withdrawal,4,No,63
Male,54,No,No,No,0,No,0,Offer D,Yes,18.48,Yes,Yes,21,No,Yes,No,No,No,No,No,Yes,Month-to-Month,Yes,Credit Card,4,No,14
Male,55,No,No,No,0,No,0,Offer C,Yes,17.17,Yes,Yes,30,Yes,Yes,No,No,Yes,Yes,Yes,Yes,Month-to-Month,Yes,Bank Withdrawal,4,No,39
Female,37,No,Yes,Yes,2,Yes,1,None,No,0,No,Yes,25,Yes,Yes,Yes,No,Yes,Yes,Yes,Yes,Two Year,Yes,Credit Card,3,No,47
Male,42,No,Yes,No,0,Yes,1,Offer D,Yes,34.05,Yes,Yes,20,Yes,Yes,No,Yes,No,No,No,Yes,Month-to-Month,Yes,Credit Card,3,No,19
Female,62,No,No,No,0,No,0,Offer D,Yes,44.96,Yes,Yes,29,No,No,Yes,No,No,No,No,Yes,Month-to-Month,No,Bank Withdrawal,5,No,17
Female,40,No,No,No,0,No,0,None,Yes,8.71,No,Yes,23,No,Yes,No,No,No,No,No,Yes,Month-to-Month,Yes,Bank Withdrawal,5,No,42
Female,25,No,Yes,Yes,2,Yes,1,Offer A,Yes,29.41,Yes,No,0,No,No,No,No,No,No,No,No,Two Year,No,Credit Card,5,No,71
Male,45,No,No,No,0,No,0,None,Yes,19.69,No,No,0,No,No,No,No,No,No,No,No,Two Year,No,Credit Card,5,No,57
Male,29,No,Yes,No,0,Yes,8,Offer A,Yes,10.68,Yes,Yes,59,No,Yes,Yes,Yes,Yes,Yes,Yes,Yes,Two Year,Yes,Bank Withdrawal,4,No,72
Female,28,No,No,No,0,No,0,None,Yes,40.64,No,Yes,51,No,Yes,No,No,No,Yes,Yes,Yes,Month-to-Month,Yes,Credit Card,5,No,6
Male,29,No,Yes,No,0,Yes,1,None,Yes,23.31,Yes,Yes,51,No,Yes,Yes,No,Yes,Yes,Yes,Yes,Two Year,No,Bank Withdrawal,3,No,61
Male,49,No,Yes,Yes,2,Yes,10,None,Yes,12.57,Yes,Yes,18,Yes,Yes,Yes,Yes,Yes,Yes,Yes,Yes,Two Year,No,Credit Card,3,No,48
Male,36,No,No,No,0,No,0,Offer D,Yes,33.44,No,No,0,No,No,No,No,No,No,No,No,Month-to-Month,Yes,Credit Card,3,No,16
Female,62,No,No,No,0,No,0,None,Yes,15.59,No,Yes,27,No,No,No,No,No,No,No,Yes,Month-to-Month,No,Bank Withdrawal,4,No,3
Male,47,No,No,No,0,No,0,Offer B,Yes,27.75,Yes,Yes,30,No,Yes,Yes,No,Yes,Yes,Yes,Yes,Two Year,No,Credit Card,3,No,65
Female,45,No,Yes,Yes,3,Yes,3,Offer A,Yes,11.36,Yes,Yes,53,Yes,Yes,Yes,Yes,Yes,Yes,Yes,Yes,Two Year,Yes,Credit Card,4,No,70
Male,39,No,Yes,No,0,Yes,6,Offer B,Yes,15.24,No,Yes,16,Yes,No,No,No,Yes,No,No,Yes,One Year,Yes,Credit Card,3,No,60
Female,23,No,Yes,No,0,Yes,7,Offer A,Yes,22.08,Yes,No,0,No,No,No,No,No,No,No,No,One Year,Yes,Bank Withdrawal,4,No,69
Female,43,No,No,No,0,No,0,Offer D,Yes,33.92,No,No,0,No,No,No,No,No,No,No,No,Month-to-Month,Yes,Credit Card,5,No,22
Male,25,No,Yes,Yes,1,Yes,8,Offer A,Yes,35.01,Yes,Yes,59,No,Yes,Yes,No,Yes,Yes,Yes,Yes,Two Year,No,Bank Withdrawal,5,No,66
Male,61,No,Yes,Yes,3,Yes,10,Offer C,Yes,20.05,Yes,Yes,57,No,No,Yes,No,No,Yes,Yes,Yes,Month-to-Month,Yes,Credit Card,4,No,34
Female,36,No,Yes,Yes,1,Yes,4,Offer A,Yes,20.56,Yes,No,0,No,No,No,No,No,No,No,No,Two Year,No,Bank Withdrawal,3,No,72
Male,64,No,Yes,Yes,2,Yes,7,Offer C,No,0,No,Yes,25,Yes,No,Yes,Yes,Yes,Yes,Yes,Yes,One Year,No,Bank Withdrawal,3,No,31
Male,61,No,No,Yes,2,No,0,Offer C,Yes,4.27,Yes,No,0,No,No,No,No,No,No,No,No,One Year,No,Bank Withdrawal,3,No,30
Female,35,No,Yes,No,0,Yes,3,Offer B,Yes,40.71,Yes,Yes,23,Yes,No,Yes,No,Yes,Yes,Yes,No,Month-to-Month,Yes,Bank Withdrawal,3,No,65
Female,49,No,Yes,Yes,1,Yes,8,Offer C,Yes,11.6,No,No,0,No,No,No,No,No,No,No,No,Two Year,No,Credit Card,4,No,30
Male,33,No,No,No,0,No,0,None,Yes,10.54,No,No,0,No,No,No,No,No,No,No,No,One Year,No,Credit Card,5,No,6
Female,53,No,No,No,0,No,0,None,No,0,No,Yes,21,No,Yes,No,No,Yes,Yes,Yes,Yes,Month-to-Month,No,Bank Withdrawal,5,No,2
Male,61,No,Yes,Yes,3,No,0,Offer B,Yes,27.56,Yes,Yes,26,Yes,No,No,Yes,No,Yes,Yes,Yes,Month-to-Month,No,Bank Withdrawal,4,No,53
Female,34,No,Yes,Yes,2,Yes,2,Offer B,Yes,42.85,No,Yes,11,Yes,No,No,No,No,No,No,Yes,One Year,Yes,Bank Withdrawal,3,No,61
Female,34,No,No,No,0,No,0,Offer D,Yes,38.4,Yes,Yes,23,Yes,No,Yes,No,Yes,Yes,Yes,No,Month-to-Month,Yes,Bank Withdrawal,4,No,13
Female,61,No,Yes,No,0,Yes,9,None,Yes,7.49,No,Yes,14,No,No,No,No,No,No,No,Yes,Month-to-Month,Yes,Credit Card,3,No,2
Female,50,No,No,No,0,No,0,None,Yes,14.35,Yes,Yes,17,No,No,No,No,No,No,No,Yes,Month-to-Month,No,Bank Withdrawal,4,No,3
Female,42,No,No,No,0,No,0,Offer B,Yes,32.29,Yes,Yes,26,No,No,No,No,Yes,Yes,Yes,Yes,One Year,Yes,Bank Withdrawal,3,No,62
Male,26,No,Yes,Yes,2,Yes,1,Offer A,Yes,45.93,Yes,Yes,30,Yes,Yes,Yes,Yes,No,Yes,Yes,Yes,Two Year,No,Credit Card,3,No,72
Male,56,No,Yes,No,0,Yes,2,Offer B,Yes,38.36,No,No,0,No,No,No,No,No,No,No,No,Two Year,Yes,Bank Withdrawal,3,No,63
Male,19,No,Yes,No,0,Yes,4,Offer B,Yes,30.51,Yes,Yes,41,Yes,Yes,No,No,No,Yes,Yes,Yes,One Year,No,Bank Withdrawal,4,No,62
Female,34,No,No,No,0,No,0,Offer D,Yes,26.54,Yes,Yes,18,No,No,No,No,No,No,No,Yes,Month-to-Month,Yes,Credit Card,4,No,15
Female,38,No,No,No,0,No,0,Offer B,Yes,3.62,No,Yes,17,Yes,No,No,No,No,No,No,Yes,Month-to-Month,Yes,Credit Card,3,No,55
Female,59,No,No,No,0,No,0,Offer D,Yes,29.16,No,Yes,3,No,No,No,No,No,No,No,Yes,Month-to-Month,Yes,Credit Card,3,No,11
Female,24,No,No,No,0,No,0,Offer B,Yes,25.91,No,No,0,No,No,No,No,No,No,No,No,One Year,No,Bank Withdrawal,4,No,61
Female,38,No,Yes,No,0,Yes,7,Offer A,Yes,19.9,Yes,Yes,27,Yes,Yes,Yes,Yes,Yes,Yes,Yes,Yes,Two Year,No,Credit Card,3,No,71
Male,33,No,No,No,0,No,0,Offer C,Yes,4.24,No,No,0,No,No,No,No,No,No,No,No,Two Year,No,Credit Card,4,No,35
Female,53,No,No,No,0,No,0,Offer D,Yes,41.78,No,Yes,16,No,No,No,No,No,No,No,Yes,Month-to-Month,No,Bank Withdrawal,3,No,17
Female,21,No,Yes,No,0,Yes,1,Offer B,Yes,45.9,No,No,0,No,No,No,No,No,No,No,No,Two Year,No,Bank Withdrawal,5,No,47
Female,35,No,Yes,No,0,Yes,9,None,Yes,11.77,No,No,0,No,No,No,No,No,No,No,No,Month-to-Month,No,Credit Card,3,No,3
Male,46,No,No,No,0,No,0,None,Yes,35.59,No,No,0,No,No,No,No,No,No,No,No,Month-to-Month,Yes,Credit Card,5,No,3
Female,51,No,No,No,0,No,0,None,Yes,26.15,No,Yes,26,No,No,No,No,No,No,No,Yes,Month-to-Month,Yes,Credit Card,4,No,1
Female,40,No,Yes,Yes,2,Yes,4,Offer B,Yes,24.71,Yes,Yes,27,No,Yes,Yes,No,No,Yes,Yes,No,One Year,No,Bank Withdrawal,5,No,44
Female,44,No,No,No,0,No,0,Offer D,Yes,15.01,No,Yes,22,Yes,No,No,No,No,No,No,Yes,Month-to-Month,Yes,Bank Withdrawal,4,No,18
Female,25,No,Yes,No,0,Yes,1,Offer B,Yes,1.29,No,Yes,51,Yes,Yes,Yes,No,No,Yes,Yes,Yes,Two Year,No,Bank Withdrawal,4,No,65
Male,40,No,No,No,0,No,0,None,Yes,12.05,No,No,0,No,No,No,No,No,No,No,No,One Year,No,Credit Card,5,No,3
Male,19,No,Yes,No,0,Yes,3,Offer C,Yes,15.89,No,Yes,52,Yes,Yes,No,Yes,No,No,No,Yes,Two Year,Yes,Credit Card,3,No,33
Female,40,No,No,No,0,No,0,Offer C,Yes,5.32,No,Yes,23,Yes,No,Yes,Yes,Yes,Yes,Yes,Yes,One Year,Yes,Bank Withdrawal,4,No,34
Female,40,No,Yes,Yes,1,Yes,8,Offer D,Yes,15.33,No,No,0,No,No,No,No,No,No,No,No,Two Year,Yes,Credit Card,4,No,14
Female,27,No,No,No,0,No,0,Offer D,Yes,22.01,No,No,0,No,No,No,No,No,No,No,No,Month-to-Month,Yes,Credit Card,4,No,13
Male,22,No,Yes,Yes,3,Yes,1,None,Yes,48.02,Yes,No,0,No,No,No,No,No,No,No,No,One Year,No,Credit Card,5,No,23
Female,33,No,Yes,Yes,3,Yes,10,Offer B,Yes,41.54,No,No,0,No,No,No,No,No,No,No,No,Two Year,No,Credit Card,3,No,47
Male,35,No,No,Yes,3,No,0,None,Yes,45.61,No,Yes,53,Yes,No,No,No,No,No,No,Yes,Month-to-Month,Yes,Credit Card,3,No,17
Female,42,No,No,No,0,No,0,Offer A,Yes,18.47,Yes,Yes,28,Yes,No,Yes,Yes,Yes,Yes,Yes,Yes,Two Year,Yes,Credit Card,3,No,69
Male,38,No,No,No,0,No,0,None,Yes,49.04,No,Yes,23,Yes,No,No,No,No,No,No,Yes,Month-to-Month,Yes,Credit Card,4,No,10
Male,56,No,Yes,Yes,1,No,0,None,Yes,26.17,Yes,No,0,No,No,No,No,No,No,No,No,Two Year,Yes,Bank Withdrawal,3,No,12
Female,32,No,Yes,Yes,2,Yes,4,Offer C,Yes,48.14,No,Yes,23,No,No,Yes,No,Yes,No,No,Yes,Month-to-Month,Yes,Credit Card,3,No,39
Male,39,No,Yes,Yes,1,Yes,9,Offer A,Yes,18.99,Yes,No,0,No,No,No,No,No,No,No,No,Two Year,No,Credit Card,4,No,71
Female,22,No,Yes,Yes,1,Yes,3,Offer C,Yes,1.71,Yes,No,0,No,No,No,No,No,No,No,No,One Year,No,Credit Card,4,No,33
Female,19,No,Yes,No,0,Yes,4,None,Yes,12.59,No,Yes,76,No,Yes,No,No,No,No,No,Yes,Month-to-Month,No,Credit Card,4,No,9
Male,61,No,Yes,No,0,Yes,3,Offer B,Yes,18.02,Yes,Yes,3,Yes,No,Yes,Yes,No,No,No,No,Two Year,Yes,Credit Card,3,No,52
Female,25,No,No,No,0,No,0,Offer A,Yes,8.39,Yes,Yes,59,No,Yes,No,No,Yes,Yes,Yes,Yes,One Year,No,Bank Withdrawal,5,No,70
Male,60,No,No,No,0,No,0,None,Yes,15.2,No,Yes,2,No,Yes,No,No,No,Yes,Yes,Yes,Month-to-Month,Yes,Bank Withdrawal,4,No,1
Male,54,No,No,No,0,No,0,Offer E,Yes,42.95,No,Yes,9,No,No,No,No,No,No,No,Yes,Month-to-Month,Yes,Credit Card,5,No,1
Female,43,No,No,No,0,No,0,Offer B,Yes,42.9,Yes,Yes,14,No,Yes,No,No,No,No,No,Yes,One Year,Yes,Credit Card,4,No,52
Male,29,No,No,No,0,No,0,Offer E,Yes,45.67,No,Yes,71,No,No,Yes,No,Yes,No,No,Yes,Month-to-Month,No,Credit Card,5,No,6
Male,47,No,Yes,No,0,Yes,3,Offer E,No,0,No,Yes,17,Yes,Yes,No,No,No,No,No,Yes,Month-to-Month,No,Credit Card,4,No,7
Female,19,No,No,No,0,No,0,Offer C,Yes,45.09,No,Yes,41,Yes,No,Yes,Yes,No,No,No,No,One Year,Yes,Credit Card,3,No,26
Male,34,No,Yes,Yes,1,Yes,6,Offer C,Yes,37.97,No,Yes,22,Yes,No,No,Yes,No,No,No,Yes,Month-to-Month,No,Bank Withdrawal,4,No,25
Male,19,No,No,No,0,No,0,Offer A,Yes,42.49,No,No,0,No,No,No,No,No,No,No,No,Two Year,Yes,Credit Card,3,No,69
Female,30,No,No,No,0,No,0,Offer A,Yes,35.24,Yes,Yes,42,Yes,Yes,Yes,Yes,Yes,Yes,Yes,Yes,Two Year,Yes,Credit Card,4,No,72
Male,55,No,No,No,0,No,0,None,Yes,34.86,No,No,0,No,No,No,No,No,No,No,No,Month-to-Month,Yes,Credit Card,5,No,4
Male,35,No,Yes,Yes,2,Yes,10,Offer B,Yes,18.75,No,No,0,No,No,No,No,No,No,No,No,Two Year,No,Credit Card,3,No,59
Male,29,No,No,No,0,No,0,Offer A,Yes,49.74,No,Yes,41,Yes,No,Yes,No,No,Yes,Yes,No,Two Year,No,Bank Withdrawal,4,No,67
Female,20,No,No,No,0,No,0,Offer C,Yes,48.91,No,Yes,59,No,Yes,Yes,Yes,Yes,Yes,Yes,Yes,One Year,No,Credit Card,3,No,27
Male,41,No,Yes,Yes,2,Yes,5,Offer A,Yes,36.05,Yes,Yes,14,Yes,No,Yes,No,Yes,Yes,Yes,Yes,Two Year,No,Bank Withdrawal,3,No,72
Female,60,No,No,No,0,No,0,Offer E,Yes,35.88,No,Yes,10,No,No,Yes,Yes,No,Yes,Yes,Yes,Month-to-Month,Yes,Bank Withdrawal,3,No,6
Male,55,No,Yes,Yes,2,Yes,9,Offer B,Yes,11.15,No,No,0,No,No,No,No,No,No,No,No,Two Year,No,Credit Card,5,No,62
Male,23,No,No,No,0,No,0,None,Yes,32.5,Yes,Yes,52,No,Yes,No,Yes,Yes,No,No,Yes,One Year,Yes,Bank Withdrawal,3,No,20
Male,44,No,No,No,0,No,0,Offer E,Yes,46.59,No,Yes,7,Yes,No,Yes,Yes,Yes,Yes,Yes,No,Month-to-Month,No,Credit Card,3,No,6
Male,63,No,No,No,0,No,0,Offer B,Yes,18.07,Yes,No,0,No,No,No,No,No,No,No,No,Two Year,No,Credit Card,3,No,51
Female,44,No,Yes,Yes,2,Yes,6,Offer B,Yes,25.4,No,No,0,No,No,No,No,No,No,No,No,Two Year,No,Credit Card,3,No,61
Female,45,No,No,No,0,No,0,Offer A,Yes,8.48,Yes,Yes,22,Yes,No,No,Yes,No,No,No,Yes,Two Year,Yes,Bank Withdrawal,3,No,72
Female,26,No,Yes,Yes,3,Yes,7,Offer C,Yes,49.9,No,No,0,No,No,No,No,No,No,No,No,Two Year,Yes,Credit Card,4,No,38
Male,53,No,No,No,0,No,0,None,No,0,No,Yes,30,Yes,No,Yes,No,No,No,No,Yes,Month-to-Month,No,Credit Card,4,No,18
Male,60,No,Yes,Yes,1,Yes,4,None,Yes,11.48,No,Yes,10,No,Yes,Yes,Yes,No,No,No,Yes,One Year,Yes,Credit Card,4,No,56
Female,41,No,No,No,0,No,0,Offer C,No,0,No,Yes,2,No,Yes,No,Yes,No,No,No,Yes,Month-to-Month,Yes,Bank Withdrawal,4,No,36
Male,45,No,Yes,No,0,Yes,3,Offer A,Yes,1.07,No,Yes,21,Yes,Yes,No,Yes,No,No,No,Yes,Two Year,No,Bank Withdrawal,3,No,70
Female,53,No,No,No,0,No,0,None,No,0,No,Yes,13,No,Yes,No,Yes,No,Yes,Yes,Yes,Month-to-Month,No,Bank Withdrawal,3,No,68
Male,47,No,No,Yes,3,No,0,None,No,0,No,Yes,21,No,No,No,No,No,No,No,No,Month-to-Month,Yes,Bank Withdrawal,4,No,1
Female,26,No,No,No,0,No,0,None,Yes,45.06,Yes,Yes,82,No,No,No,Yes,Yes,Yes,Yes,Yes,Month-to-Month,No,Credit Card,5,No,37
Female,20,No,No,Yes,3,No,0,Offer E,Yes,38.97,Yes,No,0,No,No,No,No,No,No,No,No,Month-to-Month,Yes,Credit Card,5,No,4
Male,56,No,No,No,0,No,0,Offer E,Yes,38.05,No,Yes,14,Yes,No,No,No,No,No,No,Yes,Month-to-Month,Yes,Credit Card,3,No,1
Male,45,No,No,No,0,No,0,None,No,0,No,Yes,20,Yes,Yes,Yes,Yes,Yes,No,No,Yes,Month-to-Month,Yes,Credit Card,3,No,20
Male,52,No,Yes,Yes,1,Yes,7,None,Yes,15.96,No,Yes,26,Yes,Yes,No,Yes,Yes,No,No,Yes,Two Year,No,Bank Withdrawal,3,No,72
Male,38,No,Yes,No,0,Yes,6,None,Yes,44.2,No,Yes,15,No,No,No,No,Yes,No,No,Yes,Month-to-Month,Yes,Bank Withdrawal,3,No,11
Female,35,No,Yes,Yes,1,No,0,None,Yes,12.51,No,No,0,No,No,No,No,No,No,No,No,Two Year,No,Credit Card,4,No,33
Female,60,No,No,No,0,No,0,Offer E,No,0,No,Yes,7,No,No,Yes,Yes,No,No,No,Yes,Month-to-Month,No,Credit Card,5,No,1
Male,59,No,Yes,No,0,Yes,8,None,Yes,46,No,Yes,30,Yes,Yes,No,No,No,No,No,Yes,Month-to-Month,No,Bank Withdrawal,3,No,16
Male,64,No,Yes,Yes,2,Yes,6,None,Yes,36.15,Yes,Yes,11,No,No,Yes,Yes,Yes,Yes,Yes,Yes,One Year,Yes,Credit Card,3,No,22
Female,35,No,Yes,Yes,1,Yes,6,None,Yes,35.29,No,Yes,28,Yes,No,Yes,Yes,No,No,No,Yes,Month-to-Month,No,Bank Withdrawal,3,No,49
Male,36,No,Yes,Yes,2,Yes,8,None,Yes,47.45,No,Yes,14,Yes,No,Yes,No,No,Yes,Yes,Yes,One Year,Yes,Credit Card,3,No,36
Female,56,No,No,No,0,No,0,None,Yes,40.92,No,Yes,20,Yes,No,Yes,Yes,No,No,No,No,Month-to-Month,No,Bank Withdrawal,4,No,31
Male,33,No,Yes,No,0,Yes,8,Offer E,Yes,15.74,Yes,Yes,28,Yes,No,No,No,No,Yes,Yes,Yes,Month-to-Month,Yes,Bank Withdrawal,3,No,5
Male,61,No,Yes,Yes,1,Yes,4,None,Yes,7.83,No,No,0,No,No,No,No,No,No,No,No,Two Year,No,Credit Card,3,No,66
Male,37,No,No,No,0,No,0,None,Yes,45.82,Yes,Yes,14,No,Yes,Yes,No,Yes,Yes,Yes,Yes,Two Year,Yes,Bank Withdrawal,4,No,64
Male,55,No,Yes,Yes,3,Yes,7,None,Yes,13.83,No,No,0,No,No,No,No,No,No,No,No,Month-to-Month,Yes,Credit Card,4,No,10
Male,40,No,No,No,0,No,0,None,No,0,No,Yes,27,No,Yes,No,Yes,No,No,No,Yes,Month-to-Month,No,Bank Withdrawal,5,No,29
Male,60,No,No,No,0,No,0,None,Yes,1.69,No,No,0,No,No,No,No,No,No,No,No,Two Year,No,Bank Withdrawal,5,No,57
Female,37,No,No,No,0,No,0,None,Yes,43.27,Yes,Yes,21,Yes,Yes,No,No,No,No,No,No,Month-to-Month,No,Credit Card,4,No,46
Male,62,No,No,No,0,No,0,None,Yes,23.17,No,No,0,No,No,No,No,No,No,No,No,Two Year,No,Bank Withdrawal,3,No,53
Female,45,No,No,No,0,No,0,None,Yes,12.69,No,Yes,22,Yes,Yes,No,Yes,Yes,Yes,Yes,Yes,One Year,No,Credit Card,3,No,17
Female,54,No,Yes,Yes,1,Yes,9,None,Yes,26.84,No,No,0,No,No,No,No,No,No,No,No,Two Year,Yes,Credit Card,4,No,38
Male,49,No,No,No,0,No,0,None,Yes,5.54,No,No,0,No,No,No,No,No,No,No,No,One Year,No,Credit Card,4,No,15
Female,51,No,No,No,0,No,0,None,No,0,No,Yes,22,No,Yes,No,No,Yes,Yes,Yes,Yes,Month-to-Month,Yes,Bank Withdrawal,3,No,22
Female,25,No,Yes,No,0,Yes,2,None,Yes,6.63,Yes,Yes,27,No,Yes,Yes,Yes,Yes,No,No,Yes,One Year,No,Bank Withdrawal,4,No,57
Female,62,No,Yes,Yes,3,Yes,9,None,Yes,30.09,No,No,0,No,No,No,No,No,No,No,No,Two Year,No,Credit Card,5,No,1
Male,24,No,Yes,Yes,1,Yes,3,None,Yes,49.7,No,No,0,No,No,No,No,No,No,No,No,Two Year,No,Bank Withdrawal,4,No,12
Male,55,No,No,Yes,1,No,0,None,Yes,21.3,No,Yes,18,No,Yes,No,No,Yes,Yes,Yes,Yes,Month-to-Month,Yes,Bank Withdrawal,3,No,36
Male,54,No,No,No,0,No,0,None,Yes,3.76,No,Yes,16,No,Yes,No,No,No,No,No,Yes,Month-to-Month,No,Bank Withdrawal,4,No,2
Male,47,No,Yes,Yes,1,Yes,9,None,Yes,24.08,No,Yes,19,Yes,Yes,Yes,Yes,Yes,Yes,Yes,Yes,Two Year,No,Bank Withdrawal,3,No,72
Male,29,No,No,No,0,No,0,None,Yes,14.17,No,No,0,No,No,No,No,No,No,No,No,Two Year,No,Bank Withdrawal,5,No,62
Female,23,No,No,No,0,No,0,None,Yes,34.42,Yes,Yes,42,No,Yes,No,No,Yes,No,No,No,Month-to-Month,Yes,Bank Withdrawal,5,No,6
Male,44,No,Yes,No,0,Yes,4,None,Yes,33.06,No,No,0,No,No,No,No,No,No,No,No,Two Year,Yes,Credit Card,3,No,48
Male,42,No,No,No,0,No,0,None,Yes,20.07,Yes,Yes,23,Yes,No,Yes,Yes,Yes,Yes,Yes,Yes,Two Year,Yes,Bank Withdrawal,3,No,35
Male,23,No,No,Yes,2,No,0,None,Yes,22.65,No,No,0,No,No,No,No,No,No,No,No,One Year,No,Credit Card,4,No,52
Female,37,No,No,No,0,No,0,None,No,0,No,Yes,13,No,No,No,No,No,No,No,Yes,Month-to-Month,Yes,Credit Card,4,No,1
Female,38,No,Yes,No,0,Yes,8,None,Yes,12.12,Yes,Yes,23,Yes,Yes,Yes,Yes,Yes,Yes,Yes,Yes,Two Year,No,Credit Card,3,No,71
Female,64,No,Yes,Yes,3,Yes,5,None,Yes,3.47,No,Yes,21,Yes,Yes,Yes,No,No,No,No,Yes,One Year,No,Bank Withdrawal,4,No,67
Male,45,No,Yes,Yes,1,Yes,2,Offer D,No,0,No,Yes,19,No,No,No,Yes,No,No,No,Yes,Month-to-Month,Yes,Bank Withdrawal,4,No,23
Male,31,No,No,Yes,3,No,0,None,No,0,No,Yes,29,No,No,Yes,Yes,Yes,Yes,Yes,Yes,One Year,No,Bank Withdrawal,4,No,39
Male,35,No,Yes,Yes,3,Yes,9,Offer D,Yes,49.36,No,No,0,No,No,No,No,No,No,No,No,One Year,Yes,Credit Card,4,No,15
Male,58,No,Yes,Yes,3,Yes,1,None,Yes,7.37,Yes,No,0,No,No,No,No,No,No,No,No,Two Year,No,Credit Card,5,No,24
Female,20,No,Yes,Yes,2,Yes,1,None,Yes,2.68,No,No,0,No,No,No,No,No,No,No,No,Month-to-Month,No,Bank Withdrawal,5,No,37
Female,23,No,No,No,0,No,0,None,Yes,48.97,No,Yes,42,No,No,Yes,No,Yes,Yes,Yes,No,One Year,Yes,Credit Card,3,No,54
Female,20,No,No,No,0,No,0,None,Yes,10.1,No,Yes,73,Yes,No,No,No,No,No,No,Yes,Month-to-Month,Yes,Bank Withdrawal,3,No,3
Male,23,No,No,No,0,No,0,None,Yes,26.86,No,Yes,71,No,No,Yes,Yes,No,No,No,Yes,Month-to-Month,No,Bank Withdrawal,4,No,5
Male,21,No,No,No,0,No,0,None,Yes,14.48,No,No,0,No,No,No,No,No,No,No,No,Two Year,No,Credit Card,3,No,33
Female,51,No,No,No,0,No,0,None,Yes,6.16,Yes,Yes,12,No,Yes,Yes,No,Yes,Yes,Yes,Yes,One Year,Yes,Bank Withdrawal,3,No,41
Female,52,No,Yes,Yes,1,No,0,None,No,0,No,Yes,20,Yes,No,Yes,Yes,Yes,Yes,Yes,Yes,One Year,No,Credit Card,4,No,34
Female,59,No,Yes,Yes,1,Yes,1,Offer D,Yes,16.4,No,No,0,No,No,No,No,No,No,No,No,Month-to-Month,Yes,Credit Card,3,No,13
Female,46,No,No,No,0,No,0,Offer D,Yes,33.86,No,No,0,No,No,No,No,No,No,No,No,Month-to-Month,Yes,Credit Card,5,No,20
Female,58,No,No,Yes,3,No,0,None,Yes,38.94,No,Yes,28,No,No,No,No,No,No,No,Yes,Month-to-Month,No,Bank Withdrawal,5,No,41
Female,42,No,No,No,0,No,0,Offer D,Yes,46.3,No,No,0,No,No,No,No,No,No,No,No,Month-to-Month,No,Credit Card,5,No,13
Male,38,No,Yes,Yes,3,Yes,1,None,Yes,13.67,Yes,No,0,No,No,No,No,No,No,No,No,Two Year,No,Bank Withdrawal,4,No,35
Male,25,No,No,No,0,No,0,None,Yes,11.5,No,Yes,41,Yes,Yes,No,Yes,No,Yes,Yes,Yes,Month-to-Month,Yes,Credit Card,4,No,4
Female,41,No,No,No,0,No,0,None,Yes,39.59,No,No,0,No,No,No,No,No,No,No,No,One Year,No,Credit Card,5,No,7
Female,43,No,Yes,No,0,Yes,1,None,Yes,6.68,No,Yes,25,Yes,Yes,Yes,Yes,Yes,Yes,Yes,Yes,One Year,No,Bank Withdrawal,3,No,53
Female,33,No,No,No,0,No,0,None,Yes,34.8,No,No,0,No,No,No,No,No,No,No,No,Month-to-Month,No,Credit Card,3,No,5
Female,43,No,No,Yes,1,No,0,Offer D,Yes,26.13,Yes,Yes,23,No,No,No,No,No,No,No,Yes,Month-to-Month,Yes,Bank Withdrawal,3,No,12
Female,60,No,Yes,Yes,2,Yes,1,None,Yes,36.72,No,No,0,No,No,No,No,No,No,No,No,One Year,No,Credit Card,3,No,38
Female,64,No,No,No,0,No,0,None,Yes,48.38,No,Yes,8,No,No,Yes,No,No,Yes,Yes,No,Month-to-Month,Yes,Credit Card,5,No,9
Male,56,No,Yes,No,0,Yes,1,Offer D,Yes,14.32,Yes,Yes,4,Yes,No,No,No,No,Yes,Yes,Yes,Month-to-Month,Yes,Bank Withdrawal,3,No,13
Female,52,No,Yes,Yes,1,Yes,1,None,Yes,1.44,No,No,0,No,No,No,No,No,No,No,No,Two Year,No,Credit Card,5,No,47
Male,49,No,Yes,No,0,Yes,1,None,Yes,15.15,Yes,Yes,28,Yes,No,Yes,Yes,Yes,No,No,Yes,Month-to-Month,No,Bank Withdrawal,4,No,61
Male,22,No,No,No,0,No,0,Offer D,Yes,4.13,No,No,0,No,No,No,No,No,No,No,No,Month-to-Month,No,Credit Card,3,No,16
Female,20,No,Yes,Yes,2,Yes,1,None,Yes,32.29,No,Yes,69,Yes,Yes,No,Yes,Yes,Yes,Yes,Yes,Two Year,No,Bank Withdrawal,3,No,41
Female,31,No,No,Yes,3,No,0,None,Yes,30.64,Yes,No,0,No,No,No,No,No,No,No,No,Two Year,Yes,Bank Withdrawal,4,No,43
Female,27,No,No,No,0,No,0,None,Yes,37.57,No,Yes,58,No,No,No,No,No,Yes,Yes,Yes,Month-to-Month,Yes,Bank Withdrawal,5,No,6
Female,56,No,No,No,0,No,0,None,Yes,42.33,Yes,Yes,7,Yes,Yes,Yes,Yes,No,No,No,Yes,One Year,Yes,Credit Card,3,No,58
Male,62,No,No,No,0,No,0,Offer D,Yes,46.49,No,Yes,8,No,No,No,Yes,Yes,No,No,Yes,Month-to-Month,Yes,Credit Card,3,No,19
Male,54,No,Yes,No,0,Yes,1,Offer D,Yes,12.95,No,Yes,6,No,No,No,No,No,No,No,Yes,Month-to-Month,Yes,Bank Withdrawal,5,No,11
Female,37,No,No,No,0,No,0,None,No,0,No,Yes,19,Yes,Yes,No,Yes,No,No,No,Yes,One Year,Yes,Bank Withdrawal,3,No,39
Female,53,No,No,Yes,1,No,0,None,Yes,16.34,Yes,Yes,19,No,No,No,No,No,No,No,No,Month-to-Month,Yes,Credit Card,5,No,26
Female,38,No,Yes,Yes,3,Yes,1,None,Yes,38.63,No,No,0,No,No,No,No,No,No,No,No,Two Year,Yes,Credit Card,3,No,70
Male,25,No,No,No,0,No,0,None,Yes,25.89,Yes,No,0,No,No,No,No,No,No,No,No,Two Year,No,Credit Card,4,No,59
Male,47,No,No,No,0,No,0,None,No,0,No,Yes,14,Yes,No,Yes,No,No,No,No,Yes,One Year,No,Credit Card,4,No,7
Male,63,No,Yes,Yes,2,Yes,1,None,Yes,15.94,No,Yes,19,No,Yes,Yes,Yes,Yes,Yes,Yes,Yes,One Year,No,Credit Card,4,No,59
Male,27,No,Yes,Yes,3,Yes,1,None,Yes,32.96,Yes,Yes,41,No,No,Yes,Yes,Yes,Yes,Yes,Yes,Two Year,Yes,Bank Withdrawal,4,No,61
Male,22,No,Yes,Yes,3,Yes,4,None,Yes,8.33,Yes,Yes,59,Yes,No,Yes,No,Yes,Yes,Yes,No,Two Year,Yes,Bank Withdrawal,3,No,72
Female,27,No,Yes,Yes,1,Yes,6,Offer D,Yes,16.74,No,No,0,No,No,No,No,No,No,No,No,Month-to-Month,No,Credit Card,5,No,13
Female,50,No,Yes,Yes,1,Yes,6,None,Yes,19.23,Yes,No,0,No,No,No,No,No,No,No,No,One Year,No,Credit Card,4,No,64
Female,54,No,No,No,0,No,0,Offer D,Yes,37.45,No,Yes,5,No,Yes,No,Yes,No,Yes,Yes,Yes,One Year,No,Credit Card,3,No,10
Female,55,No,Yes,Yes,2,No,0,Offer B,Yes,19.25,No,Yes,19,Yes,Yes,Yes,No,No,No,No,Yes,One Year,No,Bank Withdrawal,3,No,65
Female,21,No,Yes,No,0,Yes,3,Offer B,Yes,42.68,Yes,Yes,51,Yes,Yes,Yes,Yes,Yes,Yes,Yes,Yes,Two Year,No,Credit Card,3,No,62
Female,20,No,Yes,No,0,Yes,8,Offer B,Yes,47.46,Yes,Yes,53,Yes,Yes,Yes,Yes,Yes,Yes,Yes,Yes,One Year,Yes,Bank Withdrawal,3,No,55
Female,29,No,Yes,No,0,Yes,8,None,Yes,12.12,Yes,Yes,59,No,Yes,No,No,No,No,No,No,Month-to-Month,No,Bank Withdrawal,3,No,25
Male,55,No,No,No,0,No,0,None,Yes,38.21,No,Yes,13,Yes,No,No,No,No,No,No,Yes,Month-to-Month,Yes,Credit Card,3,No,1
Male,50,No,Yes,No,0,Yes,3,None,Yes,5.99,Yes,Yes,6,No,No,No,No,Yes,Yes,Yes,Yes,Month-to-Month,Yes,Bank Withdrawal,5,No,36
Male,37,No,Yes,No,0,Yes,1,Offer B,Yes,4.69,Yes,Yes,4,Yes,No,Yes,No,No,Yes,Yes,Yes,Two Year,Yes,Credit Card,4,No,61
Male,32,No,No,Yes,3,No,0,None,No,0,No,Yes,58,No,Yes,No,No,Yes,No,No,Yes,One Year,Yes,Bank Withdrawal,4,No,26
Male,51,No,Yes,Yes,2,Yes,2,None,Yes,21.86,No,Yes,29,Yes,Yes,Yes,No,Yes,Yes,Yes,Yes,Two Year,Yes,Credit Card,4,No,68
Female,39,No,Yes,No,0,Yes,8,None,Yes,11.02,Yes,Yes,17,Yes,Yes,Yes,Yes,No,No,No,No,Two Year,Yes,Bank Withdrawal,4,No,72
Female,59,No,Yes,No,0,Yes,4,None,No,0,No,Yes,6,No,No,Yes,Yes,No,Yes,Yes,Yes,Two Year,Yes,Bank Withdrawal,4,No,71
Male,56,No,No,No,0,No,0,Offer B,Yes,12.99,No,No,0,No,No,No,No,No,No,No,No,Two Year,No,Credit Card,3,No,57
Male,20,No,No,No,0,No,0,Offer E,Yes,18.28,No,No,0,No,No,No,No,No,No,No,No,Month-to-Month,Yes,Credit Card,3,No,4
Male,22,No,Yes,Yes,3,Yes,8,None,Yes,2.73,Yes,Yes,59,Yes,Yes,Yes,Yes,No,Yes,Yes,Yes,Two Year,No,Credit Card,3,No,72
Male,42,No,Yes,Yes,3,Yes,6,None,Yes,31.55,Yes,Yes,23,Yes,No,No,No,Yes,Yes,Yes,Yes,One Year,Yes,Bank Withdrawal,4,No,21
Female,42,No,Yes,Yes,1,Yes,1,None,Yes,19.49,Yes,No,0,No,No,No,No,No,No,No,No,Two Year,No,Bank Withdrawal,4,No,71
Female,41,No,Yes,No,0,Yes,5,Offer B,Yes,11.85,Yes,Yes,2,Yes,No,Yes,Yes,Yes,Yes,Yes,Yes,Two Year,Yes,Credit Card,4,No,64
Male,48,No,No,No,0,No,0,None,Yes,24.79,No,No,0,No,No,No,No,No,No,No,No,Month-to-Month,No,Credit Card,5,No,16
Female,33,No,No,No,0,No,0,Offer E,Yes,6.36,Yes,No,0,No,No,No,No,No,No,No,No,One Year,No,Bank Withdrawal,4,No,4
Male,44,No,No,No,0,No,0,Offer E,Yes,27.08,No,No,0,No,No,No,No,No,No,No,No,Month-to-Month,No,Credit Card,4,No,1
Male,32,No,No,No,0,No,0,None,No,0,No,Yes,8,No,No,No,No,No,No,No,Yes,Month-to-Month,No,Credit Card,3,No,18
Female,47,No,No,No,0,No,0,Offer E,Yes,21.3,Yes,Yes,7,No,Yes,No,No,No,No,No,No,Month-to-Month,No,Credit Card,5,No,2
Female,20,No,Yes,No,0,Yes,3,None,Yes,8.3,No,Yes,48,No,Yes,No,No,No,Yes,Yes,Yes,Month-to-Month,Yes,Credit Card,3,No,19
Female,50,No,No,No,0,No,0,Offer B,Yes,33.66,Yes,Yes,20,No,No,No,No,No,Yes,Yes,Yes,Month-to-Month,No,Bank Withdrawal,4,No,40
Male,25,No,No,No,0,No,0,None,Yes,3.26,Yes,Yes,51,No,No,No,No,No,No,No,Yes,Month-to-Month,No,Credit Card,3,No,21
Male,41,No,No,No,0,No,0,Offer E,Yes,30.8,No,Yes,27,No,Yes,No,Yes,Yes,No,No,Yes,Month-to-Month,Yes,Bank Withdrawal,4,No,8
Female,38,No,Yes,Yes,1,Yes,3,None,Yes,32.23,No,Yes,19,Yes,Yes,Yes,Yes,Yes,Yes,Yes,Yes,Two Year,Yes,Credit Card,3,No,72
Female,49,No,No,No,0,No,0,Offer B,Yes,21.39,Yes,Yes,3,No,Yes,Yes,Yes,Yes,No,No,No,One Year,Yes,Bank Withdrawal,4,No,48
Male,54,No,No,No,0,No,0,None,Yes,17.74,No,No,0,No,No,No,No,No,No,No,No,Two Year,Yes,Bank Withdrawal,5,No,69
Male,60,No,No,No,0,No,0,None,Yes,36.49,Yes,Yes,27,Yes,Yes,Yes,Yes,Yes,Yes,Yes,Yes,Two Year,Yes,Bank Withdrawal,3,No,72
Female,64,No,No,No,0,No,0,None,Yes,24.04,No,Yes,12,No,Yes,No,No,No,No,No,Yes,One Year,No,Credit Card,3,No,14
Male,58,No,No,No,0,No,0,None,Yes,10.88,No,Yes,8,No,Yes,No,No,Yes,No,No,Yes,Month-to-Month,No,Bank Withdrawal,4,No,6
Female,48,No,Yes,Yes,3,Yes,6,None,Yes,17.2,No,No,0,No,No,No,No,No,No,No,No,Two Year,No,Bank Withdrawal,4,No,8
Female,21,No,No,No,0,No,0,None,Yes,42.42,No,No,0,No,No,No,No,No,No,No,No,One Year,No,Credit Card,3,No,17
Male,50,No,No,No,0,No,0,Offer B,Yes,2.72,Yes,Yes,16,Yes,No,No,Yes,No,Yes,Yes,No,One Year,No,Bank Withdrawal,3,No,65
Female,54,No,Yes,Yes,1,Yes,6,Offer B,Yes,18.85,No,Yes,24,Yes,No,Yes,Yes,No,No,No,Yes,One Year,Yes,Credit Card,3,No,57
Female,54,No,Yes,No,0,Yes,9,Offer B,Yes,37.76,Yes,Yes,21,Yes,Yes,Yes,No,Yes,Yes,Yes,Yes,One Year,No,Bank Withdrawal,4,No,56
Female,50,No,Yes,No,0,Yes,7,None,Yes,4.45,No,Yes,16,No,No,No,No,No,Yes,Yes,Yes,Month-to-Month,Yes,Bank Withdrawal,4,No,14
Male,47,No,Yes,No,0,Yes,1,None,No,0,No,Yes,26,Yes,No,No,No,No,Yes,Yes,Yes,Month-to-Month,Yes,Bank Withdrawal,3,No,52
Female,56,No,No,No,0,No,0,None,Yes,29.47,No,Yes,16,Yes,Yes,Yes,Yes,No,No,No,Yes,Two Year,Yes,Credit Card,4,No,58
Female,61,No,No,No,0,No,0,None,No,0,No,Yes,11,No,No,Yes,Yes,Yes,Yes,Yes,Yes,Month-to-Month,Yes,Credit Card,5,No,67
Male,22,No,No,No,0,No,0,None,No,0,No,Yes,48,No,No,No,No,No,No,No,No,Month-to-Month,Yes,Credit Card,3,No,2
Male,25,No,Yes,Yes,1,No,0,None,Yes,25.45,Yes,Yes,59,Yes,Yes,Yes,Yes,Yes,Yes,Yes,Yes,Two Year,Yes,Bank Withdrawal,4,No,71
Female,42,No,Yes,Yes,1,Yes,7,None,Yes,27.65,No,No,0,No,No,No,No,No,No,No,No,Two Year,No,Bank Withdrawal,3,No,46
Male,36,No,No,Yes,3,No,0,None,Yes,18.43,No,No,0,No,No,No,No,No,No,No,No,Month-to-Month,No,Bank Withdrawal,3,No,3
Female,60,No,No,No,0,No,0,None,Yes,2.69,No,No,0,No,No,No,No,No,No,No,No,Month-to-Month,No,Credit Card,3,No,3
Male,40,No,Yes,Yes,2,Yes,9,None,Yes,26.98,No,No,0,No,No,No,No,No,No,No,No,One Year,Yes,Credit Card,5,No,50
Female,29,No,Yes,Yes,2,Yes,2,None,No,0,No,Yes,51,Yes,Yes,Yes,Yes,Yes,No,No,Yes,Two Year,No,Credit Card,3,No,67
Female,46,No,No,No,0,No,0,Offer A,Yes,13.91,Yes,Yes,7,Yes,Yes,No,Yes,No,No,No,Yes,Two Year,Yes,Credit Card,3,No,69
Female,50,No,No,No,0,No,0,None,No,0,No,Yes,18,No,No,No,No,No,No,No,Yes,One Year,No,Credit Card,3,No,1
Male,40,No,No,No,0,No,0,None,Yes,47.3,No,Yes,24,No,No,No,No,Yes,Yes,Yes,Yes,Month-to-Month,No,Bank Withdrawal,4,No,32
Male,45,No,Yes,Yes,2,Yes,9,None,Yes,32.12,No,No,0,No,No,No,No,No,No,No,No,Two Year,Yes,Bank Withdrawal,5,No,60
Female,40,No,Yes,Yes,1,Yes,4,Offer A,Yes,44.03,Yes,Yes,14,No,Yes,Yes,Yes,Yes,Yes,Yes,Yes,Two Year,Yes,Bank Withdrawal,4,No,72
Male,55,No,No,No,0,No,0,None,Yes,7.8,No,No,0,No,No,No,No,No,No,No,No,Month-to-Month,Yes,Bank Withdrawal,5,No,2
Female,44,No,No,Yes,3,No,0,None,Yes,31.01,No,No,0,No,No,No,No,No,No,No,No,One Year,No,Bank Withdrawal,3,No,2
Female,29,No,No,No,0,No,0,None,Yes,44.7,Yes,Yes,59,Yes,No,Yes,Yes,Yes,Yes,Yes,Yes,One Year,Yes,Credit Card,3,No,36
Male,48,No,No,No,0,No,0,None,Yes,1.67,No,Yes,23,Yes,No,No,No,No,No,No,Yes,Month-to-Month,No,Credit Card,4,No,7
Female,30,No,Yes,No,0,Yes,1,None,Yes,45.37,Yes,Yes,52,No,Yes,No,No,No,Yes,Yes,Yes,Month-to-Month,Yes,Bank Withdrawal,5,No,19
Male,57,No,Yes,Yes,1,Yes,3,None,Yes,38.25,No,Yes,20,Yes,No,Yes,No,No,Yes,Yes,Yes,Month-to-Month,No,Bank Withdrawal,4,No,47
Female,49,No,No,No,0,No,0,None,Yes,2.85,No,No,0,No,No,No,No,No,No,No,No,Month-to-Month,No,Credit Card,3,No,1
Male,29,No,Yes,Yes,3,Yes,6,None,Yes,36.65,No,Yes,69,Yes,Yes,No,No,No,Yes,Yes,Yes,One Year,Yes,Bank Withdrawal,3,No,32
Male,62,No,Yes,Yes,3,Yes,3,None,Yes,34.54,Yes,Yes,58,No,No,Yes,No,Yes,Yes,Yes,Yes,One Year,Yes,Bank Withdrawal,5,No,61
Male,64,No,Yes,Yes,2,Yes,1,Offer A,Yes,28.63,Yes,Yes,19,Yes,Yes,Yes,Yes,Yes,Yes,Yes,Yes,Two Year,No,Credit Card,4,No,72
Male,25,No,Yes,Yes,1,Yes,1,None,No,0,No,Yes,69,No,No,Yes,Yes,Yes,Yes,Yes,No,One Year,Yes,Bank Withdrawal,5,No,44
Male,40,No,No,No,0,No,0,None,Yes,6.6,Yes,Yes,3,No,No,Yes,No,No,No,No,Yes,Month-to-Month,Yes,Bank Withdrawal,4,No,41
Male,27,No,Yes,No,0,No,0,None,Yes,23.28,Yes,Yes,51,Yes,No,Yes,No,Yes,Yes,Yes,Yes,One Year,Yes,Bank Withdrawal,3,No,50
Male,30,No,Yes,Yes,3,Yes,1,Offer E,Yes,2.87,No,No,0,No,No,No,No,No,No,No,No,Two Year,No,Credit Card,4,No,8
Male,61,No,No,No,0,No,0,None,Yes,22.97,No,No,0,No,No,No,No,No,No,No,No,Month-to-Month,No,Credit Card,3,No,18
Male,21,No,Yes,Yes,1,Yes,1,Offer A,Yes,27.1,Yes,Yes,59,Yes,Yes,Yes,Yes,Yes,Yes,Yes,Yes,Two Year,Yes,Credit Card,4,No,72
Female,29,No,No,Yes,2,No,0,Offer D,Yes,11.99,Yes,Yes,27,No,Yes,Yes,No,Yes,Yes,Yes,Yes,One Year,Yes,Credit Card,3,No,13
Female,50,No,Yes,Yes,2,Yes,1,Offer A,Yes,15.94,Yes,Yes,29,No,Yes,No,Yes,No,No,No,Yes,One Year,Yes,Bank Withdrawal,4,No,68
Male,27,No,No,No,0,No,0,Offer A,Yes,5.71,Yes,Yes,73,Yes,Yes,Yes,No,Yes,Yes,Yes,Yes,Two Year,Yes,Credit Card,3,No,69
Male,31,No,Yes,Yes,3,Yes,1,None,Yes,23.69,Yes,No,0,No,No,No,No,No,No,No,No,Two Year,No,Credit Card,3,No,25
Female,19,No,Yes,Yes,2,Yes,1,None,Yes,9.51,No,No,0,No,No,No,No,No,No,No,No,Two Year,No,Credit Card,4,No,59
Female,19,No,Yes,Yes,3,Yes,1,Offer A,Yes,23.02,Yes,Yes,48,Yes,Yes,Yes,Yes,Yes,No,No,No,One Year,Yes,Credit Card,3,No,69
Male,37,No,No,No,0,No,0,Offer D,No,0,No,Yes,16,No,No,No,No,No,No,No,Yes,Month-to-Month,Yes,Bank Withdrawal,5,No,13
Male,27,No,Yes,No,0,Yes,1,None,Yes,8.94,Yes,Yes,85,No,Yes,No,Yes,No,Yes,Yes,Yes,Month-to-Month,Yes,Credit Card,3,No,52
Male,53,No,Yes,No,0,Yes,1,None,Yes,43.48,Yes,Yes,20,Yes,Yes,Yes,Yes,No,Yes,Yes,Yes,Two Year,Yes,Bank Withdrawal,4,No,61
Male,19,No,No,No,0,No,0,None,No,0,No,Yes,59,No,No,No,No,No,No,No,Yes,One Year,Yes,Credit Card,5,No,29
Female,37,No,No,Yes,1,No,0,Offer C,Yes,39.9,No,Yes,27,No,Yes,No,Yes,No,No,No,Yes,One Year,Yes,Credit Card,5,No,25
Male,52,No,No,No,0,No,0,Offer D,No,0,No,Yes,14,No,No,Yes,No,Yes,Yes,Yes,Yes,One Year,No,Bank Withdrawal,5,No,15
Female,48,No,Yes,Yes,3,Yes,1,Offer D,Yes,31.85,No,No,0,No,No,No,No,No,No,No,No,Two Year,No,Credit Card,3,No,19
Male,28,No,No,No,0,No,0,None,Yes,47.53,No,No,0,No,No,No,No,No,No,No,No,Two Year,No,Credit Card,3,No,44
Male,44,No,Yes,Yes,3,Yes,1,None,Yes,40.57,Yes,Yes,25,Yes,Yes,Yes,Yes,No,No,No,Yes,Two Year,No,Credit Card,4,No,58
Male,27,No,Yes,Yes,3,Yes,1,None,Yes,39.67,No,Yes,41,Yes,Yes,No,No,No,No,No,Yes,One Year,Yes,Credit Card,3,No,62
Female,52,No,Yes,Yes,2,Yes,1,Offer A,No,0,No,Yes,19,No,Yes,Yes,Yes,Yes,Yes,Yes,Yes,One Year,Yes,Bank Withdrawal,5,No,70
Male,49,No,Yes,Yes,2,Yes,2,Offer D,No,0,No,Yes,24,Yes,Yes,Yes,Yes,No,Yes,Yes,Yes,Two Year,No,Credit Card,3,No,10
Male,64,No,No,No,0,No,0,Offer C,Yes,37.7,No,No,0,No,No,No,No,No,No,No,No,One Year,Yes,Bank Withdrawal,4,No,26
Male,55,No,No,No,0,No,0,Offer A,Yes,48.78,Yes,Yes,8,No,Yes,No,No,No,Yes,Yes,No,Month-to-Month,No,Credit Card,3,No,66
Male,36,No,Yes,Yes,3,Yes,6,None,Yes,9.5,Yes,Yes,51,No,Yes,No,Yes,No,No,No,Yes,One Year,No,Bank Withdrawal,5,No,51
Male,31,No,Yes,Yes,1,Yes,9,Offer A,Yes,7.16,Yes,Yes,24,Yes,Yes,Yes,Yes,Yes,No,No,Yes,Two Year,Yes,Credit Card,3,No,72
Male,56,No,No,No,0,No,0,None,Yes,4.9,Yes,No,0,No,No,No,No,No,No,No,No,Two Year,No,Credit Card,5,No,65
Male,31,No,No,Yes,1,No,0,None,Yes,26.62,Yes,Yes,19,Yes,Yes,No,Yes,No,No,No,Yes,One Year,No,Bank Withdrawal,4,No,70
Male,39,No,Yes,No,0,Yes,10,None,Yes,31.15,Yes,Yes,16,No,Yes,Yes,Yes,Yes,Yes,Yes,Yes,Two Year,Yes,Credit Card,4,No,72
Female,61,No,Yes,Yes,3,Yes,3,None,Yes,16.02,No,No,0,No,No,No,No,No,No,No,No,Month-to-Month,No,Credit Card,5,No,1
Male,27,No,No,No,0,No,0,Offer E,Yes,38.41,No,No,0,No,No,No,No,No,No,No,No,Month-to-Month,No,Credit Card,4,No,3
Male,39,No,No,No,0,No,0,None,Yes,48.78,Yes,No,0,No,No,No,No,No,No,No,No,Two Year,Yes,Credit Card,5,No,58
Male,21,No,Yes,No,0,Yes,7,None,Yes,34.95,Yes,Yes,48,No,Yes,No,No,Yes,Yes,Yes,Yes,Two Year,Yes,Bank Withdrawal,5,No,72
Female,35,No,Yes,Yes,2,Yes,1,None,Yes,17.89,Yes,Yes,19,Yes,Yes,Yes,Yes,No,Yes,Yes,Yes,Two Year,No,Credit Card,4,No,72
Female,36,No,Yes,Yes,1,Yes,4,None,Yes,12.84,Yes,Yes,22,Yes,Yes,Yes,No,Yes,Yes,Yes,Yes,Two Year,Yes,Credit Card,3,No,72
Female,34,No,Yes,No,0,Yes,7,None,Yes,20.27,Yes,Yes,13,No,Yes,No,Yes,Yes,Yes,Yes,Yes,One Year,Yes,Bank Withdrawal,5,No,59
Male,47,No,No,No,0,No,0,None,Yes,18.74,No,Yes,16,Yes,Yes,No,No,Yes,No,No,Yes,Two Year,Yes,Bank Withdrawal,3,No,54
Male,34,No,No,No,0,No,0,None,Yes,7.1,Yes,Yes,10,No,No,Yes,No,Yes,No,No,Yes,Two Year,Yes,Bank Withdrawal,5,No,60
Female,19,No,Yes,No,0,Yes,5,None,No,0,No,Yes,69,No,Yes,Yes,Yes,Yes,Yes,Yes,Yes,Two Year,No,Credit Card,5,No,60
Male,39,No,No,No,0,No,0,None,Yes,6.97,Yes,Yes,14,No,No,No,No,No,No,No,Yes,Month-to-Month,No,Bank Withdrawal,3,No,3
Female,52,No,Yes,No,0,Yes,6,None,Yes,45.35,Yes,Yes,19,Yes,No,No,No,Yes,Yes,Yes,Yes,Two Year,No,Bank Withdrawal,3,No,69
Female,29,No,Yes,Yes,5,Yes,9,Offer E,Yes,25.1,No,No,0,No,No,No,No,No,No,No,No,Month-to-Month,No,Bank Withdrawal,4,No,1
Male,44,No,Yes,Yes,3,Yes,10,None,No,0,No,Yes,23,Yes,No,No,No,Yes,No,No,Yes,Month-to-Month,Yes,Credit Card,3,No,50
Female,58,No,No,No,0,No,0,None,No,0,No,Yes,23,No,No,No,No,Yes,Yes,Yes,Yes,Month-to-Month,Yes,Credit Card,5,No,56
Female,59,No,Yes,No,0,Yes,6,None,Yes,32.5,No,Yes,13,Yes,No,No,Yes,Yes,Yes,Yes,Yes,Two Year,Yes,Bank Withdrawal,4,No,60
Female,55,No,Yes,No,0,Yes,4,Offer E,Yes,41.36,No,No,0,No,No,No,No,No,No,No,No,Month-to-Month,Yes,Credit Card,5,No,3
Male,39,No,Yes,Yes,3,Yes,7,None,Yes,27.2,No,Yes,21,No,Yes,No,Yes,Yes,Yes,Yes,Yes,Two Year,No,Bank Withdrawal,4,No,60
Female,58,No,No,No,0,No,0,Offer D,No,0,No,Yes,13,No,No,Yes,Yes,No,No,No,No,Two Year,No,Credit Card,3,No,13
Male,45,No,Yes,Yes,2,Yes,2,None,Yes,1.87,No,No,0,No,No,No,No,No,No,No,No,Two Year,No,Bank Withdrawal,4,No,62
Female,58,No,No,No,0,No,0,None,Yes,1.57,Yes,Yes,30,Yes,Yes,No,No,No,Yes,Yes,Yes,One Year,No,Bank Withdrawal,4,No,45
Female,37,No,No,No,0,No,0,Offer C,No,0,No,Yes,29,No,No,Yes,Yes,Yes,Yes,Yes,Yes,One Year,No,Bank Withdrawal,3,No,25
Male,30,No,No,No,0,No,0,Offer B,Yes,48.95,No,Yes,59,No,No,Yes,Yes,Yes,Yes,Yes,Yes,Two Year,No,Bank Withdrawal,3,No,44
Female,34,No,No,No,0,No,0,Offer E,Yes,39.5,No,Yes,26,No,No,No,No,No,No,No,Yes,Month-to-Month,Yes,Credit Card,3,No,2
Female,50,No,No,No,0,No,0,Offer D,Yes,10.25,No,No,0,No,No,No,No,No,No,No,No,One Year,No,Bank Withdrawal,5,No,22
Female,59,No,No,No,0,No,0,Offer C,No,0,No,Yes,12,No,No,Yes,Yes,No,No,No,No,Month-to-Month,Yes,Credit Card,5,No,35
Female,40,No,Yes,Yes,1,Yes,5,Offer C,Yes,34.44,No,No,0,No,No,No,No,No,No,No,No,Two Year,No,Credit Card,3,No,29
Male,20,No,No,Yes,2,No,0,Offer B,Yes,4.16,No,Yes,59,No,Yes,Yes,Yes,No,No,No,Yes,One Year,Yes,Bank Withdrawal,4,No,54
Male,45,No,No,No,0,No,0,Offer B,Yes,36.08,Yes,Yes,26,No,No,No,No,Yes,No,No,Yes,One Year,Yes,Bank Withdrawal,5,No,57
Male,55,No,No,No,0,No,0,Offer B,Yes,41.13,Yes,Yes,12,Yes,Yes,Yes,Yes,No,No,No,Yes,Two Year,No,Bank Withdrawal,3,No,62
Female,44,No,Yes,Yes,3,Yes,10,Offer D,Yes,46.64,No,No,0,No,No,No,No,No,No,No,No,One Year,No,Credit Card,3,No,15
Female,50,No,Yes,No,0,Yes,9,None,Yes,5.46,Yes,Yes,30,No,No,Yes,Yes,Yes,Yes,Yes,No,Two Year,Yes,Bank Withdrawal,4,No,70
Female,33,No,Yes,Yes,2,Yes,6,Offer D,Yes,38.95,No,Yes,17,No,No,No,No,No,No,No,Yes,Month-to-Month,Yes,Bank Withdrawal,5,No,21
Female,61,No,No,Yes,3,No,0,Offer D,Yes,25.85,No,Yes,53,No,No,No,Yes,No,No,No,Yes,One Year,Yes,Bank Withdrawal,3,No,23
Male,24,No,No,No,0,No,0,Offer E,Yes,12.17,No,No,0,No,No,No,No,No,No,No,No,One Year,No,Credit Card,3,No,6
Male,53,No,Yes,Yes,3,No,0,Offer E,Yes,29.09,No,No,0,No,No,No,No,No,No,No,No,Two Year,No,Credit Card,4,No,4
Female,46,No,No,No,0,No,0,Offer D,Yes,18.12,Yes,Yes,23,No,No,No,No,Yes,Yes,Yes,Yes,Month-to-Month,Yes,Bank Withdrawal,3,No,23
Male,22,No,No,No,0,No,0,Offer C,No,0,No,Yes,82,Yes,No,No,Yes,Yes,Yes,Yes,Yes,One Year,No,Credit Card,4,No,26
Female,24,No,No,Yes,2,No,0,Offer E,Yes,15.66,No,No,0,No,No,No,No,No,No,No,No,Month-to-Month,No,Credit Card,4,No,8
Male,20,No,No,No,0,No,0,Offer E,Yes,28.61,Yes,Yes,85,No,Yes,No,No,No,No,No,Yes,Month-to-Month,Yes,Bank Withdrawal,4,No,2
Female,26,No,No,No,0,No,0,Offer B,Yes,1.94,Yes,Yes,73,Yes,Yes,Yes,Yes,No,Yes,Yes,Yes,One Year,No,Credit Card,3,No,59
Male,62,No,Yes,Yes,3,Yes,9,Offer C,Yes,17.29,Yes,Yes,75,No,No,Yes,No,Yes,Yes,Yes,Yes,One Year,No,Bank Withdrawal,3,No,39
Male,45,No,No,Yes,2,No,0,Offer D,Yes,27.6,No,No,0,No,No,No,No,No,No,No,No,Two Year,No,Credit Card,3,No,21
Female,60,No,Yes,Yes,2,Yes,6,Offer B,Yes,18.64,No,No,0,No,No,No,No,No,No,No,No,Two Year,No,Bank Withdrawal,5,No,48
Female,63,No,Yes,Yes,1,Yes,1,Offer B,Yes,6.83,Yes,Yes,19,Yes,Yes,Yes,Yes,Yes,Yes,Yes,No,One Year,No,Bank Withdrawal,3,No,64
Male,43,No,Yes,Yes,1,Yes,1,Offer B,Yes,5.52,Yes,Yes,16,No,Yes,No,No,No,No,No,Yes,Month-to-Month,Yes,Bank Withdrawal,5,No,46
Female,32,No,No,No,0,No,0,Offer B,Yes,38.71,Yes,Yes,21,No,No,Yes,Yes,Yes,Yes,Yes,Yes,Two Year,Yes,Bank Withdrawal,5,No,52
Female,54,No,Yes,Yes,1,Yes,4,None,Yes,17.43,Yes,No,0,No,No,No,No,No,No,No,No,Two Year,Yes,Credit Card,5,No,67
Female,32,No,Yes,No,0,Yes,7,None,Yes,29.78,Yes,Yes,22,No,Yes,Yes,Yes,Yes,Yes,Yes,Yes,Two Year,No,Bank Withdrawal,3,No,71
Male,22,No,No,No,0,No,0,None,Yes,2.88,Yes,Yes,48,Yes,Yes,Yes,Yes,Yes,Yes,Yes,Yes,One Year,Yes,Bank Withdrawal,4,No,71
Female,35,No,No,No,0,No,0,Offer C,Yes,15.53,No,No,0,No,No,No,No,No,No,No,No,Month-to-Month,No,Bank Withdrawal,3,No,32
Female,32,No,No,No,0,No,0,None,Yes,44.77,No,Yes,9,No,No,No,No,No,No,No,Yes,Month-to-Month,No,Bank Withdrawal,5,No,2
Female,48,No,Yes,No,0,Yes,3,None,Yes,11.18,Yes,No,0,No,No,No,No,No,No,No,No,Two Year,No,Credit Card,5,No,71
Female,29,No,No,No,0,No,0,Offer B,No,0,No,Yes,73,Yes,No,Yes,No,No,Yes,Yes,Yes,One Year,Yes,Bank Withdrawal,4,No,60
Female,45,No,No,No,0,No,0,None,Yes,27.69,Yes,Yes,9,No,No,No,No,No,No,No,Yes,Month-to-Month,Yes,Credit Card,4,No,6
Female,56,No,Yes,Yes,3,Yes,1,Offer B,Yes,4.45,No,Yes,57,Yes,Yes,Yes,No,No,Yes,Yes,No,Two Year,Yes,Credit Card,4,No,48
Male,19,No,Yes,Yes,3,Yes,8,Offer B,Yes,24.5,Yes,No,0,No,No,No,No,No,No,No,No,Two Year,No,Credit Card,5,No,63
Male,19,No,No,Yes,2,No,0,Offer D,Yes,19.38,No,No,0,No,No,No,No,No,No,No,No,Month-to-Month,No,Credit Card,3,No,12
Female,56,No,Yes,Yes,1,Yes,4,Offer C,Yes,36.74,No,Yes,18,No,No,Yes,Yes,Yes,No,No,Yes,One Year,Yes,Bank Withdrawal,5,No,30
Female,41,No,No,No,0,No,0,Offer B,Yes,16.73,Yes,Yes,14,No,No,Yes,Yes,Yes,Yes,Yes,Yes,One Year,Yes,Credit Card,5,No,40
Female,39,No,Yes,Yes,1,Yes,10,None,Yes,8.1,No,Yes,20,No,No,No,Yes,No,No,No,Yes,Month-to-Month,Yes,Bank Withdrawal,5,No,9
Female,38,No,No,No,0,No,0,Offer B,No,0,No,Yes,30,No,Yes,Yes,No,No,Yes,Yes,Yes,Two Year,Yes,Credit Card,4,No,62
Male,50,No,No,No,0,No,0,Offer C,Yes,13.69,No,Yes,12,No,Yes,No,Yes,Yes,No,No,Yes,One Year,Yes,Bank Withdrawal,5,No,28
Female,64,No,No,No,0,No,0,None,Yes,29.53,Yes,Yes,7,Yes,Yes,Yes,Yes,Yes,Yes,Yes,No,Two Year,No,Credit Card,4,No,70
Female,20,No,No,No,0,No,0,Offer B,Yes,5.86,No,Yes,82,No,Yes,Yes,Yes,Yes,Yes,Yes,Yes,Two Year,Yes,Bank Withdrawal,4,No,46
Female,33,No,Yes,No,0,Yes,2,Offer D,Yes,22.17,Yes,Yes,15,No,No,Yes,No,No,Yes,Yes,Yes,Month-to-Month,No,Credit Card,4,No,23
Male,27,No,Yes,Yes,1,Yes,7,Offer B,No,0,No,Yes,47,Yes,No,Yes,Yes,No,No,No,Yes,One Year,No,Bank Withdrawal,3,No,47
Male,41,No,Yes,Yes,2,Yes,3,None,Yes,31.4,No,Yes,19,Yes,Yes,Yes,No,Yes,Yes,Yes,Yes,Two Year,Yes,Bank Withdrawal,3,No,68
Female,28,No,No,Yes,1,No,0,None,Yes,12.54,Yes,Yes,59,No,Yes,No,Yes,Yes,Yes,Yes,Yes,Two Year,Yes,Bank Withdrawal,3,No,67
Female,52,No,No,No,0,No,0,Offer D,Yes,37.01,No,Yes,29,No,No,No,Yes,Yes,Yes,Yes,Yes,Month-to-Month,Yes,Bank Withdrawal,3,No,14
Male,59,No,Yes,Yes,2,Yes,4,Offer B,Yes,49.95,Yes,Yes,22,No,No,No,No,No,No,No,No,Month-to-Month,Yes,Bank Withdrawal,5,No,57
Female,34,No,Yes,Yes,1,Yes,6,Offer B,Yes,41.18,Yes,Yes,18,Yes,No,No,No,Yes,Yes,Yes,Yes,One Year,No,Credit Card,4,No,55
Male,25,No,No,No,0,No,0,None,Yes,42.96,No,No,0,No,No,No,No,No,No,No,No,Month-to-Month,Yes,Credit Card,5,No,1
Male,61,No,No,No,0,No,0,Offer D,Yes,8.5,Yes,Yes,6,No,No,Yes,Yes,Yes,No,No,Yes,Month-to-Month,Yes,Credit Card,4,No,23
Male,61,No,Yes,No,0,Yes,2,Offer B,Yes,48.69,Yes,Yes,21,No,Yes,Yes,No,Yes,Yes,Yes,Yes,Month-to-Month,Yes,Bank Withdrawal,5,No,47
Male,38,No,No,No,0,No,0,None,Yes,22.23,No,No,0,No,No,No,No,No,No,No,No,One Year,No,Credit Card,3,No,38
Male,54,No,Yes,No,0,Yes,9,Offer D,Yes,24.17,No,Yes,10,No,No,No,No,No,No,No,No,Month-to-Month,Yes,Bank Withdrawal,4,No,15
Female,49,No,No,No,0,No,0,None,Yes,37.51,No,Yes,30,No,No,No,No,No,No,No,Yes,Month-to-Month,Yes,Credit Card,3,No,26
Female,62,No,Yes,Yes,2,Yes,5,None,Yes,15.41,No,No,0,No,No,No,No,No,No,No,No,Two Year,No,Credit Card,4,No,35
Male,23,No,No,Yes,1,No,0,None,Yes,37.85,No,No,0,No,No,No,No,No,No,No,No,Month-to-Month,Yes,Credit Card,4,No,3
Male,52,No,Yes,No,0,Yes,9,None,Yes,41.16,Yes,Yes,11,Yes,No,Yes,No,No,Yes,Yes,Yes,Month-to-Month,Yes,Bank Withdrawal,3,No,42
Male,34,No,Yes,No,0,Yes,9,Offer D,Yes,21.85,No,Yes,9,Yes,No,No,Yes,No,No,No,Yes,Month-to-Month,Yes,Credit Card,3,No,10
Female,19,No,Yes,No,0,No,0,None,Yes,10.21,No,Yes,69,Yes,Yes,No,Yes,No,Yes,Yes,Yes,One Year,No,Bank Withdrawal,3,No,61
Female,43,No,No,No,0,No,0,None,Yes,48.82,Yes,Yes,17,Yes,Yes,No,Yes,Yes,Yes,Yes,No,Two Year,No,Credit Card,4,No,68
Male,37,No,No,No,0,No,0,Offer D,Yes,46.33,No,Yes,26,Yes,No,Yes,No,Yes,Yes,Yes,Yes,One Year,Yes,Bank Withdrawal,3,No,10
Female,35,No,Yes,Yes,3,Yes,3,None,Yes,12.96,No,Yes,56,Yes,No,Yes,Yes,Yes,Yes,Yes,Yes,Two Year,Yes,Bank Withdrawal,3,No,72
Male,43,No,Yes,Yes,3,Yes,9,None,Yes,13.45,No,Yes,53,No,Yes,No,Yes,No,No,No,Yes,Month-to-Month,No,Bank Withdrawal,4,No,55
Female,42,No,No,No,0,No,0,None,Yes,8.29,No,Yes,21,No,No,Yes,Yes,No,Yes,Yes,Yes,Month-to-Month,No,Bank Withdrawal,4,No,7
Female,50,No,No,No,0,No,0,None,Yes,41.08,Yes,Yes,25,No,No,No,No,No,No,No,Yes,Month-to-Month,Yes,Credit Card,4,No,2
Female,28,No,No,No,0,No,0,None,Yes,13.05,No,Yes,73,Yes,No,No,No,No,No,No,Yes,Month-to-Month,Yes,Bank Withdrawal,3,No,9
Male,54,No,No,Yes,1,No,0,None,Yes,2.65,Yes,No,0,No,No,No,No,No,No,No,No,Two Year,Yes,Credit Card,5,No,27
Female,57,No,Yes,No,0,Yes,9,None,Yes,23.29,No,Yes,25,No,Yes,Yes,Yes,No,Yes,Yes,Yes,Two Year,Yes,Credit Card,5,No,64
Male,23,No,No,No,0,No,0,None,No,0,No,Yes,26,Yes,No,Yes,Yes,No,Yes,Yes,Yes,Two Year,No,Bank Withdrawal,3,No,70
Female,19,No,No,No,0,No,0,None,Yes,26.64,Yes,No,0,No,No,No,No,No,No,No,No,Two Year,No,Credit Card,5,No,24
Male,62,No,Yes,Yes,2,Yes,8,None,Yes,3.57,No,No,0,No,No,No,No,No,No,No,No,Two Year,No,Credit Card,4,No,4
Male,46,No,Yes,Yes,1,Yes,2,None,Yes,26.25,No,Yes,25,No,No,Yes,No,Yes,Yes,Yes,Yes,Month-to-Month,Yes,Bank Withdrawal,5,No,44
Female,64,No,Yes,Yes,3,Yes,9,None,Yes,6.9,No,No,0,No,No,No,No,No,No,No,No,Two Year,Yes,Credit Card,5,No,72
Male,58,No,No,No,0,No,0,None,Yes,21.23,No,No,0,No,No,No,No,No,No,No,No,Two Year,No,Bank Withdrawal,3,No,66
Male,42,No,No,Yes,3,No,0,None,Yes,30.63,No,No,0,No,No,No,No,No,No,No,No,Month-to-Month,No,Credit Card,4,No,1
Male,59,No,Yes,Yes,3,Yes,4,None,Yes,31.45,No,Yes,76,Yes,Yes,Yes,Yes,Yes,No,No,Yes,One Year,No,Bank Withdrawal,3,No,38
Male,36,No,No,Yes,3,No,0,None,No,0,No,Yes,26,Yes,No,Yes,Yes,No,No,No,Yes,Two Year,No,Credit Card,4,No,23
Female,23,No,Yes,No,0,Yes,4,None,Yes,14.04,No,No,0,No,No,No,No,No,No,No,No,One Year,No,Credit Card,5,No,10
Male,25,No,Yes,Yes,2,Yes,4,None,Yes,21.21,Yes,Yes,27,Yes,No,Yes,Yes,Yes,Yes,Yes,No,Two Year,Yes,Credit Card,3,No,72
Female,20,No,Yes,No,0,Yes,7,None,Yes,20.79,No,Yes,69,No,Yes,No,Yes,No,No,No,Yes,Month-to-Month,No,Bank Withdrawal,4,No,35
Female,52,No,Yes,Yes,2,Yes,4,None,Yes,43.52,No,No,0,No,No,No,No,No,No,No,No,Two Year,No,Credit Card,4,No,58
Male,37,No,Yes,Yes,3,Yes,7,None,Yes,3.67,No,Yes,28,No,Yes,Yes,Yes,Yes,Yes,Yes,Yes,One Year,Yes,Bank Withdrawal,4,No,70
Male,56,No,Yes,Yes,3,Yes,2,None,Yes,13.67,Yes,Yes,30,No,Yes,Yes,No,Yes,Yes,Yes,Yes,One Year,No,Credit Card,5,No,38
Female,39,No,Yes,Yes,3,Yes,2,None,No,0,No,Yes,51,No,Yes,No,No,Yes,Yes,Yes,Yes,Month-to-Month,Yes,Bank Withdrawal,3,No,60
Male,34,No,No,No,0,No,0,None,Yes,37.59,Yes,Yes,8,Yes,Yes,No,No,Yes,No,No,Yes,Month-to-Month,Yes,Credit Card,3,No,26
Female,60,No,No,No,0,No,0,None,Yes,17.52,No,Yes,28,Yes,Yes,No,Yes,No,No,No,No,One Year,No,Bank Withdrawal,4,No,8
Female,50,No,No,No,0,No,0,None,Yes,8.93,Yes,Yes,26,No,No,No,No,No,No,No,Yes,Month-to-Month,Yes,Bank Withdrawal,4,No,55
Female,40,No,No,No,0,No,0,None,Yes,12.63,Yes,Yes,23,Yes,Yes,No,No,No,No,No,Yes,Two Year,No,Bank Withdrawal,3,No,72
Female,61,No,Yes,Yes,3,Yes,9,None,Yes,23.02,Yes,Yes,21,No,Yes,Yes,No,No,No,No,Yes,Two Year,Yes,Bank Withdrawal,5,No,54
Male,26,No,Yes,Yes,1,Yes,7,None,Yes,21.29,Yes,Yes,52,Yes,Yes,Yes,Yes,Yes,Yes,Yes,Yes,Two Year,Yes,Bank Withdrawal,3,No,72
Male,54,No,No,No,0,No,0,None,Yes,20.8,Yes,Yes,30,Yes,No,Yes,Yes,Yes,Yes,Yes,No,Two Year,Yes,Bank Withdrawal,4,No,52
Female,56,No,No,No,0,No,0,None,No,0,No,Yes,6,No,No,Yes,No,Yes,Yes,Yes,Yes,Month-to-Month,Yes,Credit Card,4,No,39
Female,28,No,No,No,0,No,0,None,Yes,6.56,No,Yes,52,No,No,No,No,Yes,No,No,Yes,One Year,No,Credit Card,4,No,15
Male,39,No,Yes,Yes,1,Yes,10,None,Yes,14.97,No,No,0,No,No,No,No,No,No,No,No,One Year,Yes,Credit Card,4,No,43
Female,51,No,Yes,Yes,2,Yes,1,None,Yes,41.55,No,Yes,25,Yes,Yes,Yes,Yes,Yes,Yes,Yes,No,Two Year,Yes,Bank Withdrawal,4,No,72
Male,43,No,Yes,Yes,1,Yes,9,None,Yes,27.95,Yes,No,0,No,No,No,No,No,No,No,No,Two Year,No,Credit Card,5,No,40
Female,55,No,Yes,No,0,Yes,7,None,No,0,No,Yes,29,Yes,Yes,No,No,Yes,No,No,Yes,One Year,Yes,Bank Withdrawal,3,No,58
Male,44,No,No,No,0,No,0,None,No,0,No,Yes,17,Yes,No,No,Yes,Yes,No,No,Yes,Two Year,No,Bank Withdrawal,4,No,67
Male,47,No,Yes,No,0,Yes,1,None,Yes,3.12,Yes,Yes,6,No,No,Yes,Yes,Yes,Yes,Yes,Yes,One Year,Yes,Credit Card,5,No,31
Male,64,No,Yes,No,0,Yes,4,None,Yes,43.11,Yes,Yes,18,No,No,No,Yes,No,No,No,Yes,One Year,Yes,Bank Withdrawal,5,No,32
Female,23,No,No,No,0,No,0,None,Yes,17.35,No,Yes,71,Yes,Yes,No,Yes,Yes,No,No,No,Two Year,No,Credit Card,4,No,21
Male,42,No,No,No,0,No,0,None,Yes,47.9,No,Yes,3,Yes,No,Yes,No,No,No,No,Yes,One Year,No,Bank Withdrawal,3,No,52
Female,42,No,Yes,Yes,3,Yes,8,None,Yes,47.6,Yes,No,0,No,No,No,No,No,No,No,No,Two Year,No,Credit Card,4,No,72
Male,48,No,Yes,Yes,2,Yes,9,None,No,0,No,Yes,19,Yes,No,Yes,No,No,Yes,Yes,Yes,One Year,No,Bank Withdrawal,3,No,52
Female,62,No,No,No,0,No,0,None,Yes,12.42,No,Yes,12,No,No,No,Yes,No,No,No,Yes,One Year,No,Bank Withdrawal,5,No,41
Male,46,No,No,No,0,No,0,None,Yes,36.76,No,No,0,No,No,No,No,No,No,No,No,Two Year,No,Credit Card,3,No,41
Male,39,No,Yes,Yes,1,Yes,6,None,Yes,36.21,Yes,Yes,24,Yes,Yes,Yes,Yes,No,No,No,Yes,One Year,Yes,Credit Card,3,No,67
Female,40,No,Yes,Yes,3,Yes,10,None,Yes,12.82,No,No,0,No,No,No,No,No,No,No,No,Month-to-Month,No,Credit Card,5,No,16
Male,35,No,No,No,0,No,0,None,Yes,27.66,No,No,0,No,No,No,No,No,No,No,No,Two Year,No,Credit Card,3,No,17
Male,27,No,Yes,No,0,Yes,4,None,Yes,25.32,No,Yes,30,Yes,Yes,Yes,No,No,No,No,Yes,Month-to-Month,No,Credit Card,3,No,35
Female,52,No,Yes,Yes,2,Yes,10,None,Yes,25.86,No,No,0,No,No,No,No,No,No,No,No,Two Year,No,Credit Card,4,No,58
Male,35,No,Yes,Yes,2,Yes,1,None,No,0,No,Yes,17,No,Yes,Yes,Yes,Yes,No,No,Yes,Two Year,No,Credit Card,4,No,52
Female,60,No,No,No,0,No,0,None,Yes,47.72,No,Yes,28,Yes,No,Yes,Yes,Yes,Yes,Yes,Yes,Two Year,No,Bank Withdrawal,3,No,70
Female,20,No,Yes,Yes,1,Yes,1,None,Yes,31.58,Yes,No,0,No,No,No,No,No,No,No,No,Two Year,Yes,Bank Withdrawal,3,No,19
Female,33,No,Yes,Yes,3,Yes,1,None,Yes,26.09,No,Yes,56,Yes,No,Yes,Yes,Yes,Yes,Yes,No,Month-to-Month,Yes,Bank Withdrawal,3,No,35
Female,33,No,No,No,0,No,0,None,Yes,41.53,Yes,Yes,28,No,No,Yes,No,Yes,Yes,Yes,Yes,Month-to-Month,Yes,Bank Withdrawal,5,No,32
Female,25,No,Yes,Yes,3,Yes,1,None,Yes,20.23,No,Yes,69,Yes,No,No,Yes,No,No,No,Yes,Month-to-Month,Yes,Credit Card,4,No,17
Female,44,No,Yes,Yes,3,Yes,1,Offer A,Yes,46.9,No,Yes,28,No,Yes,No,No,No,No,No,Yes,One Year,No,Credit Card,5,No,67
Female,56,No,No,No,0,No,0,None,Yes,43.83,No,No,0,No,No,No,No,No,No,No,No,Month-to-Month,No,Bank Withdrawal,4,No,9
Male,43,No,No,No,0,No,0,Offer E,Yes,31.57,Yes,Yes,18,Yes,No,No,No,Yes,No,No,Yes,Month-to-Month,No,Bank Withdrawal,3,No,4
Male,62,No,No,No,0,No,0,None,Yes,35.13,No,Yes,3,Yes,No,Yes,Yes,Yes,Yes,Yes,Yes,One Year,No,Credit Card,3,No,60
Male,35,No,No,No,0,No,0,Offer E,Yes,17.94,No,No,0,No,No,No,No,No,No,No,No,Month-to-Month,No,Credit Card,4,No,1
Female,36,No,Yes,Yes,3,Yes,1,None,Yes,2.4,No,No,0,No,No,No,No,No,No,No,No,Two Year,No,Credit Card,5,No,27
Male,20,No,No,No,0,No,0,None,Yes,13.8,Yes,Yes,59,Yes,No,No,No,Yes,No,No,Yes,Month-to-Month,Yes,Bank Withdrawal,3,No,15
Female,32,No,No,No,0,No,0,None,Yes,7.83,Yes,Yes,19,Yes,No,No,No,No,No,No,Yes,Month-to-Month,Yes,Credit Card,4,No,41
Male,21,No,Yes,No,0,Yes,1,Offer B,No,0,No,Yes,53,No,No,No,No,Yes,Yes,Yes,No,Month-to-Month,Yes,Bank Withdrawal,4,No,59
Female,45,No,No,Yes,2,No,0,Offer B,Yes,36.11,No,Yes,20,No,No,No,No,No,No,No,Yes,Two Year,No,Credit Card,3,No,50
Male,20,No,Yes,Yes,2,Yes,1,None,No,0,No,Yes,52,Yes,No,Yes,No,Yes,No,No,Yes,One Year,No,Credit Card,3,No,17
Male,48,No,Yes,Yes,3,Yes,1,Offer E,Yes,34.7,No,Yes,51,Yes,No,No,No,No,No,No,Yes,Month-to-Month,Yes,Bank Withdrawal,3,No,6
Male,44,No,Yes,No,0,Yes,1,Offer B,Yes,14.21,No,Yes,23,No,Yes,No,No,Yes,No,No,Yes,Month-to-Month,Yes,Credit Card,4,No,49
Male,30,No,Yes,No,0,Yes,1,Offer B,Yes,20.5,Yes,Yes,53,Yes,No,No,Yes,No,Yes,Yes,Yes,One Year,Yes,Credit Card,3,No,59
Female,45,No,Yes,Yes,2,Yes,1,Offer B,Yes,2.47,No,No,0,No,No,No,No,No,No,No,No,Two Year,No,Credit Card,5,No,59
Male,63,No,No,No,0,No,0,None,Yes,4.38,Yes,Yes,20,No,No,No,No,No,No,No,Yes,Month-to-Month,No,Credit Card,5,No,18
Male,22,No,No,No,0,No,0,None,Yes,17.98,Yes,Yes,26,No,No,No,No,No,No,No,Yes,Month-to-Month,No,Bank Withdrawal,4,No,10
Male,57,No,Yes,No,0,Yes,1,Offer D,Yes,44.95,No,Yes,19,No,No,No,No,No,No,No,Yes,One Year,No,Bank Withdrawal,3,No,14
Male,47,No,No,No,0,No,0,None,Yes,17.2,No,No,0,No,No,No,No,No,No,No,No,Two Year,No,Bank Withdrawal,3,No,35
Male,48,No,Yes,Yes,2,Yes,1,Offer E,Yes,6.78,No,Yes,24,No,No,No,No,No,No,No,Yes,One Year,Yes,Credit Card,3,No,8
Male,56,No,Yes,Yes,3,Yes,1,Offer D,Yes,28.06,No,No,0,No,No,No,No,No,No,No,No,One Year,No,Bank Withdrawal,5,No,18
Female,35,No,Yes,Yes,3,Yes,1,Offer B,Yes,48.04,Yes,Yes,76,Yes,Yes,No,No,Yes,No,No,Yes,One Year,No,Bank Withdrawal,4,No,60
Female,61,No,No,No,0,No,0,Offer E,Yes,7.35,No,No,0,No,No,No,No,No,No,No,No,Two Year,No,Credit Card,5,No,6
Female,49,No,No,Yes,3,No,0,Offer D,Yes,8.02,Yes,Yes,57,Yes,Yes,No,Yes,Yes,No,No,Yes,Month-to-Month,Yes,Credit Card,4,No,19
Male,35,No,Yes,Yes,2,Yes,1,Offer B,Yes,37.57,Yes,Yes,15,Yes,Yes,No,Yes,No,No,No,Yes,One Year,No,Bank Withdrawal,3,No,53
Female,34,No,Yes,No,0,Yes,1,Offer B,Yes,30.23,Yes,Yes,14,No,Yes,Yes,Yes,Yes,Yes,Yes,Yes,Two Year,Yes,Credit Card,5,No,60
Female,40,No,No,Yes,1,No,0,Offer D,Yes,25.33,No,Yes,27,No,No,Yes,Yes,No,No,No,No,Month-to-Month,No,Credit Card,5,No,13
Female,47,No,Yes,Yes,2,Yes,1,None,Yes,1.38,No,Yes,16,No,No,No,No,No,No,No,Yes,Month-to-Month,No,Credit Card,3,No,5
Male,60,No,Yes,Yes,1,Yes,1,Offer D,Yes,44.05,No,Yes,19,No,No,Yes,No,Yes,Yes,Yes,Yes,Month-to-Month,No,Bank Withdrawal,3,No,13
Male,42,No,No,No,0,No,0,None,Yes,44.52,Yes,Yes,6,Yes,Yes,Yes,Yes,Yes,Yes,Yes,Yes,One Year,Yes,Bank Withdrawal,4,No,37
Male,40,No,Yes,No,0,No,0,Offer B,Yes,48.41,No,Yes,22,Yes,No,No,No,No,No,No,Yes,Month-to-Month,Yes,Credit Card,3,No,64
Female,55,No,Yes,No,0,Yes,1,Offer B,Yes,25.14,Yes,Yes,13,No,Yes,No,Yes,No,Yes,Yes,Yes,Two Year,Yes,Bank Withdrawal,5,No,61
Male,29,No,No,No,0,No,0,None,Yes,6.38,No,No,0,No,No,No,No,No,No,No,No,One Year,No,Credit Card,4,No,26
Male,32,No,Yes,No,0,Yes,4,None,Yes,27.38,No,No,0,No,No,No,No,No,No,No,No,Two Year,No,Credit Card,3,No,24
Male,29,No,Yes,No,0,Yes,5,Offer D,No,0,No,Yes,27,No,No,Yes,Yes,Yes,Yes,Yes,Yes,One Year,No,Bank Withdrawal,4,No,17
Female,24,No,No,Yes,2,No,0,None,No,0,No,Yes,27,No,No,Yes,No,No,No,No,Yes,Month-to-Month,Yes,Credit Card,3,No,26
Male,33,No,No,No,0,No,0,Offer B,Yes,5.42,Yes,Yes,22,No,Yes,Yes,No,Yes,Yes,Yes,Yes,Month-to-Month,Yes,Bank Withdrawal,4,No,52
Male,22,No,No,No,0,No,0,None,Yes,29.19,No,No,0,No,No,No,No,No,No,No,No,Month-to-Month,No,Credit Card,5,No,1
Female,34,No,No,No,0,No,0,Offer D,No,0,No,Yes,4,Yes,No,No,Yes,No,No,No,Yes,Two Year,No,Credit Card,4,No,21
Female,23,No,Yes,No,0,Yes,2,Offer A,Yes,25.46,Yes,Yes,73,No,Yes,Yes,No,Yes,Yes,Yes,Yes,One Year,Yes,Bank Withdrawal,4,No,67
Female,36,No,Yes,Yes,3,Yes,10,Offer B,Yes,43.7,No,Yes,75,Yes,No,No,Yes,No,No,No,No,Month-to-Month,No,Bank Withdrawal,3,No,44
Male,19,No,Yes,Yes,3,Yes,1,Offer A,No,0,No,Yes,47,No,Yes,Yes,Yes,Yes,Yes,Yes,Yes,One Year,No,Bank Withdrawal,3,No,70
Male,45,No,Yes,Yes,2,Yes,1,Offer B,Yes,22.74,No,Yes,13,Yes,Yes,Yes,No,No,No,No,Yes,Two Year,Yes,Bank Withdrawal,3,No,56
Female,32,No,Yes,Yes,1,Yes,10,Offer B,Yes,49.26,Yes,Yes,18,Yes,No,Yes,Yes,No,Yes,Yes,Yes,Two Year,No,Credit Card,3,No,46
Female,37,No,Yes,Yes,1,Yes,6,Offer B,Yes,25.32,No,Yes,11,Yes,No,No,No,No,No,No,Yes,Two Year,Yes,Bank Withdrawal,3,No,63
Male,23,No,No,No,0,No,0,Offer D,Yes,28.76,No,Yes,27,No,Yes,Yes,Yes,No,No,No,Yes,Month-to-Month,Yes,Bank Withdrawal,3,No,11
Male,22,No,Yes,Yes,2,Yes,6,Offer D,Yes,24.36,Yes,Yes,59,No,No,Yes,Yes,No,No,No,Yes,Month-to-Month,Yes,Bank Withdrawal,4,No,15
Male,33,No,Yes,No,0,Yes,8,Offer A,No,0,No,Yes,12,Yes,Yes,Yes,Yes,Yes,Yes,Yes,No,Two Year,Yes,Bank Withdrawal,3,No,72
Female,23,No,Yes,Yes,2,Yes,3,None,Yes,30.17,No,Yes,48,No,No,No,No,Yes,No,No,Yes,Month-to-Month,No,Bank Withdrawal,3,No,6
Male,62,No,Yes,Yes,2,Yes,4,Offer B,Yes,48.62,Yes,Yes,28,No,Yes,No,No,No,Yes,Yes,Yes,One Year,Yes,Bank Withdrawal,4,No,63
Female,33,No,Yes,Yes,1,Yes,2,Offer D,Yes,39.56,Yes,No,0,No,No,No,No,No,No,No,No,Two Year,No,Credit Card,4,No,18
Female,34,No,Yes,No,0,Yes,9,Offer B,No,0,No,Yes,21,Yes,No,No,Yes,No,No,No,Yes,Month-to-Month,No,Bank Withdrawal,3,No,43
Female,60,No,No,No,0,No,0,Offer D,No,0,No,Yes,25,Yes,Yes,Yes,Yes,No,No,No,Yes,One Year,No,Credit Card,3,No,15
Male,57,No,Yes,Yes,3,Yes,1,Offer B,Yes,40.94,No,No,0,No,No,No,No,No,No,No,No,Two Year,No,Credit Card,5,No,55
Male,38,No,Yes,Yes,1,Yes,2,Offer A,Yes,31.78,No,No,0,No,No,No,No,No,No,No,No,Two Year,No,Credit Card,5,No,70
Female,33,No,No,No,0,No,0,None,Yes,1.22,No,Yes,10,No,Yes,No,Yes,No,Yes,Yes,Yes,Month-to-Month,Yes,Bank Withdrawal,5,No,25
Male,45,No,No,No,0,No,0,None,No,0,No,Yes,29,No,No,No,No,No,No,No,Yes,Month-to-Month,No,Credit Card,3,No,1
Female,35,No,Yes,No,0,Yes,7,None,Yes,23.31,No,Yes,20,No,Yes,No,Yes,Yes,Yes,Yes,No,Month-to-Month,Yes,Bank Withdrawal,5,No,26
Female,55,No,No,No,0,No,0,None,Yes,45.56,No,Yes,7,Yes,Yes,No,No,No,Yes,Yes,Yes,One Year,No,Bank Withdrawal,3,No,34
Female,29,No,No,Yes,1,No,0,Offer D,Yes,35.45,No,No,0,No,No,No,No,No,No,No,No,Two Year,No,Credit Card,4,No,19
Female,22,No,Yes,Yes,3,Yes,5,Offer B,Yes,32.92,No,Yes,71,Yes,No,Yes,No,No,No,No,Yes,One Year,No,Credit Card,4,No,62
Male,60,No,No,No,0,No,0,None,Yes,33.97,No,Yes,22,Yes,No,No,No,No,No,No,Yes,Month-to-Month,Yes,Bank Withdrawal,3,No,24
Male,20,No,Yes,Yes,1,Yes,6,None,Yes,25.04,No,Yes,71,No,No,Yes,Yes,No,No,No,Yes,Month-to-Month,No,Credit Card,3,No,31
Female,20,No,Yes,No,0,Yes,5,Offer B,Yes,20.51,No,Yes,51,No,Yes,No,No,Yes,Yes,Yes,No,One Year,Yes,Bank Withdrawal,3,No,63
Female,46,No,Yes,Yes,3,Yes,8,Offer B,No,0,No,Yes,26,No,Yes,Yes,Yes,Yes,Yes,Yes,Yes,Two Year,Yes,Bank Withdrawal,3,No,61
Male,32,No,No,No,0,No,0,Offer D,Yes,1.42,No,No,0,No,No,No,No,No,No,No,No,One Year,No,Credit Card,3,No,18
Female,38,No,Yes,Yes,3,No,0,None,Yes,30.01,No,No,0,No,No,No,No,No,No,No,No,One Year,No,Credit Card,5,No,6
Female,44,No,No,No,0,No,0,None,Yes,16.57,Yes,Yes,30,No,Yes,No,No,Yes,Yes,Yes,Yes,Month-to-Month,Yes,Bank Withdrawal,5,No,33
Female,62,No,Yes,No,0,Yes,3,Offer B,Yes,7,No,Yes,18,No,No,Yes,Yes,Yes,Yes,Yes,Yes,Month-to-Month,Yes,Bank Withdrawal,4,No,56
Male,50,No,No,Yes,3,No,0,Offer D,Yes,1.2,No,No,0,No,No,No,No,No,No,No,No,One Year,No,Credit Card,3,No,23
Male,54,No,No,No,0,No,0,None,Yes,1.85,No,Yes,22,No,No,Yes,No,No,No,No,No,Month-to-Month,Yes,Bank Withdrawal,3,No,9
Male,26,No,No,No,0,No,0,None,Yes,22.16,No,No,0,No,No,No,No,No,No,No,No,Month-to-Month,No,Credit Card,4,No,5
Male,40,No,Yes,No,0,Yes,6,None,Yes,27.66,Yes,Yes,29,Yes,Yes,No,No,Yes,Yes,Yes,Yes,Month-to-Month,Yes,Bank Withdrawal,4,No,61
Male,21,No,Yes,Yes,2,Yes,5,Offer A,Yes,40.77,Yes,Yes,71,Yes,Yes,Yes,Yes,Yes,Yes,Yes,Yes,Two Year,Yes,Credit Card,3,No,70
Male,53,No,No,No,0,No,0,Offer D,Yes,10.12,Yes,Yes,15,Yes,No,No,No,Yes,Yes,Yes,Yes,Month-to-Month,Yes,Bank Withdrawal,3,No,15
Male,27,No,Yes,Yes,1,Yes,8,None,Yes,11.57,No,No,0,No,No,No,No,No,No,No,No,Two Year,No,Credit Card,4,No,8
Female,19,No,Yes,Yes,2,Yes,10,None,Yes,13.21,No,No,0,No,No,No,No,No,No,No,No,Two Year,No,Credit Card,5,No,8
Female,53,No,No,No,0,No,0,None,No,0,No,Yes,2,Yes,No,No,No,No,No,No,No,Month-to-Month,Yes,Credit Card,4,No,4
Female,31,No,No,No,0,No,0,Offer C,Yes,43.17,No,Yes,8,Yes,Yes,No,No,No,No,No,Yes,One Year,No,Credit Card,4,No,34
Male,38,No,Yes,No,0,Yes,1,Offer A,Yes,11.83,Yes,Yes,21,Yes,Yes,Yes,Yes,Yes,Yes,Yes,Yes,Two Year,Yes,Credit Card,4,No,68
Female,52,No,Yes,Yes,2,Yes,10,None,No,0,No,Yes,19,No,Yes,Yes,Yes,No,Yes,Yes,Yes,One Year,No,Bank Withdrawal,4,No,45
Female,33,No,No,No,0,No,0,Offer D,Yes,32.75,Yes,Yes,24,Yes,No,No,Yes,No,No,No,Yes,Month-to-Month,Yes,Credit Card,4,No,22
Female,39,No,No,No,0,No,0,None,Yes,12.68,No,No,0,No,No,No,No,No,No,No,No,Month-to-Month,No,Credit Card,5,No,2
Male,50,No,Yes,No,0,Yes,4,Offer A,Yes,38.58,Yes,Yes,25,No,Yes,Yes,Yes,Yes,No,No,No,Two Year,No,Bank Withdrawal,4,No,70
Female,23,No,No,Yes,1,No,0,Offer D,Yes,14.24,Yes,Yes,26,Yes,No,Yes,Yes,No,Yes,Yes,Yes,One Year,No,Credit Card,3,No,10
Male,55,No,No,No,0,No,0,Offer A,Yes,29.03,Yes,Yes,27,Yes,No,Yes,Yes,Yes,Yes,Yes,Yes,Two Year,No,Credit Card,4,No,72
Female,23,No,Yes,Yes,1,Yes,10,None,Yes,9.07,No,Yes,82,No,Yes,Yes,No,Yes,Yes,Yes,Yes,One Year,No,Credit Card,5,No,49
Female,57,No,No,No,0,No,0,Offer A,Yes,2.93,Yes,Yes,10,Yes,Yes,Yes,No,Yes,Yes,Yes,Yes,Two Year,Yes,Credit Card,3,No,71
Female,50,No,No,No,0,No,0,None,Yes,35.4,No,No,0,No,No,No,No,No,No,No,No,One Year,Yes,Credit Card,3,No,22
Female,37,No,Yes,Yes,3,Yes,10,None,Yes,10.13,No,No,0,No,No,No,No,No,No,No,No,Two Year,No,Credit Card,4,No,50
Female,51,No,Yes,Yes,2,Yes,5,None,Yes,35.2,No,No,0,No,No,No,No,No,No,No,No,One Year,No,Credit Card,5,No,43
Female,21,No,Yes,Yes,1,Yes,5,None,Yes,37.57,Yes,No,0,No,No,No,No,No,No,No,No,Two Year,Yes,Credit Card,3,No,45
Female,61,No,Yes,Yes,3,No,0,None,Yes,7.11,Yes,No,0,No,No,No,No,No,No,No,No,Two Year,No,Credit Card,5,No,23
Female,41,No,Yes,No,0,Yes,8,Offer A,Yes,17.12,Yes,No,0,No,No,No,No,No,No,No,No,Two Year,No,Credit Card,4,No,68
Male,47,No,No,No,0,No,0,Offer C,Yes,3.26,No,Yes,6,No,No,No,Yes,Yes,No,No,Yes,One Year,No,Credit Card,4,No,26
Male,27,No,No,No,0,No,0,None,Yes,9.19,No,No,0,No,No,No,No,No,No,No,No,Month-to-Month,Yes,Bank Withdrawal,5,No,14
Male,34,No,Yes,No,0,Yes,2,Offer A,Yes,28.21,No,Yes,19,Yes,No,Yes,Yes,Yes,Yes,Yes,Yes,Two Year,Yes,Bank Withdrawal,3,No,71
Male,25,No,No,No,0,No,0,None,Yes,5.49,Yes,Yes,69,Yes,Yes,Yes,Yes,Yes,No,No,No,One Year,No,Bank Withdrawal,3,No,64
Female,61,No,No,No,0,No,0,None,Yes,6.45,No,Yes,3,Yes,Yes,Yes,Yes,Yes,No,No,Yes,Two Year,Yes,Credit Card,4,No,57
Female,51,No,Yes,Yes,2,Yes,4,None,Yes,29.42,Yes,Yes,23,No,Yes,Yes,No,Yes,No,No,Yes,Month-to-Month,Yes,Credit Card,5,No,40
Male,48,No,Yes,No,0,Yes,3,None,Yes,22.14,Yes,Yes,11,No,No,No,Yes,Yes,No,No,Yes,Month-to-Month,Yes,Credit Card,3,No,14
Male,33,No,Yes,Yes,1,Yes,2,None,Yes,30.87,No,Yes,19,No,No,No,No,No,No,No,Yes,Month-to-Month,Yes,Bank Withdrawal,5,No,2
Male,56,No,No,No,0,No,0,None,Yes,12.35,No,Yes,13,No,No,No,No,Yes,No,No,Yes,Month-to-Month,Yes,Credit Card,3,No,5
Male,26,No,Yes,Yes,2,Yes,5,Offer C,Yes,36.7,Yes,Yes,69,Yes,No,No,Yes,Yes,No,No,No,One Year,No,Bank Withdrawal,4,No,29
Female,42,No,No,No,0,No,0,Offer E,Yes,14.79,No,No,0,No,No,No,No,No,No,No,No,Month-to-Month,No,Credit Card,4,No,3
Male,53,No,Yes,Yes,1,Yes,8,Offer A,Yes,14.86,No,No,0,No,No,No,No,No,No,No,No,Two Year,No,Credit Card,5,No,71
Male,34,No,No,Yes,2,No,0,Offer E,Yes,27.64,No,Yes,29,No,Yes,No,No,No,No,No,Yes,Month-to-Month,Yes,Bank Withdrawal,4,No,9
Female,30,No,No,No,0,No,0,None,Yes,45.51,Yes,Yes,27,Yes,Yes,Yes,No,Yes,Yes,Yes,Yes,One Year,Yes,Credit Card,4,No,48
Male,19,No,No,No,0,No,0,Offer C,Yes,49.87,Yes,Yes,48,Yes,Yes,No,No,No,No,No,Yes,Month-to-Month,Yes,Credit Card,3,No,26
Female,63,No,No,No,0,No,0,Offer E,Yes,34.79,No,No,0,No,No,No,No,No,No,No,No,Month-to-Month,No,Bank Withdrawal,4,No,9
Female,46,No,Yes,Yes,3,Yes,9,None,Yes,12.68,No,No,0,No,No,No,No,No,No,No,No,Two Year,No,Credit Card,4,No,46
Male,48,No,Yes,Yes,1,Yes,3,None,No,0,No,Yes,19,Yes,No,Yes,Yes,Yes,Yes,Yes,Yes,Two Year,Yes,Bank Withdrawal,4,No,64
Female,29,No,Yes,No,0,Yes,6,None,Yes,31.43,No,No,0,No,No,No,No,No,No,No,No,One Year,No,Credit Card,5,No,59
Female,20,No,No,No,0,No,0,Offer E,Yes,36.49,No,Yes,42,No,Yes,No,No,Yes,Yes,Yes,Yes,One Year,Yes,Credit Card,3,No,7
Male,49,No,Yes,No,0,Yes,7,Offer C,Yes,11.6,Yes,Yes,10,No,No,Yes,No,No,No,No,Yes,Month-to-Month,No,Credit Card,5,No,25
Male,56,No,Yes,No,0,Yes,9,Offer C,Yes,35.8,No,No,0,No,No,No,No,No,No,No,No,One Year,No,Credit Card,3,No,24
Female,42,No,Yes,Yes,1,Yes,5,None,Yes,26.37,Yes,Yes,26,Yes,Yes,No,No,Yes,No,No,Yes,One Year,No,Bank Withdrawal,4,No,10
Male,36,No,Yes,No,0,Yes,7,Offer A,Yes,14.18,No,Yes,16,Yes,Yes,No,No,No,No,No,Yes,One Year,Yes,Credit Card,3,No,69
Male,37,No,No,No,0,No,0,None,Yes,38.73,No,No,0,No,No,No,No,No,No,No,No,Two Year,No,Credit Card,3,No,57
Male,38,No,Yes,Yes,1,Yes,2,None,Yes,36.21,No,Yes,22,No,Yes,Yes,Yes,Yes,Yes,Yes,Yes,One Year,Yes,Bank Withdrawal,5,No,50
Male,42,No,Yes,Yes,1,Yes,2,Offer C,No,0,No,Yes,19,Yes,No,Yes,Yes,Yes,No,No,Yes,One Year,No,Credit Card,4,No,28
Male,28,No,No,No,0,No,0,Offer C,Yes,7.55,No,Yes,71,Yes,Yes,No,Yes,Yes,Yes,Yes,Yes,Month-to-Month,Yes,Credit Card,4,No,25
Male,46,No,Yes,No,0,Yes,1,None,Yes,21.96,Yes,Yes,2,No,No,No,No,Yes,Yes,Yes,Yes,One Year,Yes,Bank Withdrawal,5,No,61
Female,60,No,No,No,0,No,0,None,Yes,35.5,No,No,0,No,No,No,No,No,No,No,No,Month-to-Month,No,Credit Card,5,No,2
Male,38,No,Yes,Yes,3,Yes,3,None,Yes,37.63,No,No,0,No,No,No,No,No,No,No,No,One Year,No,Credit Card,4,No,51
Female,21,No,Yes,Yes,3,Yes,10,Offer A,Yes,48.76,No,Yes,71,Yes,No,Yes,No,Yes,Yes,Yes,Yes,Two Year,No,Credit Card,3,No,71
Female,31,No,Yes,Yes,2,Yes,10,None,Yes,14.79,No,No,0,No,No,No,No,No,No,No,No,Month-to-Month,No,Credit Card,3,No,20
Male,54,No,Yes,Yes,2,Yes,8,Offer E,Yes,23.73,No,No,0,No,No,No,No,No,No,No,No,Month-to-Month,No,Credit Card,5,No,6
Female,64,No,No,No,0,No,0,Offer E,Yes,43.18,No,No,0,No,No,No,No,No,No,No,No,Month-to-Month,No,Credit Card,5,No,6
Female,48,No,No,No,0,No,0,Offer C,Yes,13.74,Yes,Yes,2,Yes,Yes,No,Yes,No,No,No,Yes,Month-to-Month,No,Credit Card,3,No,29
Male,33,No,No,No,0,No,0,Offer C,Yes,8.5,No,No,0,No,No,No,No,No,No,No,No,Two Year,Yes,Credit Card,3,No,36
Female,35,No,No,No,0,No,0,Offer C,No,0,No,Yes,14,No,No,Yes,No,No,No,No,Yes,Month-to-Month,Yes,Credit Card,5,No,28
Female,64,No,No,No,0,No,0,Offer B,Yes,26.74,Yes,No,0,No,No,No,No,No,No,No,No,Two Year,No,Credit Card,3,No,63
Male,39,No,Yes,Yes,1,No,0,Offer B,Yes,11.86,Yes,No,0,No,No,No,No,No,No,No,No,Two Year,No,Credit Card,3,No,48
Female,48,No,Yes,No,0,Yes,5,Offer B,Yes,49.58,No,No,0,No,No,No,No,No,No,No,No,One Year,No,Bank Withdrawal,3,No,49
Male,42,No,Yes,No,0,Yes,5,Offer A,Yes,13.59,Yes,Yes,5,Yes,Yes,Yes,Yes,Yes,Yes,Yes,No,Two Year,No,Credit Card,4,No,72
Female,49,No,Yes,Yes,3,Yes,9,None,No,0,No,Yes,53,No,Yes,No,Yes,Yes,Yes,Yes,Yes,Two Year,No,Credit Card,3,No,72
Female,57,No,No,No,0,No,0,Offer B,No,0,No,Yes,3,Yes,Yes,No,Yes,No,No,No,Yes,One Year,No,Credit Card,4,No,47
Female,41,No,No,No,0,No,0,None,Yes,36.33,No,Yes,4,No,No,No,No,Yes,No,No,Yes,Month-to-Month,Yes,Bank Withdrawal,3,No,1
Female,52,No,No,No,0,No,0,Offer C,Yes,28.41,Yes,Yes,4,No,Yes,Yes,No,Yes,Yes,Yes,Yes,One Year,Yes,Bank Withdrawal,3,No,36
Male,44,No,Yes,Yes,3,Yes,5,Offer B,No,0,No,Yes,53,No,Yes,No,No,No,No,No,Yes,Month-to-Month,No,Credit Card,3,No,43
Female,22,No,No,No,0,No,0,Offer C,Yes,23.95,Yes,Yes,27,No,No,Yes,Yes,Yes,Yes,Yes,No,Month-to-Month,Yes,Bank Withdrawal,5,No,38
Female,25,No,Yes,Yes,3,Yes,6,Offer E,Yes,5.59,Yes,Yes,59,No,Yes,Yes,Yes,Yes,No,No,Yes,Two Year,No,Credit Card,4,No,10
Female,32,No,Yes,No,0,Yes,10,Offer B,Yes,45.75,No,Yes,11,No,Yes,No,Yes,Yes,Yes,Yes,Yes,Two Year,Yes,Credit Card,3,No,59
Male,42,No,No,No,0,No,0,Offer C,Yes,39.77,No,No,0,No,No,No,No,No,No,No,No,Two Year,No,Credit Card,3,No,27
Male,54,No,No,No,0,No,0,Offer E,Yes,1.41,Yes,No,0,No,No,No,No,No,No,No,No,Month-to-Month,No,Credit Card,4,No,7
Female,55,No,No,No,0,No,0,Offer C,Yes,29.27,Yes,Yes,9,No,Yes,No,Yes,No,Yes,Yes,No,One Year,Yes,Credit Card,3,No,36
Female,19,No,Yes,Yes,2,Yes,10,Offer B,Yes,1.6,Yes,Yes,59,Yes,Yes,No,No,Yes,No,No,Yes,Month-to-Month,Yes,Bank Withdrawal,4,No,41
Female,33,No,No,No,0,No,0,None,No,0,No,Yes,28,No,Yes,No,No,No,No,No,Yes,Month-to-Month,No,Bank Withdrawal,4,No,13
Male,62,No,No,Yes,2,No,0,None,Yes,36.16,No,No,0,No,No,No,No,No,No,No,No,Two Year,No,Credit Card,4,No,19
Female,61,No,Yes,No,0,Yes,1,Offer B,No,0,No,Yes,2,Yes,Yes,No,Yes,No,No,No,Yes,Two Year,No,Bank Withdrawal,4,No,60
Male,47,No,Yes,No,0,Yes,9,None,Yes,3.08,Yes,Yes,20,No,Yes,No,Yes,Yes,No,No,Yes,Two Year,Yes,Credit Card,3,No,69
Male,63,No,No,No,0,No,0,Offer B,No,0,No,Yes,11,No,No,Yes,Yes,No,Yes,Yes,Yes,One Year,No,Bank Withdrawal,4,No,43
Female,54,No,No,Yes,1,No,0,None,No,0,No,Yes,17,Yes,No,No,Yes,No,No,No,No,One Year,Yes,Credit Card,4,No,11
Female,42,No,Yes,No,0,Yes,6,Offer B,Yes,6.49,No,Yes,22,No,No,Yes,No,No,No,No,Yes,Month-to-Month,Yes,Credit Card,4,No,45
Male,53,No,Yes,No,0,Yes,6,None,Yes,22.95,Yes,Yes,17,No,Yes,Yes,Yes,Yes,Yes,Yes,Yes,Two Year,Yes,Credit Card,3,No,72
Female,48,No,Yes,Yes,3,Yes,3,None,Yes,19.28,No,No,0,No,No,No,No,No,No,No,No,Two Year,No,Bank Withdrawal,5,No,12
Female,20,No,Yes,Yes,3,Yes,3,None,Yes,20.41,Yes,Yes,52,No,Yes,Yes,Yes,Yes,Yes,Yes,Yes,One Year,Yes,Credit Card,4,No,67
Male,23,No,Yes,No,0,Yes,8,Offer C,Yes,13.13,Yes,Yes,58,No,No,Yes,Yes,Yes,No,No,Yes,Two Year,No,Credit Card,3,No,37
Female,19,No,No,No,0,No,0,Offer C,No,0,No,Yes,73,Yes,Yes,No,Yes,No,No,No,Yes,One Year,No,Bank Withdrawal,4,No,39
Female,47,No,No,No,0,No,0,Offer B,Yes,31.08,Yes,Yes,12,Yes,No,Yes,Yes,No,Yes,Yes,No,Month-to-Month,Yes,Bank Withdrawal,4,No,41
Female,20,No,No,No,0,No,0,Offer C,No,0,No,Yes,59,No,No,Yes,No,Yes,Yes,Yes,Yes,Month-to-Month,Yes,Bank Withdrawal,5,No,25
Male,32,No,Yes,Yes,1,No,0,Offer E,Yes,37.28,Yes,Yes,14,Yes,Yes,No,Yes,No,Yes,Yes,Yes,Two Year,Yes,Credit Card,4,No,8
Female,63,No,Yes,Yes,3,Yes,9,None,Yes,45.81,Yes,Yes,52,Yes,Yes,Yes,Yes,No,No,No,Yes,Two Year,No,Credit Card,4,No,71
Male,40,No,No,No,0,No,0,None,Yes,39.13,Yes,Yes,20,No,Yes,Yes,No,No,Yes,Yes,Yes,Month-to-Month,No,Bank Withdrawal,3,No,5
Female,59,No,No,No,0,No,0,Offer C,Yes,6.74,Yes,Yes,18,Yes,No,Yes,No,Yes,Yes,Yes,Yes,One Year,Yes,Credit Card,3,No,30
Male,30,No,No,No,0,No,0,Offer B,Yes,32.27,No,Yes,69,No,Yes,No,Yes,No,Yes,Yes,Yes,One Year,Yes,Credit Card,4,No,40
Female,44,No,No,No,0,No,0,Offer B,Yes,10.83,No,No,0,No,No,No,No,No,No,No,No,Two Year,Yes,Credit Card,5,No,54
Male,22,No,Yes,No,0,Yes,10,None,Yes,15.09,Yes,Yes,85,No,Yes,Yes,No,Yes,Yes,Yes,Yes,Two Year,Yes,Bank Withdrawal,5,No,72
Male,39,No,Yes,Yes,2,Yes,8,None,Yes,7.73,No,Yes,13,No,Yes,Yes,No,Yes,Yes,Yes,Yes,One Year,No,Bank Withdrawal,3,No,28
Male,45,No,Yes,Yes,3,Yes,1,None,Yes,28.04,No,Yes,28,No,No,No,Yes,No,Yes,Yes,Yes,Month-to-Month,Yes,Bank Withdrawal,4,No,18
Female,63,No,Yes,Yes,1,Yes,1,Offer B,Yes,35.23,Yes,Yes,19,No,Yes,Yes,No,Yes,Yes,Yes,Yes,One Year,Yes,Bank Withdrawal,5,No,59
Male,29,No,Yes,Yes,2,Yes,3,None,Yes,27.91,No,Yes,27,No,No,No,Yes,No,No,No,Yes,Month-to-Month,Yes,Bank Withdrawal,5,No,22
Female,55,No,No,No,0,No,0,None,Yes,2.38,No,No,0,No,No,No,No,No,No,No,No,Month-to-Month,No,Credit Card,4,No,1
Male,44,No,Yes,No,0,Yes,7,Offer B,Yes,26.06,Yes,Yes,18,No,No,No,Yes,Yes,Yes,Yes,Yes,One Year,No,Bank Withdrawal,4,No,50
Female,19,No,Yes,Yes,1,Yes,6,Offer B,Yes,44.66,No,Yes,27,Yes,No,Yes,Yes,Yes,No,No,Yes,One Year,No,Bank Withdrawal,3,No,48
Female,52,No,Yes,Yes,3,Yes,7,Offer B,Yes,27.38,Yes,Yes,57,No,Yes,No,No,Yes,Yes,Yes,Yes,Month-to-Month,Yes,Bank Withdrawal,5,No,49
Male,64,No,Yes,Yes,2,Yes,6,None,Yes,3.18,No,Yes,12,No,No,Yes,No,Yes,No,No,Yes,Month-to-Month,No,Bank Withdrawal,3,No,28
Male,29,No,No,No,0,No,0,Offer D,Yes,44.43,Yes,Yes,41,No,No,No,Yes,Yes,Yes,Yes,No,Month-to-Month,No,Bank Withdrawal,3,No,13
Female,60,No,No,No,0,No,0,Offer D,Yes,10.95,Yes,Yes,29,No,No,Yes,No,Yes,No,No,Yes,Month-to-Month,Yes,Bank Withdrawal,4,No,11
Male,62,No,Yes,No,0,Yes,1,None,Yes,40.04,Yes,No,0,No,No,No,No,No,No,No,No,Two Year,No,Credit Card,5,No,72
Male,63,No,Yes,Yes,3,Yes,4,None,Yes,38.83,Yes,Yes,24,No,Yes,Yes,Yes,Yes,Yes,Yes,Yes,Two Year,Yes,Bank Withdrawal,4,No,70
Female,47,No,Yes,Yes,1,Yes,9,Offer B,Yes,16.6,Yes,Yes,14,No,Yes,No,Yes,Yes,Yes,Yes,Yes,Two Year,No,Bank Withdrawal,5,No,49
Male,61,No,No,No,0,No,0,Offer B,Yes,30.25,No,No,0,No,No,No,No,No,No,No,No,Two Year,No,Bank Withdrawal,5,No,46
Female,57,No,Yes,No,0,Yes,1,None,Yes,45.19,No,No,0,No,No,No,No,No,No,No,No,Month-to-Month,No,Bank Withdrawal,4,No,37
Female,63,No,Yes,No,0,Yes,10,None,Yes,40.59,Yes,Yes,25,Yes,Yes,Yes,Yes,Yes,Yes,Yes,Yes,Two Year,No,Bank Withdrawal,4,No,72
Male,45,No,Yes,Yes,1,Yes,4,None,Yes,34.13,No,Yes,25,No,No,Yes,Yes,Yes,Yes,Yes,Yes,Two Year,Yes,Bank Withdrawal,4,No,68
Male,48,No,Yes,Yes,3,Yes,1,Offer D,Yes,17.28,No,No,0,No,No,No,No,No,No,No,No,One Year,No,Credit Card,5,No,15
Female,51,No,No,No,0,No,0,None,Yes,10.64,No,No,0,No,No,No,No,No,No,No,No,Two Year,Yes,Bank Withdrawal,5,No,24
Female,21,No,No,No,0,No,0,None,Yes,18.07,Yes,Yes,52,No,No,No,Yes,No,Yes,Yes,Yes,Month-to-Month,Yes,Bank Withdrawal,4,No,24
Male,59,No,No,No,0,No,0,None,Yes,18.51,No,Yes,9,Yes,No,No,No,No,No,No,No,Month-to-Month,No,Credit Card,3,No,27
Female,24,No,Yes,Yes,2,Yes,5,None,Yes,48.08,No,Yes,51,Yes,Yes,Yes,Yes,Yes,Yes,Yes,Yes,Two Year,No,Credit Card,4,No,71
Male,48,No,Yes,Yes,2,Yes,6,None,Yes,8.82,No,No,0,No,No,No,No,No,No,No,No,Two Year,Yes,Credit Card,4,No,67
Female,64,No,Yes,No,0,Yes,8,None,Yes,10.67,Yes,Yes,23,No,Yes,Yes,Yes,Yes,Yes,Yes,Yes,Two Year,Yes,Bank Withdrawal,4,No,63
Male,50,No,No,No,0,No,0,None,Yes,31.97,No,No,0,No,No,No,No,No,No,No,No,Month-to-Month,No,Credit Card,5,No,1
Male,51,No,No,No,0,No,0,None,Yes,17.7,No,Yes,22,No,No,No,No,No,Yes,Yes,Yes,Month-to-Month,Yes,Bank Withdrawal,3,No,4
Male,61,No,Yes,Yes,2,Yes,5,None,Yes,16.53,No,Yes,12,Yes,Yes,Yes,No,Yes,Yes,Yes,Yes,Two Year,No,Bank Withdrawal,4,No,52
Male,35,No,No,No,0,No,0,Offer D,Yes,3.01,Yes,No,0,No,No,No,No,No,No,No,No,Month-to-Month,Yes,Bank Withdrawal,5,No,10
Male,56,No,No,No,0,No,0,None,Yes,11.22,Yes,Yes,7,Yes,Yes,Yes,No,Yes,No,No,Yes,One Year,No,Bank Withdrawal,4,No,68
Female,58,No,Yes,No,0,Yes,4,None,No,0,No,Yes,8,Yes,No,Yes,No,No,No,No,Yes,One Year,No,Credit Card,4,No,52
Male,40,No,Yes,No,0,No,0,None,Yes,43.46,Yes,Yes,21,Yes,Yes,Yes,Yes,Yes,No,No,Yes,One Year,No,Bank Withdrawal,4,No,70
Male,47,No,No,No,0,No,0,None,No,0,No,Yes,4,Yes,No,Yes,No,No,No,No,Yes,One Year,Yes,Credit Card,3,No,43
Male,31,No,No,No,0,No,0,None,Yes,21.98,No,No,0,No,No,No,No,No,No,No,No,Two Year,No,Credit Card,4,No,52
Female,58,No,No,No,0,No,0,Offer D,No,0,No,Yes,7,Yes,No,Yes,Yes,No,Yes,Yes,Yes,Two Year,No,Credit Card,3,No,12
Female,25,No,Yes,Yes,1,Yes,7,None,Yes,7.31,Yes,Yes,76,Yes,Yes,No,No,No,Yes,Yes,No,One Year,No,Bank Withdrawal,3,No,56
Male,56,No,No,Yes,1,No,0,None,Yes,29.95,Yes,Yes,19,Yes,Yes,No,Yes,No,No,No,Yes,Two Year,Yes,Bank Withdrawal,4,No,10
Male,53,No,No,No,0,No,0,None,Yes,9.46,Yes,Yes,14,No,No,Yes,No,No,No,No,Yes,Month-to-Month,No,Bank Withdrawal,4,No,42
Male,43,No,No,No,0,No,0,None,Yes,2.59,No,No,0,No,No,No,No,No,No,No,No,Month-to-Month,Yes,Credit Card,4,No,27
Male,36,No,No,No,0,No,0,None,Yes,7.76,No,No,0,No,No,No,No,No,No,No,No,Month-to-Month,Yes,Credit Card,3,No,1
Female,55,No,Yes,Yes,1,Yes,5,None,Yes,20.98,Yes,No,0,No,No,No,No,No,No,No,No,Two Year,Yes,Bank Withdrawal,4,No,69
Male,38,No,Yes,Yes,2,Yes,6,Offer D,Yes,26.99,No,No,0,No,No,No,No,No,No,No,No,One Year,No,Credit Card,3,No,14
Male,31,No,Yes,No,0,Yes,6,None,Yes,15.48,No,Yes,15,Yes,No,No,Yes,No,No,No,Yes,Month-to-Month,No,Bank Withdrawal,3,No,57
Female,58,No,Yes,Yes,1,Yes,9,None,Yes,33.37,Yes,Yes,16,Yes,Yes,Yes,Yes,Yes,Yes,Yes,Yes,Two Year,No,Credit Card,4,No,72
Male,63,No,No,No,0,No,0,None,Yes,32.04,No,No,0,No,No,No,No,No,No,No,No,Two Year,No,Credit Card,5,No,48
Female,35,No,Yes,Yes,3,Yes,9,None,Yes,41.93,No,Yes,53,No,No,No,No,Yes,No,No,Yes,Month-to-Month,Yes,Credit Card,4,No,4
Male,31,No,Yes,Yes,1,Yes,10,None,Yes,9.56,No,No,0,No,No,No,No,No,No,No,No,Month-to-Month,Yes,Bank Withdrawal,4,No,31
Female,28,No,No,No,0,No,0,None,Yes,42.42,No,No,0,No,No,No,No,No,No,No,No,Month-to-Month,No,Credit Card,3,No,1
Male,22,No,Yes,No,0,Yes,5,None,No,0,No,Yes,41,No,No,No,Yes,No,No,No,Yes,Month-to-Month,Yes,Bank Withdrawal,3,No,3
Female,56,No,No,Yes,2,No,0,None,Yes,15.21,No,No,0,No,No,No,No,No,No,No,No,Two Year,Yes,Credit Card,4,No,72
Male,57,No,No,Yes,1,No,0,None,No,0,No,Yes,21,Yes,Yes,Yes,Yes,No,No,No,Yes,Month-to-Month,Yes,Credit Card,4,No,29
Male,25,No,Yes,Yes,3,No,0,None,Yes,6.18,No,Yes,59,No,No,No,No,No,No,No,No,Month-to-Month,No,Bank Withdrawal,3,No,13
Female,64,No,No,No,0,No,0,None,Yes,2.95,No,Yes,21,No,Yes,No,No,No,No,No,Yes,Month-to-Month,No,Bank Withdrawal,4,No,11
Female,59,No,No,Yes,1,No,0,None,No,0,No,Yes,11,Yes,Yes,Yes,Yes,Yes,No,No,Yes,Two Year,No,Credit Card,4,No,21
Female,62,No,No,No,0,No,0,None,Yes,11.86,Yes,No,0,No,No,No,No,No,No,No,No,Month-to-Month,No,Bank Withdrawal,5,No,19
Male,24,No,Yes,Yes,3,Yes,8,None,Yes,48.3,Yes,Yes,73,No,Yes,Yes,Yes,Yes,Yes,Yes,Yes,Month-to-Month,Yes,Bank Withdrawal,3,No,35
Male,55,No,No,Yes,3,No,0,None,Yes,3.07,No,No,0,No,No,No,No,No,No,No,No,Month-to-Month,No,Credit Card,5,No,25
Female,53,No,No,No,0,No,0,None,Yes,16.72,Yes,No,0,No,No,No,No,No,No,No,No,Two Year,Yes,Bank Withdrawal,3,No,67
Male,56,No,Yes,Yes,2,Yes,4,None,Yes,27.88,Yes,Yes,30,Yes,Yes,Yes,No,Yes,Yes,Yes,No,Two Year,Yes,Credit Card,4,No,72
Male,57,No,No,No,0,No,0,None,Yes,3.18,No,No,0,No,No,No,No,No,No,No,No,Two Year,No,Credit Card,5,No,43
Female,51,No,Yes,Yes,2,Yes,5,None,Yes,20.1,Yes,Yes,19,Yes,Yes,No,No,No,No,No,Yes,Month-to-Month,Yes,Bank Withdrawal,3,No,55
Male,26,No,No,No,0,No,0,None,Yes,34.98,No,Yes,26,No,No,No,No,No,No,No,Yes,Month-to-Month,Yes,Credit Card,5,No,27
Female,40,No,No,No,0,No,0,None,Yes,26.13,No,Yes,28,No,No,No,No,No,No,No,Yes,Month-to-Month,Yes,Credit Card,4,No,13
Female,63,No,No,No,0,No,0,None,Yes,23.15,Yes,Yes,17,Yes,Yes,Yes,No,Yes,Yes,Yes,Yes,Two Year,Yes,Credit Card,4,No,70
Female,24,No,Yes,Yes,3,Yes,1,None,Yes,36.92,Yes,Yes,52,No,No,No,Yes,No,Yes,Yes,Yes,One Year,Yes,Bank Withdrawal,4,No,19
Female,50,No,No,No,0,No,0,None,Yes,24.73,Yes,Yes,25,Yes,No,No,No,Yes,No,No,No,Month-to-Month,Yes,Bank Withdrawal,3,No,20
Male,59,No,Yes,Yes,1,Yes,11,None,Yes,42.22,Yes,Yes,25,Yes,No,Yes,Yes,No,No,No,Yes,One Year,Yes,Credit Card,3,No,43
Male,33,No,Yes,Yes,1,Yes,1,None,Yes,15.01,No,Yes,19,Yes,No,Yes,No,No,Yes,Yes,Yes,Month-to-Month,Yes,Credit Card,4,No,5
Female,39,No,Yes,No,0,Yes,1,None,Yes,31.37,No,No,0,No,No,No,No,No,No,No,No,Two Year,No,Credit Card,3,No,40
Male,54,No,Yes,Yes,3,Yes,1,None,Yes,41.36,No,No,0,No,No,No,No,No,No,No,No,Two Year,Yes,Credit Card,5,No,6
Male,38,No,No,No,0,No,0,None,Yes,37.94,No,Yes,19,Yes,No,Yes,No,Yes,Yes,Yes,Yes,Two Year,Yes,Bank Withdrawal,4,No,39
Male,62,No,Yes,Yes,2,Yes,1,None,Yes,28.37,Yes,Yes,18,Yes,Yes,Yes,Yes,No,No,No,Yes,Two Year,No,Bank Withdrawal,3,No,72
Male,36,No,Yes,No,0,Yes,1,None,Yes,36.03,Yes,No,0,No,No,No,No,No,No,No,No,Two Year,No,Credit Card,5,No,72
Female,36,No,No,No,0,No,0,None,Yes,37,No,Yes,22,Yes,Yes,No,Yes,No,Yes,Yes,Yes,Two Year,No,Credit Card,4,No,3
Female,45,No,Yes,No,0,Yes,1,None,Yes,20.78,Yes,Yes,26,No,No,Yes,Yes,Yes,No,No,Yes,Month-to-Month,No,Bank Withdrawal,3,No,59
Female,24,No,No,No,0,No,0,None,Yes,22.07,No,Yes,41,Yes,No,No,No,No,No,No,Yes,Month-to-Month,Yes,Bank Withdrawal,4,No,4
Male,20,No,No,No,0,No,0,None,Yes,25.51,Yes,Yes,69,No,No,Yes,No,No,No,No,No,Month-to-Month,Yes,Bank Withdrawal,5,No,27
Male,49,No,No,No,0,No,0,None,Yes,27.04,No,No,0,No,No,No,No,No,No,No,No,Month-to-Month,Yes,Credit Card,4,No,4
Male,59,No,Yes,Yes,3,Yes,1,None,Yes,39.76,No,Yes,76,Yes,Yes,No,Yes,Yes,Yes,Yes,Yes,Month-to-Month,Yes,Credit Card,4,No,60
Female,26,No,Yes,Yes,1,Yes,1,None,Yes,42.67,No,No,0,No,No,No,No,No,No,No,No,Two Year,No,Credit Card,3,No,8
Male,54,No,Yes,Yes,3,Yes,1,Offer E,Yes,13.43,No,No,0,No,No,No,No,No,No,No,No,Two Year,No,Credit Card,5,No,8
Male,64,No,No,No,0,No,0,None,Yes,42.8,No,No,0,No,No,No,No,No,No,No,No,Two Year,Yes,Credit Card,3,No,35
Female,48,No,Yes,Yes,3,Yes,1,None,Yes,43.71,No,No,0,No,No,No,No,No,No,No,No,Two Year,No,Credit Card,5,No,53
Female,49,No,No,No,0,No,0,None,No,0,No,Yes,23,No,Yes,No,No,No,Yes,Yes,Yes,Two Year,Yes,Credit Card,4,No,15
Male,44,No,Yes,No,0,Yes,1,None,Yes,37.6,Yes,Yes,23,No,Yes,No,No,Yes,No,No,Yes,One Year,Yes,Bank Withdrawal,5,No,67
Male,37,No,No,Yes,1,No,0,Offer E,Yes,8.66,No,No,0,No,No,No,No,No,No,No,No,Month-to-Month,Yes,Credit Card,3,No,1
Male,27,No,No,No,0,No,0,Offer E,Yes,30.92,No,Yes,41,Yes,No,No,Yes,No,No,Yes,Yes,Month-to-Month,Yes,Credit Card,4,No,5
Male,42,No,No,No,0,No,0,None,Yes,16.35,No,No,0,No,No,No,No,No,No,No,No,One Year,Yes,Credit Card,3,No,13
Male,39,No,No,No,0,No,0,None,Yes,12.92,No,Yes,24,No,Yes,No,Yes,Yes,No,No,No,Month-to-Month,No,Credit Card,4,No,29
Female,33,No,Yes,Yes,4,Yes,1,None,Yes,18.47,No,Yes,30,No,No,No,No,Yes,No,No,Yes,Month-to-Month,No,Credit Card,4,No,18
Female,61,No,Yes,No,0,Yes,1,Offer E,Yes,27.41,No,Yes,23,No,No,Yes,No,Yes,Yes,Yes,Yes,Month-to-Month,No,Credit Card,4,No,2
Male,19,No,Yes,Yes,1,Yes,1,None,Yes,10.24,Yes,Yes,48,No,Yes,No,Yes,No,No,Yes,Yes,Month-to-Month,Yes,Bank Withdrawal,3,No,30
Male,37,No,No,Yes,2,No,0,None,Yes,32.12,Yes,Yes,17,Yes,Yes,No,Yes,No,No,No,Yes,Two Year,No,Bank Withdrawal,3,No,66
Male,32,No,Yes,Yes,2,Yes,1,None,Yes,25.84,Yes,Yes,19,No,No,Yes,Yes,Yes,No,No,No,Two Year,Yes,Bank Withdrawal,3,No,38
Male,41,No,Yes,Yes,3,Yes,1,None,Yes,37.68,No,Yes,24,No,Yes,Yes,Yes,No,No,No,Yes,Month-to-Month,Yes,Credit Card,4,No,44
Male,46,No,No,No,0,No,0,Offer E,Yes,17.03,No,No,0,No,No,No,No,No,No,No,No,Month-to-Month,No,Credit Card,5,No,2
Female,55,No,No,No,0,No,0,None,Yes,39.32,No,Yes,20,Yes,Yes,No,Yes,No,Yes,Yes,Yes,One Year,Yes,Credit Card,4,No,42
Female,56,No,Yes,Yes,2,Yes,1,None,Yes,29.5,Yes,No,0,No,No,No,No,No,No,No,No,Two Year,No,Credit Card,4,No,58
Male,38,No,Yes,Yes,1,Yes,1,None,Yes,47.69,No,Yes,24,No,Yes,No,No,Yes,Yes,Yes,Yes,Month-to-Month,Yes,Bank Withdrawal,5,No,58
Female,55,No,No,No,0,No,0,Offer A,Yes,49.52,Yes,Yes,19,Yes,Yes,Yes,Yes,Yes,Yes,Yes,Yes,Two Year,No,Credit Card,3,No,71
Female,35,No,Yes,No,0,Yes,1,Offer B,Yes,44.72,Yes,Yes,13,Yes,No,No,Yes,No,No,No,No,One Year,Yes,Bank Withdrawal,4,No,48
Female,23,No,Yes,No,0,Yes,1,Offer E,Yes,23.68,No,Yes,41,Yes,No,No,Yes,No,Yes,Yes,Yes,Two Year,No,Credit Card,3,No,8
Male,32,No,No,No,0,No,0,Offer A,Yes,15.32,No,No,0,No,No,No,No,No,No,No,No,Two Year,No,Bank Withdrawal,5,No,67
Male,39,No,No,No,0,No,0,Offer B,Yes,23.82,Yes,Yes,18,No,No,No,No,No,No,No,Yes,Month-to-Month,Yes,Bank Withdrawal,5,No,49
Female,60,No,Yes,No,0,No,0,Offer B,Yes,29.23,Yes,Yes,30,No,Yes,Yes,No,Yes,No,No,Yes,Month-to-Month,No,Bank Withdrawal,3,No,52
Female,20,No,Yes,No,0,Yes,7,Offer B,Yes,34.51,No,Yes,46,Yes,No,Yes,No,No,No,Yes,Yes,One Year,Yes,Credit Card,4,No,63
Female,50,No,Yes,Yes,1,Yes,4,Offer A,Yes,47.91,Yes,Yes,23,Yes,Yes,Yes,Yes,Yes,Yes,Yes,Yes,Two Year,Yes,Bank Withdrawal,3,No,68
Female,51,No,Yes,No,0,Yes,4,None,Yes,1.2,No,Yes,15,No,No,No,Yes,No,No,No,No,Month-to-Month,Yes,Credit Card,5,No,31
Female,41,No,Yes,No,0,Yes,8,Offer B,Yes,19.98,No,No,0,No,No,No,No,No,No,No,No,Two Year,No,Credit Card,3,No,64
Female,37,No,Yes,No,0,Yes,5,Offer B,Yes,44.95,No,Yes,5,Yes,No,Yes,Yes,Yes,Yes,Yes,Yes,One Year,Yes,Bank Withdrawal,4,No,62
Female,40,No,Yes,No,0,Yes,7,None,Yes,14.81,No,Yes,25,No,No,No,Yes,Yes,No,No,Yes,Month-to-Month,Yes,Bank Withdrawal,3,No,21
Female,64,No,Yes,Yes,3,Yes,1,Offer A,Yes,39.3,Yes,No,0,No,No,No,No,No,No,No,No,Two Year,No,Bank Withdrawal,3,No,72
Female,57,No,Yes,Yes,1,Yes,3,None,No,0,No,Yes,14,Yes,Yes,No,No,No,No,No,Yes,Month-to-Month,Yes,Bank Withdrawal,4,No,32
Female,47,No,No,Yes,3,No,0,None,Yes,32.94,No,Yes,21,Yes,Yes,Yes,No,Yes,Yes,Yes,No,Month-to-Month,Yes,Bank Withdrawal,4,No,34
Female,38,No,Yes,Yes,3,Yes,5,None,Yes,18.86,Yes,No,0,No,No,No,No,No,No,No,No,Two Year,No,Bank Withdrawal,4,No,35
Female,57,No,Yes,Yes,1,Yes,5,Offer E,Yes,23.72,No,Yes,17,No,No,No,No,Yes,No,No,Yes,Month-to-Month,Yes,Bank Withdrawal,4,No,3
Male,24,No,No,No,0,No,0,None,Yes,25.1,No,Yes,59,No,No,Yes,Yes,Yes,No,Yes,Yes,Month-to-Month,Yes,Credit Card,5,No,3
Male,37,No,No,No,0,No,0,Offer B,Yes,4.82,No,Yes,24,No,No,Yes,No,No,Yes,Yes,Yes,One Year,Yes,Bank Withdrawal,5,No,53
Female,40,No,Yes,No,0,Yes,2,Offer E,No,0,No,Yes,13,Yes,No,No,No,No,No,No,Yes,Month-to-Month,Yes,Bank Withdrawal,3,No,4
Female,53,No,Yes,Yes,2,Yes,2,Offer B,Yes,36.18,No,Yes,29,Yes,No,Yes,No,Yes,Yes,Yes,Yes,One Year,Yes,Bank Withdrawal,3,No,48
Male,41,No,Yes,Yes,1,No,0,Offer B,No,0,No,Yes,19,No,No,Yes,Yes,No,Yes,Yes,No,Two Year,No,Credit Card,4,No,54
Male,49,No,No,No,0,No,0,Offer B,Yes,48.72,No,Yes,2,No,Yes,Yes,Yes,Yes,Yes,Yes,Yes,Month-to-Month,Yes,Bank Withdrawal,5,No,62
Male,36,No,Yes,Yes,3,Yes,10,None,Yes,9.05,No,Yes,57,No,Yes,Yes,No,Yes,Yes,Yes,Yes,One Year,Yes,Credit Card,4,No,22
Female,37,No,No,No,0,No,0,Offer C,Yes,22.64,Yes,Yes,18,No,Yes,Yes,No,Yes,No,No,Yes,One Year,Yes,Credit Card,5,No,30
Male,50,No,Yes,No,0,Yes,6,Offer C,Yes,45.97,Yes,Yes,13,No,Yes,No,Yes,Yes,No,No,Yes,One Year,Yes,Bank Withdrawal,3,No,35
Male,61,No,No,Yes,1,No,0,Offer C,No,0,No,Yes,17,No,No,No,No,Yes,Yes,Yes,Yes,Month-to-Month,Yes,Bank Withdrawal,4,No,30
Female,36,No,Yes,Yes,3,Yes,3,Offer C,Yes,2.82,No,No,0,No,No,No,No,No,No,No,No,Two Year,Yes,Credit Card,4,No,25
Female,21,No,Yes,No,0,Yes,6,Offer E,Yes,16.06,No,Yes,59,Yes,Yes,No,No,No,No,Yes,Yes,Month-to-Month,Yes,Credit Card,4,No,1
Male,36,No,No,Yes,2,No,0,Offer A,Yes,26.67,Yes,Yes,17,Yes,Yes,Yes,Yes,Yes,Yes,Yes,Yes,Two Year,Yes,Bank Withdrawal,4,No,70
Female,32,No,Yes,Yes,3,Yes,9,Offer B,Yes,26.67,No,No,0,No,No,No,No,No,No,No,No,Two Year,Yes,Bank Withdrawal,5,No,57
Male,35,No,No,No,0,No,0,Offer E,Yes,11.5,Yes,Yes,14,No,No,No,No,Yes,No,No,Yes,Month-to-Month,Yes,Bank Withdrawal,5,No,9
Female,45,No,Yes,Yes,1,Yes,5,Offer A,Yes,46.45,Yes,Yes,26,No,Yes,Yes,Yes,Yes,Yes,Yes,No,One Year,Yes,Bank Withdrawal,4,No,69
Female,57,No,Yes,No,0,Yes,7,Offer A,Yes,2.56,Yes,Yes,24,No,No,Yes,No,Yes,Yes,Yes,Yes,Two Year,Yes,Bank Withdrawal,4,No,72
Male,48,No,No,Yes,2,No,0,Offer B,Yes,14.37,No,No,0,No,No,No,No,No,No,No,No,Two Year,No,Bank Withdrawal,3,No,44
Female,24,No,Yes,No,0,Yes,8,Offer A,Yes,16.15,Yes,Yes,52,Yes,Yes,No,No,No,No,Yes,Yes,Two Year,Yes,Bank Withdrawal,4,No,72
Male,44,No,No,No,0,No,0,Offer B,Yes,35.32,Yes,Yes,15,No,No,Yes,No,No,Yes,Yes,Yes,Month-to-Month,No,Credit Card,5,No,54
Male,48,No,No,Yes,1,No,0,Offer C,Yes,32.28,No,No,0,No,No,No,No,No,No,No,No,Two Year,No,Credit Card,3,No,27
Male,36,No,No,No,0,No,0,Offer B,Yes,7.64,Yes,Yes,3,No,Yes,No,No,No,No,No,Yes,Month-to-Month,Yes,Bank Withdrawal,4,No,54
Male,41,No,No,No,0,No,0,None,Yes,34.8,No,Yes,5,No,Yes,No,No,No,No,No,No,Month-to-Month,No,Credit Card,5,No,3
Female,41,No,Yes,No,0,Yes,3,Offer B,Yes,37.14,Yes,Yes,4,Yes,Yes,Yes,No,No,Yes,Yes,Yes,One Year,No,Bank Withdrawal,4,No,53
Male,36,No,Yes,No,0,Yes,5,None,Yes,14.27,No,No,0,No,No,No,No,No,No,No,No,One Year,No,Credit Card,4,No,15
Male,42,No,Yes,Yes,2,Yes,7,None,Yes,17.37,Yes,Yes,15,Yes,Yes,No,Yes,No,No,No,Yes,Month-to-Month,No,Credit Card,3,No,5
Male,20,No,Yes,Yes,1,Yes,1,Offer B,Yes,38.3,No,Yes,85,No,Yes,Yes,No,No,No,Yes,Yes,One Year,Yes,Credit Card,4,No,48
Female,41,No,No,Yes,3,No,0,Offer C,Yes,12.87,No,No,0,No,No,No,No,No,No,No,No,Month-to-Month,No,Credit Card,5,No,25
Male,54,No,No,No,0,No,0,Offer B,Yes,32.67,No,Yes,14,Yes,Yes,No,No,Yes,Yes,Yes,Yes,One Year,No,Bank Withdrawal,3,No,58
Male,23,No,No,No,0,No,0,None,Yes,30.3,No,Yes,73,No,No,No,No,No,Yes,Yes,No,Month-to-Month,Yes,Bank Withdrawal,5,No,10
Male,27,No,Yes,No,0,Yes,1,Offer A,Yes,3.86,Yes,Yes,85,No,Yes,No,Yes,Yes,Yes,Yes,Yes,Two Year,Yes,Credit Card,4,No,71
Female,33,No,Yes,Yes,2,Yes,1,Offer B,Yes,45.21,Yes,Yes,19,No,Yes,Yes,Yes,Yes,Yes,Yes,Yes,Two Year,Yes,Credit Card,3,No,65
Female,62,No,No,No,0,No,0,Offer C,No,0,No,Yes,2,No,No,Yes,Yes,No,No,No,Yes,Month-to-Month,Yes,Mailed Check,4,No,28
Female,46,No,Yes,Yes,1,Yes,1,Offer A,Yes,14.83,Yes,Yes,24,No,No,Yes,Yes,No,Yes,Yes,Yes,Two Year,Yes,Bank Withdrawal,3,No,67
Male,60,No,No,No,0,No,0,Offer C,Yes,49.61,No,Yes,26,Yes,No,No,Yes,No,Yes,Yes,Yes,One Year,Yes,Bank Withdrawal,4,No,35
Female,28,No,Yes,Yes,3,Yes,1,Offer A,No,0,No,Yes,59,Yes,Yes,Yes,Yes,No,Yes,Yes,Yes,Two Year,No,Credit Card,4,No,72
Female,25,No,Yes,Yes,1,Yes,1,Offer B,No,0,No,Yes,59,Yes,Yes,No,Yes,No,Yes,Yes,No,One Year,Yes,Bank Withdrawal,4,No,61
Male,49,No,No,No,0,No,0,None,Yes,16.32,No,No,0,No,No,No,No,No,No,No,No,Month-to-Month,Yes,Credit Card,3,No,3
Female,26,No,No,Yes,2,No,0,Offer B,No,0,No,Yes,48,No,Yes,Yes,No,No,Yes,Yes,Yes,Month-to-Month,No,Credit Card,3,No,48
Male,36,No,Yes,Yes,1,Yes,10,Offer A,Yes,34.62,Yes,Yes,18,No,Yes,No,No,Yes,Yes,Yes,Yes,One Year,Yes,Credit Card,4,No,68
Female,32,No,No,No,0,No,0,Offer B,Yes,2.45,No,Yes,13,Yes,No,Yes,Yes,Yes,Yes,Yes,Yes,One Year,Yes,Bank Withdrawal,4,No,47
Male,48,No,Yes,Yes,3,Yes,2,Offer C,No,0,No,Yes,53,No,No,Yes,Yes,No,No,No,Yes,One Year,Yes,Mailed Check,5,No,32
Female,54,No,Yes,Yes,3,Yes,3,None,Yes,47.06,No,Yes,52,Yes,No,No,No,No,No,No,No,Month-to-Month,Yes,Mailed Check,4,No,5
Male,19,No,No,No,0,No,0,Offer B,Yes,6.26,No,No,0,No,No,No,No,No,No,No,No,Two Year,Yes,Credit Card,3,No,49
Male,53,No,No,No,0,No,0,None,Yes,16.13,No,No,0,No,No,No,No,No,No,No,No,Month-to-Month,Yes,Mailed Check,5,No,15
Female,50,No,No,No,0,No,0,None,Yes,31.22,No,Yes,12,No,No,No,No,No,No,No,Yes,Month-to-Month,Yes,Bank Withdrawal,4,No,12
Male,25,No,No,No,0,No,0,None,Yes,46.34,No,Yes,59,No,No,No,Yes,Yes,No,No,Yes,Month-to-Month,No,Bank Withdrawal,5,No,9
Female,45,No,Yes,Yes,1,Yes,7,None,Yes,5.58,No,No,0,No,No,No,No,No,No,No,No,Two Year,Yes,Bank Withdrawal,3,No,13
Female,63,No,No,No,0,No,0,Offer C,Yes,30.09,No,Yes,18,No,No,No,No,Yes,Yes,Yes,No,One Year,Yes,Mailed Check,4,No,38
Male,32,No,Yes,Yes,3,Yes,8,Offer E,Yes,23.42,Yes,Yes,30,No,Yes,Yes,No,Yes,Yes,Yes,Yes,Month-to-Month,Yes,Credit Card,5,No,9
Female,51,No,Yes,No,0,Yes,1,Offer B,No,0,No,Yes,21,No,Yes,No,Yes,Yes,Yes,Yes,Yes,One Year,Yes,Credit Card,5,No,49
Male,40,No,No,Yes,3,No,0,Offer B,No,0,No,Yes,76,Yes,Yes,No,No,Yes,No,No,Yes,One Year,Yes,Bank Withdrawal,3,No,50
Female,34,No,Yes,No,0,Yes,1,Offer B,Yes,47.72,Yes,Yes,23,No,No,Yes,No,Yes,Yes,Yes,No,One Year,Yes,Bank Withdrawal,5,No,51
Female,23,No,Yes,Yes,3,No,0,Offer C,Yes,46.54,Yes,Yes,85,Yes,Yes,Yes,No,No,No,No,Yes,Two Year,No,Bank Withdrawal,4,No,24
Female,22,No,Yes,No,0,Yes,1,Offer B,Yes,6.41,No,Yes,59,Yes,Yes,Yes,No,Yes,No,No,Yes,Two Year,Yes,Credit Card,4,No,62
Male,21,No,No,No,0,No,0,Offer C,Yes,3.72,No,Yes,59,No,Yes,No,No,No,No,No,Yes,Month-to-Month,Yes,Mailed Check,3,No,24
Female,50,No,Yes,Yes,2,Yes,6,Offer A,Yes,4.11,Yes,Yes,16,Yes,Yes,Yes,Yes,Yes,No,No,Yes,Two Year,No,Bank Withdrawal,4,No,70
Male,64,No,No,Yes,2,No,0,Offer E,No,0,No,Yes,17,No,No,No,No,No,No,No,Yes,Month-to-Month,No,Mailed Check,5,No,1
Female,36,No,No,No,0,No,0,Offer E,Yes,37.37,No,Yes,16,No,Yes,No,Yes,Yes,No,No,Yes,Month-to-Month,Yes,Bank Withdrawal,5,No,8
Female,61,No,Yes,Yes,3,Yes,8,Offer A,Yes,17.21,No,Yes,53,Yes,Yes,Yes,Yes,No,Yes,Yes,No,Two Year,Yes,Bank Withdrawal,4,No,72
Female,23,No,No,No,0,No,0,None,Yes,19.96,No,Yes,76,No,Yes,Yes,Yes,No,No,No,Yes,Month-to-Month,No,Bank Withdrawal,3,No,23
Male,20,No,No,Yes,3,No,0,Offer C,No,0,No,Yes,51,No,No,No,No,No,No,No,Yes,Month-to-Month,No,Credit Card,4,No,31
Male,23,No,Yes,Yes,2,Yes,7,Offer C,No,0,No,Yes,52,Yes,No,Yes,Yes,No,No,No,Yes,One Year,Yes,Bank Withdrawal,4,No,37
Female,60,No,Yes,Yes,1,Yes,6,None,Yes,27.49,Yes,Yes,21,No,Yes,No,Yes,Yes,No,No,Yes,Month-to-Month,Yes,Credit Card,4,No,23
Female,21,No,Yes,Yes,3,Yes,7,None,Yes,15.29,Yes,Yes,59,Yes,No,No,No,Yes,Yes,Yes,No,One Year,No,Bank Withdrawal,4,No,20
Male,24,No,Yes,No,0,Yes,3,Offer C,Yes,41.33,No,Yes,41,Yes,No,No,No,Yes,Yes,Yes,Yes,Month-to-Month,Yes,Bank Withdrawal,4,No,36
Male,22,No,Yes,Yes,1,Yes,1,Offer A,Yes,28.34,Yes,Yes,59,No,Yes,No,No,Yes,Yes,Yes,Yes,One Year,No,Bank Withdrawal,5,No,71
Female,59,No,Yes,Yes,1,Yes,9,Offer B,Yes,28.03,Yes,No,0,No,No,No,No,No,No,No,No,One Year,Yes,Bank Withdrawal,4,No,43
Male,55,No,No,Yes,2,No,0,Offer B,Yes,9.36,Yes,Yes,20,Yes,Yes,Yes,Yes,Yes,Yes,Yes,Yes,Two Year,No,Mailed Check,4,No,57
Female,26,No,Yes,No,0,No,0,Offer C,Yes,39.67,No,Yes,59,No,Yes,No,No,No,No,No,Yes,Month-to-Month,Yes,Bank Withdrawal,3,No,27
Female,22,No,No,No,0,No,0,None,Yes,44.99,No,Yes,27,No,No,No,No,No,Yes,Yes,Yes,Month-to-Month,Yes,Bank Withdrawal,4,No,13
Female,28,No,No,No,0,No,0,None,Yes,23.12,No,No,0,No,No,No,No,No,No,No,No,One Year,No,Bank Withdrawal,5,No,67
Female,61,No,Yes,No,0,Yes,8,Offer B,Yes,49.26,Yes,Yes,18,No,Yes,No,Yes,Yes,Yes,Yes,Yes,Two Year,Yes,Bank Withdrawal,3,No,64
Male,25,No,No,No,0,No,0,Offer C,No,0,No,Yes,47,No,No,Yes,Yes,No,No,No,Yes,Month-to-Month,No,Bank Withdrawal,5,No,26
Male,47,No,No,No,0,No,0,Offer C,Yes,6.71,Yes,Yes,11,No,Yes,Yes,No,No,Yes,Yes,Yes,Month-to-Month,Yes,Credit Card,3,No,38
Male,60,No,Yes,No,0,Yes,3,None,Yes,36.14,No,No,0,No,No,No,No,No,No,No,No,One Year,No,Credit Card,5,No,23
Female,46,No,Yes,No,0,Yes,1,Offer B,Yes,4.7,Yes,Yes,28,Yes,Yes,No,Yes,Yes,Yes,Yes,Yes,Two Year,Yes,Bank Withdrawal,4,No,62
Female,54,No,No,No,0,No,0,Offer B,Yes,2.83,Yes,Yes,22,No,Yes,Yes,No,Yes,No,No,Yes,Month-to-Month,Yes,Bank Withdrawal,3,No,40
Male,35,No,No,No,0,No,0,Offer B,Yes,41.85,Yes,Yes,16,No,Yes,No,No,Yes,No,No,Yes,Month-to-Month,Yes,Bank Withdrawal,5,No,41
Female,37,No,No,No,0,No,0,None,Yes,44.98,No,Yes,27,No,Yes,No,No,No,No,No,Yes,Month-to-Month,No,Bank Withdrawal,3,No,1
Female,25,No,No,No,0,No,0,Offer B,Yes,19.23,No,No,0,No,No,No,No,No,No,No,No,Two Year,No,Bank Withdrawal,3,No,51
Female,30,No,No,No,0,No,0,Offer C,Yes,1.57,No,No,0,No,No,No,No,No,No,No,No,Two Year,No,Mailed Check,3,No,39
Male,39,No,Yes,Yes,1,Yes,2,None,Yes,25.33,No,No,0,No,No,No,No,No,No,No,No,Month-to-Month,Yes,Bank Withdrawal,3,No,12
Male,45,No,No,No,0,No,0,None,Yes,33.93,Yes,Yes,18,No,Yes,Yes,No,Yes,Yes,Yes,Yes,One Year,Yes,Bank Withdrawal,5,No,72
Male,53,No,Yes,No,0,Yes,2,Offer B,Yes,21.39,Yes,Yes,10,Yes,No,Yes,No,No,No,No,Yes,Month-to-Month,Yes,Credit Card,4,No,44
Female,51,No,No,No,0,No,0,None,Yes,7.42,Yes,Yes,12,No,No,Yes,Yes,No,Yes,Yes,Yes,Month-to-Month,Yes,Bank Withdrawal,4,No,18
Male,64,No,No,No,0,No,0,None,Yes,40.99,No,Yes,21,No,Yes,No,Yes,Yes,Yes,Yes,Yes,Month-to-Month,No,Mailed Check,4,No,13
Female,23,No,Yes,No,0,Yes,2,None,Yes,8.62,No,Yes,53,No,Yes,No,Yes,Yes,No,No,Yes,Two Year,No,Bank Withdrawal,5,No,68
Female,57,No,No,No,0,No,0,Offer E,Yes,6.85,No,No,0,No,No,No,No,No,No,No,No,Month-to-Month,Yes,Mailed Check,3,No,2
Male,63,No,No,No,0,No,0,None,Yes,35.04,No,Yes,2,No,No,No,No,No,No,No,Yes,Month-to-Month,Yes,Credit Card,3,No,38
Male,57,No,No,No,0,No,0,None,Yes,29.55,No,Yes,13,No,No,No,No,Yes,No,No,Yes,Month-to-Month,Yes,Bank Withdrawal,3,No,19
Female,62,No,No,No,0,No,0,None,No,0,No,Yes,24,No,Yes,Yes,Yes,Yes,Yes,Yes,Yes,One Year,No,Bank Withdrawal,3,No,12
Female,30,No,No,No,0,No,0,None,Yes,22.77,No,No,0,No,No,No,No,No,No,No,No,Two Year,Yes,Bank Withdrawal,5,No,72
Male,38,No,Yes,Yes,2,Yes,1,Offer C,Yes,36.05,Yes,Yes,24,Yes,No,Yes,Yes,Yes,Yes,Yes,Yes,One Year,Yes,Mailed Check,3,No,24
Female,30,No,Yes,Yes,2,Yes,4,None,Yes,29.66,Yes,Yes,59,No,Yes,Yes,No,Yes,Yes,Yes,Yes,One Year,Yes,Credit Card,4,No,72
Female,32,No,Yes,Yes,2,Yes,1,None,No,0,No,Yes,17,Yes,No,No,No,No,No,No,Yes,Month-to-Month,Yes,Bank Withdrawal,4,No,11
Male,44,No,No,No,0,No,0,None,Yes,30.96,No,Yes,11,Yes,No,Yes,Yes,Yes,Yes,Yes,Yes,Two Year,Yes,Bank Withdrawal,4,No,66
